,Order_ID,Customer_Segment,Category,Sales,Profit,Region
0,1,Home Office,Technology,1933,783,North
1,2,Consumer,Office Supplies,1414,522,South
2,3,Home Office,Office Supplies,3593,29,South
3,4,Home Office,Furniture,3238,498,North
4,5,Consumer,Office Supplies,3212,941,South
5,6,Consumer,Office Supplies,198,139,South
6,7,Home Office,Technology,4025,847,South
7,8,Corporate,Office Supplies,1579,779,North
8,9,Home Office,Technology,4496,652,East
9,10,Home Office,Office Supplies,1322,16,East
10,11,Home Office,Office Supplies,4683,861,South
11,12,Home Office,Office Supplies,1104,762,East
12,13,Consumer,Furniture,576,713,South
13,14,Home Office,Technology,1235,946,East
14,15,Corporate,Furniture,2956,319,East
15,16,Consumer,Office Supplies,1805,818,West
16,17,Corporate,Furniture,617,636,South
17,18,Corporate,Technology,1320,910,East
18,19,Corporate,Office Supplies,2606,482,East
19,20,Corporate,Furniture,4425,111,West
20,21,Consumer,Furniture,1291,347,East
21,22,Consumer,Technology,3980,328,West
22,23,Corporate,Furniture,3343,522,East
23,24,Corporate,Technology,2077,34,West
24,25,Consumer,Office Supplies,2342,730,West
25,26,Consumer,Office Supplies,3190,439,North
26,27,Consumer,Furniture,1987,152,South
27,28,Home Office,Office Supplies,4659,718,North
28,29,Home Office,Office Supplies,1073,666,South
29,30,Home Office,Furniture,165,158,East
30,31,Corporate,Office Supplies,3006,702,South
31,32,Home Office,Furniture,670,64,North
32,33,Corporate,Technology,3992,480,South
33,34,Corporate,Technology,407,372,North
34,35,Home Office,Technology,3508,659,South
35,36,Corporate,Furniture,3842,218,East
36,37,Home Office,Furniture,882,194,East
37,38,Home Office,Office Supplies,4316,74,South
38,39,Consumer,Office Supplies,865,558,South
39,40,Home Office,Office Supplies,3575,121,East
40,41,Consumer,Office Supplies,872,272,South
41,42,Home Office,Office Supplies,3957,85,West
42,43,Home Office,Furniture,3285,305,East
43,44,Consumer,Furniture,639,187,East
44,45,Consumer,Technology,2149,775,North
45,46,Home Office,Technology,3383,10,North
46,47,Corporate,Technology,4775,157,West
47,48,Consumer,Technology,1763,885,South
48,49,Corporate,Furniture,1147,680,West
49,50,Corporate,Furniture,3936,845,South
50,51,Corporate,Furniture,3539,995,North
51,52,Consumer,Office Supplies,605,789,South
52,53,Corporate,Office Supplies,3347,671,North
53,54,Consumer,Technology,3600,138,East
54,55,Corporate,Office Supplies,2010,647,East
55,56,Home Office,Furniture,832,522,South
56,57,Home Office,Technology,3613,908,North
57,58,Consumer,Technology,1671,638,West
58,59,Home Office,Office Supplies,4709,981,North
59,60,Home Office,Technology,3042,511,North
60,61,Corporate,Office Supplies,4556,158,North
61,62,Consumer,Office Supplies,2421,278,East
62,63,Corporate,Technology,3435,710,North
63,64,Corporate,Office Supplies,4722,662,South
64,65,Corporate,Office Supplies,4474,114,East
65,66,Corporate,Office Supplies,2853,475,East
66,67,Corporate,Office Supplies,1472,773,East
67,68,Corporate,Technology,1544,938,North
68,69,Corporate,Furniture,3476,911,West
69,70,Consumer,Furniture,389,290,North
70,71,Home Office,Office Supplies,2165,416,North
71,72,Corporate,Office Supplies,163,865,West
72,73,Corporate,Office Supplies,4045,622,North
73,74,Corporate,Furniture,429,803,South
74,75,Corporate,Office Supplies,4958,909,West
75,76,Corporate,Technology,2063,367,South
76,77,Corporate,Technology,3188,684,South
77,78,Home Office,Technology,2590,212,East
78,79,Home Office,Furniture,240,621,East
79,80,Corporate,Office Supplies,4639,290,West
80,81,Home Office,Office Supplies,2573,925,North
81,82,Consumer,Office Supplies,4003,266,South
82,83,Corporate,Furniture,549,103,North
83,84,Consumer,Furniture,1925,333,South
84,85,Consumer,Furniture,4546,800,East
85,86,Corporate,Furniture,4794,748,East
86,87,Home Office,Technology,4906,371,East
87,88,Consumer,Furniture,969,671,West
88,89,Corporate,Furniture,3664,360,South
89,90,Consumer,Furniture,3759,71,North
90,91,Consumer,Office Supplies,3702,650,South
91,92,Consumer,Office Supplies,492,196,North
92,93,Consumer,Office Supplies,941,589,North
93,94,Home Office,Technology,2548,924,North
94,95,Consumer,Technology,2891,551,South
95,96,Consumer,Furniture,3053,906,East
96,97,Consumer,Office Supplies,1458,313,West
97,98,Home Office,Technology,1090,796,West
98,99,Consumer,Office Supplies,1138,648,East
99,100,Consumer,Technology,127,445,West
100,101,Home Office,Technology,487,222,North
101,102,Home Office,Furniture,932,415,West
102,103,Home Office,Furniture,349,827,South
103,104,Consumer,Technology,2127,971,East
104,105,Home Office,Furniture,1628,143,East
105,106,Home Office,Technology,4293,969,East
106,107,Consumer,Technology,1938,926,East
107,108,Home Office,Office Supplies,1460,924,South
108,109,Consumer,Furniture,3209,228,North
109,110,Corporate,Furniture,1423,430,North
110,111,Home Office,Furniture,2326,328,North
111,112,Corporate,Office Supplies,3780,166,West
112,113,Consumer,Office Supplies,991,197,North
113,114,Home Office,Office Supplies,1405,485,West
114,115,Consumer,Furniture,4648,171,South
115,116,Corporate,Furniture,4292,138,West
116,117,Consumer,Furniture,361,313,North
117,118,Home Office,Office Supplies,2440,98,East
118,119,Home Office,Office Supplies,1893,904,South
119,120,Corporate,Technology,2396,926,North
120,121,Consumer,Office Supplies,2392,171,North
121,122,Home Office,Technology,2270,931,North
122,123,Corporate,Furniture,424,45,South
123,124,Home Office,Office Supplies,1085,236,East
124,125,Home Office,Furniture,4882,160,East
125,126,Consumer,Furniture,3952,602,East
126,127,Home Office,Furniture,1839,56,North
127,128,Consumer,Furniture,1960,725,West
128,129,Home Office,Office Supplies,3237,949,North
129,130,Corporate,Furniture,3998,669,East
130,131,Home Office,Technology,935,240,South
131,132,Consumer,Office Supplies,4254,548,West
132,133,Consumer,Furniture,2878,710,West
133,134,Corporate,Office Supplies,1496,174,North
134,135,Home Office,Technology,1776,733,South
135,136,Home Office,Furniture,4431,829,West
136,137,Corporate,Technology,4413,596,East
137,138,Home Office,Furniture,1937,613,North
138,139,Home Office,Technology,3821,583,North
139,140,Consumer,Furniture,3772,75,East
140,141,Home Office,Office Supplies,3122,929,East
141,142,Home Office,Furniture,4784,89,East
142,143,Corporate,Office Supplies,1771,149,West
143,144,Corporate,Furniture,1016,409,South
144,145,Consumer,Furniture,1017,941,West
145,146,Home Office,Technology,1233,139,South
146,147,Home Office,Technology,1936,994,North
147,148,Home Office,Technology,2238,775,South
148,149,Consumer,Furniture,4107,455,East
149,150,Consumer,Furniture,2005,841,West
150,151,Corporate,Furniture,4089,38,East
151,152,Consumer,Office Supplies,3585,997,North
152,153,Home Office,Office Supplies,4897,211,West
153,154,Home Office,Furniture,2220,246,West
154,155,Consumer,Technology,2832,608,East
155,156,Home Office,Technology,2869,617,West
156,157,Home Office,Technology,1421,808,East
157,158,Consumer,Furniture,3816,348,South
158,159,Consumer,Technology,3454,408,North
159,160,Home Office,Furniture,1628,448,East
160,161,Home Office,Office Supplies,4843,298,North
161,162,Home Office,Technology,859,261,West
162,163,Corporate,Office Supplies,3512,986,North
163,164,Corporate,Technology,1457,701,North
164,165,Corporate,Furniture,2290,109,North
165,166,Consumer,Furniture,3581,925,West
166,167,Corporate,Furniture,1048,594,South
167,168,Consumer,Furniture,2179,431,South
168,169,Consumer,Technology,1866,652,South
169,170,Corporate,Office Supplies,127,703,East
170,171,Corporate,Furniture,2570,715,East
171,172,Corporate,Technology,2638,27,West
172,173,Home Office,Office Supplies,259,480,South
173,174,Corporate,Furniture,2992,647,North
174,175,Home Office,Office Supplies,4213,732,South
175,176,Consumer,Furniture,3822,16,East
176,177,Home Office,Office Supplies,3831,428,West
177,178,Corporate,Office Supplies,2571,389,South
178,179,Consumer,Furniture,4950,517,East
179,180,Consumer,Technology,1670,123,East
180,181,Consumer,Office Supplies,936,861,North
181,182,Home Office,Furniture,4038,520,South
182,183,Corporate,Office Supplies,2386,605,North
183,184,Consumer,Office Supplies,3505,860,South
184,185,Consumer,Technology,2770,882,West
185,186,Consumer,Office Supplies,4212,985,South
186,187,Home Office,Office Supplies,4847,623,North
187,188,Home Office,Furniture,4455,478,North
188,189,Corporate,Furniture,1727,102,East
189,190,Home Office,Technology,1966,501,South
190,191,Consumer,Office Supplies,304,837,South
191,192,Corporate,Office Supplies,3679,111,West
192,193,Consumer,Office Supplies,3274,502,East
193,194,Consumer,Technology,891,772,North
194,195,Home Office,Office Supplies,4192,545,South
195,196,Corporate,Furniture,3847,494,East
196,197,Home Office,Technology,1205,998,West
197,198,Home Office,Furniture,1190,488,East
198,199,Corporate,Furniture,1707,886,South
199,200,Consumer,Technology,1939,176,South
200,201,Consumer,Furniture,3497,149,West
201,202,Corporate,Office Supplies,166,103,West
202,203,Consumer,Technology,4879,190,West
203,204,Corporate,Furniture,1378,585,North
204,205,Corporate,Office Supplies,4258,13,East
205,206,Home Office,Office Supplies,913,615,East
206,207,Corporate,Furniture,502,398,East
207,208,Home Office,Office Supplies,2102,281,North
208,209,Consumer,Technology,4266,804,East
209,210,Consumer,Furniture,3025,141,West
210,211,Consumer,Office Supplies,3093,593,East
211,212,Consumer,Office Supplies,1186,825,North
212,213,Home Office,Furniture,4440,913,North
213,214,Consumer,Furniture,2666,602,East
214,215,Corporate,Furniture,4588,521,North
215,216,Corporate,Furniture,871,695,North
216,217,Corporate,Technology,3772,821,East
217,218,Home Office,Furniture,3348,972,North
218,219,Consumer,Technology,1769,996,North
219,220,Consumer,Technology,1656,61,East
220,221,Consumer,Furniture,3058,299,West
221,222,Home Office,Technology,1251,455,West
222,223,Corporate,Furniture,1317,246,North
223,224,Corporate,Furniture,2331,798,South
224,225,Consumer,Office Supplies,4442,500,South
225,226,Corporate,Furniture,4044,289,East
226,227,Corporate,Office Supplies,2142,53,East
227,228,Home Office,Technology,805,891,West
228,229,Home Office,Office Supplies,2769,775,South
229,230,Home Office,Technology,2213,946,East
230,231,Home Office,Furniture,3077,934,South
231,232,Consumer,Technology,4449,368,South
232,233,Home Office,Technology,4478,655,North
233,234,Corporate,Furniture,522,577,North
234,235,Consumer,Technology,2121,535,South
235,236,Corporate,Furniture,3893,699,West
236,237,Corporate,Office Supplies,4231,471,East
237,238,Corporate,Furniture,630,110,East
238,239,Home Office,Furniture,190,701,West
239,240,Home Office,Technology,3472,993,North
240,241,Consumer,Office Supplies,2042,470,North
241,242,Consumer,Furniture,3905,778,West
242,243,Home Office,Office Supplies,1340,277,West
243,244,Corporate,Office Supplies,1858,892,North
244,245,Consumer,Technology,197,371,South
245,246,Home Office,Furniture,1579,417,North
246,247,Home Office,Technology,4726,46,South
247,248,Home Office,Furniture,1932,477,East
248,249,Corporate,Office Supplies,2685,975,East
249,250,Home Office,Furniture,3747,725,South
250,251,Home Office,Furniture,179,990,South
251,252,Home Office,Office Supplies,4809,268,North
252,253,Home Office,Office Supplies,2323,518,West
253,254,Consumer,Furniture,2669,676,South
254,255,Consumer,Technology,1872,759,East
255,256,Home Office,Furniture,4618,318,North
256,257,Corporate,Office Supplies,1223,621,East
257,258,Consumer,Technology,3911,282,North
258,259,Home Office,Office Supplies,3574,634,West
259,260,Consumer,Office Supplies,2723,119,West
260,261,Consumer,Technology,1503,664,East
261,262,Corporate,Office Supplies,2678,688,South
262,263,Home Office,Office Supplies,431,269,South
263,264,Home Office,Office Supplies,4848,666,East
264,265,Corporate,Office Supplies,3708,751,South
265,266,Corporate,Office Supplies,839,916,South
266,267,Home Office,Office Supplies,4706,277,East
267,268,Home Office,Office Supplies,141,41,East
268,269,Corporate,Office Supplies,3978,932,West
269,270,Consumer,Office Supplies,2049,949,East
270,271,Consumer,Furniture,3560,820,West
271,272,Corporate,Furniture,2228,740,West
272,273,Consumer,Office Supplies,4597,186,North
273,274,Corporate,Furniture,2254,113,South
274,275,Consumer,Technology,1337,245,East
275,276,Consumer,Furniture,1866,102,South
276,277,Home Office,Office Supplies,1941,210,North
277,278,Home Office,Office Supplies,605,820,East
278,279,Consumer,Furniture,1941,908,East
279,280,Consumer,Office Supplies,4915,752,North
280,281,Home Office,Technology,1494,934,South
281,282,Home Office,Technology,356,776,West
282,283,Home Office,Office Supplies,1820,606,North
283,284,Corporate,Technology,1171,44,North
284,285,Consumer,Technology,1722,126,East
285,286,Home Office,Furniture,2166,697,West
286,287,Consumer,Technology,1169,467,North
287,288,Corporate,Furniture,550,480,South
288,289,Corporate,Office Supplies,997,944,North
289,290,Home Office,Furniture,4936,994,South
290,291,Corporate,Office Supplies,3828,929,East
291,292,Consumer,Office Supplies,181,797,North
292,293,Home Office,Office Supplies,836,408,South
293,294,Consumer,Office Supplies,4274,606,East
294,295,Consumer,Office Supplies,4044,126,East
295,296,Corporate,Furniture,2307,371,East
296,297,Corporate,Office Supplies,4048,213,North
297,298,Corporate,Technology,2102,155,East
298,299,Corporate,Technology,1791,453,East
299,300,Corporate,Office Supplies,1279,736,South
300,301,Home Office,Technology,3035,626,East
301,302,Consumer,Furniture,2615,870,North
302,303,Consumer,Furniture,561,306,West
303,304,Consumer,Office Supplies,3001,877,East
304,305,Consumer,Office Supplies,216,590,North
305,306,Corporate,Office Supplies,1754,496,East
306,307,Consumer,Technology,4661,995,North
307,308,Home Office,Technology,1898,776,East
308,309,Home Office,Furniture,759,240,South
309,310,Consumer,Technology,3337,212,West
310,311,Consumer,Furniture,2222,371,West
311,312,Home Office,Technology,3919,404,North
312,313,Home Office,Furniture,3443,257,North
313,314,Corporate,Office Supplies,2650,449,West
314,315,Home Office,Technology,4990,923,South
315,316,Corporate,Furniture,1686,405,South
316,317,Corporate,Technology,4782,770,East
317,318,Corporate,Office Supplies,2847,665,South
318,319,Corporate,Furniture,734,804,West
319,320,Corporate,Technology,2982,365,West
320,321,Consumer,Technology,2911,410,South
321,322,Home Office,Office Supplies,4553,250,South
322,323,Corporate,Office Supplies,4115,350,West
323,324,Home Office,Furniture,2839,896,West
324,325,Home Office,Technology,1984,238,West
325,326,Corporate,Technology,1618,552,West
326,327,Consumer,Office Supplies,721,630,West
327,328,Corporate,Office Supplies,4677,940,South
328,329,Consumer,Furniture,1637,548,South
329,330,Home Office,Technology,2437,864,East
330,331,Consumer,Technology,2094,681,East
331,332,Consumer,Furniture,2170,538,North
332,333,Consumer,Furniture,2465,276,East
333,334,Home Office,Office Supplies,2945,138,South
334,335,Home Office,Office Supplies,3138,229,East
335,336,Consumer,Furniture,954,91,East
336,337,Consumer,Furniture,2828,570,South
337,338,Corporate,Technology,1015,562,West
338,339,Consumer,Furniture,231,29,South
339,340,Corporate,Furniture,1216,336,South
340,341,Consumer,Technology,3693,46,North
341,342,Corporate,Furniture,960,391,North
342,343,Home Office,Office Supplies,393,921,North
343,344,Consumer,Office Supplies,2788,48,West
344,345,Consumer,Technology,1099,118,East
345,346,Consumer,Furniture,2396,438,North
346,347,Consumer,Office Supplies,3785,73,South
347,348,Corporate,Office Supplies,386,184,North
348,349,Consumer,Office Supplies,549,800,South
349,350,Home Office,Office Supplies,2438,41,West
350,351,Home Office,Furniture,3340,954,North
351,352,Consumer,Furniture,2803,730,South
352,353,Home Office,Furniture,3216,900,East
353,354,Consumer,Furniture,4671,540,West
354,355,Consumer,Office Supplies,352,115,South
355,356,Home Office,Technology,1519,491,East
356,357,Consumer,Technology,2436,215,East
357,358,Home Office,Office Supplies,1335,256,South
358,359,Corporate,Office Supplies,1099,844,North
359,360,Consumer,Technology,3860,688,East
360,361,Corporate,Technology,4216,98,West
361,362,Home Office,Office Supplies,4511,325,East
362,363,Corporate,Office Supplies,2711,20,North
363,364,Corporate,Furniture,1546,58,West
364,365,Home Office,Furniture,2270,920,West
365,366,Corporate,Technology,3021,905,West
366,367,Corporate,Office Supplies,3783,988,South
367,368,Home Office,Technology,2361,582,East
368,369,Corporate,Furniture,2045,180,North
369,370,Home Office,Furniture,1953,152,South
370,371,Corporate,Technology,699,216,South
371,372,Home Office,Furniture,4987,472,West
372,373,Home Office,Office Supplies,4235,518,South
373,374,Corporate,Technology,3503,210,East
374,375,Corporate,Office Supplies,3090,14,South
375,376,Corporate,Office Supplies,4843,220,South
376,377,Consumer,Furniture,4377,993,West
377,378,Consumer,Office Supplies,4460,38,West
378,379,Consumer,Technology,2918,199,South
379,380,Home Office,Office Supplies,962,197,West
380,381,Corporate,Office Supplies,4627,846,North
381,382,Home Office,Office Supplies,4155,776,North
382,383,Consumer,Office Supplies,1319,159,North
383,384,Corporate,Office Supplies,3895,534,South
384,385,Home Office,Furniture,4704,955,East
385,386,Corporate,Technology,4642,893,East
386,387,Home Office,Furniture,627,952,West
387,388,Corporate,Technology,3022,375,East
388,389,Consumer,Technology,3304,166,East
389,390,Consumer,Technology,1262,89,South
390,391,Corporate,Technology,4864,877,West
391,392,Home Office,Technology,3664,282,East
392,393,Consumer,Office Supplies,946,669,North
393,394,Consumer,Furniture,2217,727,West
394,395,Consumer,Furniture,3186,635,West
395,396,Corporate,Office Supplies,1870,527,West
396,397,Corporate,Technology,3383,799,North
397,398,Home Office,Furniture,1925,241,East
398,399,Home Office,Office Supplies,3423,658,North
399,400,Home Office,Office Supplies,545,169,West
400,401,Corporate,Furniture,1125,353,West
401,402,Corporate,Furniture,1871,298,South
402,403,Home Office,Technology,1459,214,South
403,404,Home Office,Technology,118,847,South
404,405,Corporate,Furniture,660,314,South
405,406,Home Office,Technology,571,369,West
406,407,Consumer,Office Supplies,127,679,North
407,408,Corporate,Technology,659,879,South
408,409,Home Office,Technology,2755,409,North
409,410,Corporate,Office Supplies,3336,458,South
410,411,Consumer,Technology,4653,115,East
411,412,Corporate,Office Supplies,1044,91,South
412,413,Corporate,Technology,4048,351,North
413,414,Corporate,Furniture,3756,995,South
414,415,Corporate,Technology,3163,791,East
415,416,Consumer,Furniture,2079,961,North
416,417,Corporate,Furniture,2816,430,North
417,418,Corporate,Furniture,915,58,North
418,419,Home Office,Furniture,2426,215,West
419,420,Corporate,Furniture,2430,227,North
420,421,Home Office,Office Supplies,1102,827,West
421,422,Consumer,Office Supplies,1642,685,East
422,423,Consumer,Office Supplies,4304,445,North
423,424,Consumer,Furniture,1329,800,North
424,425,Consumer,Technology,3405,331,North
425,426,Home Office,Office Supplies,2629,240,East
426,427,Corporate,Technology,1530,720,West
427,428,Consumer,Technology,4012,496,South
428,429,Corporate,Furniture,1632,438,East
429,430,Home Office,Furniture,1992,892,East
430,431,Home Office,Furniture,3224,735,East
431,432,Home Office,Office Supplies,1521,293,West
432,433,Consumer,Furniture,490,495,West
433,434,Corporate,Office Supplies,2918,285,West
434,435,Corporate,Office Supplies,1969,442,West
435,436,Corporate,Office Supplies,3060,194,West
436,437,Home Office,Office Supplies,1295,731,North
437,438,Consumer,Furniture,2705,642,South
438,439,Home Office,Office Supplies,957,225,South
439,440,Home Office,Furniture,3327,106,West
440,441,Corporate,Furniture,1616,964,West
441,442,Home Office,Office Supplies,1253,128,North
442,443,Corporate,Furniture,942,374,West
443,444,Consumer,Technology,1782,803,North
444,445,Corporate,Furniture,394,412,North
445,446,Consumer,Furniture,744,627,East
446,447,Corporate,Office Supplies,3733,406,East
447,448,Home Office,Office Supplies,2235,467,West
448,449,Home Office,Furniture,210,327,North
449,450,Consumer,Office Supplies,683,391,West
450,451,Consumer,Technology,3325,151,East
451,452,Consumer,Technology,1586,466,East
452,453,Corporate,Office Supplies,4964,510,East
453,454,Corporate,Furniture,1748,916,East
454,455,Consumer,Technology,2481,332,East
455,456,Home Office,Technology,205,277,West
456,457,Corporate,Furniture,3653,812,West
457,458,Corporate,Office Supplies,1794,496,East
458,459,Corporate,Technology,1833,887,West
459,460,Consumer,Furniture,481,688,East
460,461,Consumer,Furniture,2836,169,East
461,462,Consumer,Technology,4456,752,East
462,463,Consumer,Office Supplies,1416,23,West
463,464,Consumer,Technology,2802,714,West
464,465,Home Office,Furniture,4174,164,North
465,466,Home Office,Technology,4904,110,West
466,467,Consumer,Office Supplies,1006,581,West
467,468,Corporate,Furniture,762,52,South
468,469,Consumer,Office Supplies,562,202,East
469,470,Home Office,Technology,3002,320,East
470,471,Home Office,Technology,4780,630,West
471,472,Corporate,Office Supplies,1042,614,West
472,473,Home Office,Technology,257,737,North
473,474,Consumer,Office Supplies,3409,474,South
474,475,Corporate,Technology,1426,172,East
475,476,Consumer,Office Supplies,2817,360,East
476,477,Consumer,Office Supplies,2768,243,West
477,478,Corporate,Furniture,2668,937,West
478,479,Consumer,Furniture,3492,412,South
479,480,Home Office,Office Supplies,2206,360,East
480,481,Consumer,Technology,4899,176,South
481,482,Corporate,Technology,747,157,East
482,483,Corporate,Technology,3422,37,West
483,484,Corporate,Office Supplies,3038,268,South
484,485,Consumer,Office Supplies,2583,937,North
485,486,Corporate,Office Supplies,4341,607,West
486,487,Corporate,Office Supplies,3006,629,North
487,488,Consumer,Furniture,3125,451,North
488,489,Home Office,Office Supplies,1475,959,North
489,490,Consumer,Technology,1923,947,East
490,491,Corporate,Furniture,344,638,North
491,492,Corporate,Technology,2448,885,East
492,493,Consumer,Office Supplies,967,536,South
493,494,Home Office,Furniture,2961,220,West
494,495,Corporate,Office Supplies,579,839,East
495,496,Corporate,Furniture,2562,552,East
496,497,Corporate,Technology,2035,454,South
497,498,Consumer,Office Supplies,3473,803,South
498,499,Corporate,Office Supplies,3121,462,West
499,500,Home Office,Furniture,3292,706,South
500,501,Corporate,Furniture,187,413,East
501,502,Corporate,Office Supplies,1340,75,West
502,503,Home Office,Furniture,672,414,West
503,504,Corporate,Office Supplies,913,892,West
504,505,Consumer,Furniture,278,837,North
505,506,Consumer,Technology,1825,584,North
506,507,Consumer,Furniture,262,444,East
507,508,Home Office,Technology,2740,237,North
508,509,Corporate,Furniture,1105,485,South
509,510,Consumer,Furniture,2448,477,West
510,511,Home Office,Office Supplies,2521,110,East
511,512,Corporate,Furniture,2855,432,South
512,513,Home Office,Furniture,4398,365,West
513,514,Consumer,Technology,4242,148,South
514,515,Consumer,Furniture,4658,640,North
515,516,Consumer,Office Supplies,3841,578,South
516,517,Home Office,Technology,4603,140,North
517,518,Home Office,Office Supplies,1317,558,South
518,519,Consumer,Office Supplies,2574,477,East
519,520,Home Office,Office Supplies,1029,489,North
520,521,Consumer,Office Supplies,416,120,North
521,522,Consumer,Technology,1602,162,West
522,523,Corporate,Furniture,520,926,North
523,524,Home Office,Office Supplies,4458,771,West
524,525,Consumer,Technology,1549,251,North
525,526,Consumer,Office Supplies,527,729,North
526,527,Home Office,Furniture,496,889,North
527,528,Corporate,Technology,895,691,North
528,529,Corporate,Technology,206,778,West
529,530,Consumer,Furniture,4149,288,East
530,531,Home Office,Technology,197,372,South
531,532,Corporate,Furniture,2003,634,North
532,533,Home Office,Technology,3670,417,North
533,534,Home Office,Technology,3401,184,East
534,535,Consumer,Furniture,142,610,West
535,536,Corporate,Furniture,1677,144,South
536,537,Consumer,Technology,4290,515,East
537,538,Corporate,Technology,4383,303,East
538,539,Corporate,Furniture,484,504,East
539,540,Corporate,Furniture,3571,824,East
540,541,Corporate,Technology,3677,880,North
541,542,Corporate,Technology,3338,428,South
542,543,Home Office,Technology,1796,215,North
543,544,Consumer,Furniture,2234,327,East
544,545,Home Office,Technology,3992,82,South
545,546,Corporate,Office Supplies,2636,268,East
546,547,Consumer,Furniture,4421,367,West
547,548,Corporate,Technology,2492,157,East
548,549,Consumer,Furniture,4713,234,East
549,550,Home Office,Office Supplies,3915,114,West
550,551,Consumer,Furniture,395,565,North
551,552,Consumer,Technology,513,937,South
552,553,Consumer,Office Supplies,2095,365,East
553,554,Consumer,Office Supplies,103,547,East
554,555,Consumer,Technology,277,825,West
555,556,Corporate,Technology,845,270,South
556,557,Consumer,Technology,4454,580,West
557,558,Consumer,Furniture,751,582,East
558,559,Home Office,Furniture,3989,826,North
559,560,Consumer,Furniture,3371,935,North
560,561,Home Office,Technology,2582,922,South
561,562,Corporate,Technology,389,79,East
562,563,Consumer,Furniture,902,963,West
563,564,Home Office,Office Supplies,2630,456,East
564,565,Home Office,Furniture,333,966,West
565,566,Corporate,Office Supplies,507,456,West
566,567,Consumer,Technology,793,792,South
567,568,Consumer,Technology,1269,266,West
568,569,Home Office,Furniture,4757,918,South
569,570,Consumer,Furniture,2577,953,North
570,571,Home Office,Technology,531,905,South
571,572,Consumer,Furniture,2644,939,South
572,573,Home Office,Technology,1082,646,South
573,574,Consumer,Technology,3260,935,North
574,575,Corporate,Office Supplies,3144,540,South
575,576,Consumer,Furniture,4024,128,West
576,577,Consumer,Technology,3412,841,West
577,578,Corporate,Furniture,4973,75,South
578,579,Consumer,Office Supplies,4418,254,West
579,580,Corporate,Office Supplies,1788,66,South
580,581,Consumer,Furniture,567,53,North
581,582,Home Office,Furniture,2716,533,West
582,583,Home Office,Technology,1445,899,South
583,584,Consumer,Office Supplies,2522,433,East
584,585,Consumer,Office Supplies,4607,757,North
585,586,Consumer,Office Supplies,4821,545,East
586,587,Home Office,Furniture,1111,404,South
587,588,Consumer,Technology,1777,459,West
588,589,Home Office,Furniture,3797,266,South
589,590,Corporate,Furniture,4997,963,West
590,591,Home Office,Furniture,4166,805,South
591,592,Home Office,Technology,1992,845,South
592,593,Corporate,Furniture,2969,370,West
593,594,Home Office,Office Supplies,4450,772,West
594,595,Consumer,Office Supplies,1586,615,South
595,596,Consumer,Office Supplies,3439,389,East
596,597,Home Office,Technology,1516,452,North
597,598,Consumer,Furniture,4957,976,East
598,599,Home Office,Technology,2946,901,East
599,600,Consumer,Furniture,1457,543,East
600,601,Consumer,Office Supplies,4160,483,East
601,602,Home Office,Furniture,4760,166,West
602,603,Consumer,Furniture,1491,98,East
603,604,Home Office,Furniture,1678,211,North
604,605,Consumer,Technology,3849,989,West
605,606,Consumer,Furniture,3725,471,East
606,607,Corporate,Furniture,2603,490,West
607,608,Corporate,Furniture,3237,718,East
608,609,Home Office,Technology,3009,566,East
609,610,Corporate,Technology,2764,463,North
610,611,Home Office,Technology,499,479,West
611,612,Corporate,Furniture,4482,389,West
612,613,Consumer,Office Supplies,4057,410,South
613,614,Home Office,Office Supplies,2333,88,East
614,615,Home Office,Office Supplies,1639,560,East
615,616,Consumer,Furniture,336,945,North
616,617,Home Office,Office Supplies,1027,805,North
617,618,Home Office,Office Supplies,4609,395,West
618,619,Corporate,Office Supplies,519,987,North
619,620,Home Office,Furniture,4224,676,West
620,621,Consumer,Office Supplies,2495,670,East
621,622,Corporate,Office Supplies,760,352,East
622,623,Corporate,Furniture,2723,912,West
623,624,Consumer,Technology,4050,454,North
624,625,Consumer,Office Supplies,549,61,North
625,626,Corporate,Technology,479,260,West
626,627,Home Office,Office Supplies,1350,953,East
627,628,Corporate,Furniture,2559,903,West
628,629,Consumer,Technology,3098,668,North
629,630,Corporate,Technology,4551,338,West
630,631,Consumer,Technology,2401,917,East
631,632,Corporate,Technology,826,503,South
632,633,Home Office,Office Supplies,1567,359,West
633,634,Corporate,Office Supplies,2828,976,South
634,635,Corporate,Technology,3252,779,West
635,636,Consumer,Office Supplies,3620,794,North
636,637,Consumer,Technology,3454,468,North
637,638,Consumer,Technology,515,507,South
638,639,Corporate,Furniture,699,134,West
639,640,Home Office,Technology,3174,213,North
640,641,Consumer,Office Supplies,4274,777,South
641,642,Consumer,Technology,1667,652,South
642,643,Corporate,Furniture,1194,30,West
643,644,Consumer,Office Supplies,3043,599,North
644,645,Home Office,Furniture,4253,856,South
645,646,Home Office,Furniture,1547,572,East
646,647,Consumer,Technology,1592,371,East
647,648,Consumer,Furniture,2771,370,North
648,649,Corporate,Furniture,1558,787,North
649,650,Home Office,Office Supplies,1308,125,East
650,651,Home Office,Furniture,2312,64,South
651,652,Consumer,Technology,1454,301,West
652,653,Corporate,Technology,312,60,South
653,654,Home Office,Technology,3994,851,North
654,655,Home Office,Furniture,4702,794,North
655,656,Corporate,Office Supplies,3063,263,West
656,657,Corporate,Technology,2948,501,South
657,658,Home Office,Furniture,3142,994,West
658,659,Home Office,Technology,3134,582,South
659,660,Corporate,Technology,1832,868,South
660,661,Home Office,Office Supplies,3181,980,East
661,662,Consumer,Technology,1370,918,South
662,663,Consumer,Office Supplies,4968,970,North
663,664,Corporate,Furniture,1629,872,North
664,665,Corporate,Technology,1181,234,North
665,666,Corporate,Furniture,3631,478,East
666,667,Consumer,Furniture,1251,857,West
667,668,Home Office,Furniture,1822,112,North
668,669,Consumer,Technology,816,992,North
669,670,Home Office,Office Supplies,4299,979,West
670,671,Consumer,Technology,2290,57,East
671,672,Home Office,Furniture,304,746,South
672,673,Consumer,Office Supplies,3929,351,West
673,674,Corporate,Furniture,3209,242,South
674,675,Consumer,Office Supplies,4194,591,South
675,676,Home Office,Technology,1432,568,South
676,677,Consumer,Office Supplies,2148,237,West
677,678,Consumer,Technology,1949,531,West
678,679,Consumer,Furniture,4942,706,South
679,680,Corporate,Office Supplies,1337,601,East
680,681,Consumer,Furniture,2118,22,East
681,682,Corporate,Office Supplies,617,508,East
682,683,Corporate,Technology,1538,454,North
683,684,Consumer,Office Supplies,4186,835,South
684,685,Consumer,Office Supplies,2152,349,North
685,686,Consumer,Technology,4468,333,East
686,687,Home Office,Technology,4617,605,West
687,688,Consumer,Technology,2412,607,East
688,689,Corporate,Office Supplies,2359,166,North
689,690,Consumer,Furniture,3249,665,North
690,691,Home Office,Office Supplies,881,584,East
691,692,Consumer,Office Supplies,2813,440,South
692,693,Home Office,Furniture,1344,564,West
693,694,Home Office,Technology,2516,416,West
694,695,Consumer,Office Supplies,1075,167,East
695,696,Corporate,Furniture,3591,194,South
696,697,Home Office,Technology,3525,807,South
697,698,Consumer,Technology,516,500,East
698,699,Consumer,Office Supplies,314,844,West
699,700,Corporate,Technology,4078,961,West
700,701,Home Office,Technology,1235,545,West
701,702,Home Office,Furniture,3875,366,South
702,703,Consumer,Furniture,1682,726,East
703,704,Consumer,Technology,4623,371,South
704,705,Corporate,Furniture,832,233,West
705,706,Corporate,Technology,2846,622,South
706,707,Home Office,Office Supplies,2363,213,West
707,708,Home Office,Furniture,4608,17,East
708,709,Consumer,Technology,3904,481,West
709,710,Home Office,Technology,2527,181,North
710,711,Corporate,Furniture,331,729,North
711,712,Corporate,Furniture,4453,105,East
712,713,Consumer,Office Supplies,502,683,South
713,714,Corporate,Technology,4965,812,South
714,715,Corporate,Office Supplies,164,617,South
715,716,Corporate,Office Supplies,2337,315,West
716,717,Corporate,Office Supplies,1049,666,North
717,718,Consumer,Furniture,272,267,East
718,719,Consumer,Office Supplies,2775,483,South
719,720,Home Office,Furniture,1350,959,South
720,721,Corporate,Furniture,3148,309,East
721,722,Home Office,Office Supplies,4105,474,West
722,723,Consumer,Office Supplies,737,623,South
723,724,Consumer,Technology,1048,698,West
724,725,Consumer,Office Supplies,2360,907,West
725,726,Consumer,Technology,1794,337,West
726,727,Consumer,Office Supplies,4947,119,South
727,728,Consumer,Office Supplies,4857,719,South
728,729,Consumer,Office Supplies,242,914,East
729,730,Corporate,Office Supplies,4681,138,East
730,731,Home Office,Technology,1560,974,West
731,732,Consumer,Technology,3987,880,South
732,733,Corporate,Office Supplies,392,146,West
733,734,Corporate,Office Supplies,1743,919,East
734,735,Home Office,Technology,2818,548,West
735,736,Consumer,Furniture,937,658,North
736,737,Home Office,Furniture,1137,173,West
737,738,Consumer,Furniture,371,358,South
738,739,Corporate,Technology,2058,989,West
739,740,Corporate,Technology,2469,472,West
740,741,Corporate,Furniture,905,877,South
741,742,Corporate,Furniture,3274,652,North
742,743,Home Office,Office Supplies,982,513,South
743,744,Consumer,Technology,931,894,East
744,745,Consumer,Technology,3271,160,North
745,746,Home Office,Furniture,2291,899,North
746,747,Consumer,Furniture,2140,255,South
747,748,Corporate,Technology,1694,119,West
748,749,Consumer,Office Supplies,1726,594,East
749,750,Corporate,Furniture,3684,807,East
750,751,Home Office,Technology,373,284,North
751,752,Consumer,Technology,689,879,East
752,753,Home Office,Office Supplies,2800,76,North
753,754,Consumer,Office Supplies,682,59,North
754,755,Corporate,Furniture,3733,825,East
755,756,Home Office,Furniture,2090,524,North
756,757,Consumer,Furniture,1358,235,West
757,758,Corporate,Technology,2966,587,North
758,759,Home Office,Furniture,3838,515,West
759,760,Home Office,Technology,671,164,West
760,761,Consumer,Furniture,644,992,West
761,762,Consumer,Office Supplies,4322,883,East
762,763,Consumer,Office Supplies,4928,489,West
763,764,Corporate,Technology,4612,120,East
764,765,Consumer,Office Supplies,737,492,South
765,766,Home Office,Technology,140,817,West
766,767,Home Office,Technology,4982,902,North
767,768,Consumer,Office Supplies,4492,777,South
768,769,Consumer,Technology,1720,283,South
769,770,Home Office,Office Supplies,3772,164,West
770,771,Corporate,Furniture,4237,660,East
771,772,Consumer,Furniture,4228,176,South
772,773,Consumer,Office Supplies,1399,28,West
773,774,Home Office,Office Supplies,4811,354,South
774,775,Consumer,Office Supplies,259,912,South
775,776,Corporate,Office Supplies,2052,744,West
776,777,Home Office,Furniture,1831,578,North
777,778,Consumer,Technology,2546,907,North
778,779,Home Office,Technology,3262,303,North
779,780,Consumer,Furniture,1832,654,South
780,781,Consumer,Technology,680,471,East
781,782,Consumer,Furniture,319,347,East
782,783,Corporate,Technology,4574,813,South
783,784,Corporate,Office Supplies,1849,461,South
784,785,Home Office,Office Supplies,1570,353,West
785,786,Consumer,Office Supplies,4428,726,East
786,787,Consumer,Furniture,1494,640,South
787,788,Corporate,Furniture,1021,774,North
788,789,Consumer,Technology,2873,94,East
789,790,Corporate,Technology,4562,706,South
790,791,Consumer,Technology,4676,746,West
791,792,Home Office,Furniture,3534,669,West
792,793,Consumer,Technology,3682,398,East
793,794,Consumer,Office Supplies,1218,801,North
794,795,Corporate,Technology,1965,236,East
795,796,Consumer,Office Supplies,4411,295,South
796,797,Consumer,Furniture,824,293,North
797,798,Corporate,Office Supplies,811,702,South
798,799,Home Office,Office Supplies,1925,956,North
799,800,Home Office,Office Supplies,4026,118,North
800,801,Corporate,Furniture,490,144,South
801,802,Corporate,Furniture,1170,947,East
802,803,Corporate,Furniture,4587,300,West
803,804,Corporate,Furniture,2865,896,North
804,805,Corporate,Technology,4580,999,North
805,806,Home Office,Furniture,2528,811,West
806,807,Home Office,Office Supplies,4594,624,East
807,808,Corporate,Furniture,2247,722,West
808,809,Consumer,Technology,3672,517,East
809,810,Corporate,Technology,4578,638,North
810,811,Consumer,Technology,2854,853,North
811,812,Corporate,Office Supplies,3363,831,South
812,813,Corporate,Furniture,3925,38,East
813,814,Home Office,Furniture,3516,403,West
814,815,Consumer,Furniture,2157,36,East
815,816,Consumer,Office Supplies,2411,476,East
816,817,Home Office,Office Supplies,2979,22,East
817,818,Home Office,Technology,3742,563,East
818,819,Home Office,Technology,2709,942,West
819,820,Home Office,Furniture,1530,454,South
820,821,Consumer,Office Supplies,2013,233,North
821,822,Consumer,Office Supplies,857,472,West
822,823,Corporate,Furniture,2234,30,West
823,824,Corporate,Furniture,2012,396,North
824,825,Home Office,Technology,1839,657,South
825,826,Home Office,Technology,3317,335,West
826,827,Home Office,Technology,4856,742,North
827,828,Corporate,Furniture,1234,476,South
828,829,Corporate,Furniture,3812,666,South
829,830,Corporate,Technology,864,531,East
830,831,Corporate,Technology,2825,234,West
831,832,Corporate,Office Supplies,3468,662,South
832,833,Corporate,Office Supplies,3597,484,West
833,834,Corporate,Technology,1772,627,North
834,835,Home Office,Technology,3505,789,West
835,836,Home Office,Office Supplies,682,715,South
836,837,Home Office,Technology,4866,467,North
837,838,Home Office,Office Supplies,4733,649,North
838,839,Corporate,Office Supplies,1921,222,East
839,840,Consumer,Office Supplies,1285,672,North
840,841,Corporate,Furniture,4625,970,South
841,842,Consumer,Furniture,1737,490,East
842,843,Home Office,Technology,2280,905,South
843,844,Corporate,Office Supplies,288,189,South
844,845,Home Office,Furniture,1846,838,East
845,846,Corporate,Technology,3926,547,East
846,847,Home Office,Technology,2720,536,West
847,848,Consumer,Technology,4045,31,South
848,849,Consumer,Technology,2426,354,West
849,850,Consumer,Technology,1284,586,North
850,851,Corporate,Office Supplies,2893,772,North
851,852,Consumer,Technology,3046,931,West
852,853,Corporate,Office Supplies,2600,30,East
853,854,Consumer,Furniture,269,754,North
854,855,Consumer,Technology,2845,417,East
855,856,Corporate,Furniture,1180,496,West
856,857,Corporate,Office Supplies,1363,537,East
857,858,Consumer,Office Supplies,4964,425,South
858,859,Corporate,Furniture,4553,281,North
859,860,Consumer,Technology,2348,214,East
860,861,Corporate,Technology,4008,307,East
861,862,Home Office,Furniture,1425,681,South
862,863,Home Office,Furniture,3277,955,East
863,864,Home Office,Furniture,3973,562,West
864,865,Home Office,Technology,2248,117,West
865,866,Home Office,Technology,1788,646,West
866,867,Consumer,Technology,3085,161,North
867,868,Home Office,Furniture,2176,22,East
868,869,Home Office,Technology,1629,724,North
869,870,Home Office,Office Supplies,1561,88,North
870,871,Home Office,Furniture,1502,915,East
871,872,Corporate,Technology,172,563,East
872,873,Consumer,Furniture,4449,178,West
873,874,Home Office,Office Supplies,4134,258,North
874,875,Home Office,Office Supplies,4711,130,North
875,876,Home Office,Furniture,2896,396,East
876,877,Consumer,Furniture,4616,448,North
877,878,Corporate,Office Supplies,2593,281,South
878,879,Consumer,Furniture,4331,309,East
879,880,Corporate,Office Supplies,3676,730,West
880,881,Home Office,Office Supplies,132,482,South
881,882,Home Office,Technology,2794,167,South
882,883,Consumer,Furniture,4473,642,West
883,884,Consumer,Furniture,4945,236,South
884,885,Corporate,Technology,3698,430,South
885,886,Corporate,Office Supplies,2492,965,South
886,887,Consumer,Furniture,4212,982,North
887,888,Corporate,Technology,2971,33,South
888,889,Consumer,Technology,2777,751,South
889,890,Corporate,Furniture,1501,547,East
890,891,Consumer,Technology,917,579,West
891,892,Consumer,Office Supplies,1760,786,North
892,893,Consumer,Technology,4662,647,North
893,894,Corporate,Office Supplies,4823,966,West
894,895,Corporate,Office Supplies,2538,796,North
895,896,Corporate,Furniture,3083,549,North
896,897,Consumer,Technology,1310,912,North
897,898,Corporate,Office Supplies,699,822,East
898,899,Corporate,Office Supplies,1946,991,East
899,900,Consumer,Technology,1955,137,North
900,901,Home Office,Office Supplies,1987,103,West
901,902,Consumer,Technology,779,712,West
902,903,Corporate,Furniture,3352,430,East
903,904,Consumer,Office Supplies,1935,281,East
904,905,Home Office,Office Supplies,4130,493,South
905,906,Consumer,Technology,2277,14,East
906,907,Corporate,Technology,248,166,North
907,908,Home Office,Technology,1595,61,East
908,909,Corporate,Technology,1844,252,South
909,910,Home Office,Office Supplies,1746,672,South
910,911,Home Office,Furniture,3095,783,West
911,912,Consumer,Furniture,1772,429,West
912,913,Consumer,Furniture,2039,962,North
913,914,Corporate,Furniture,757,938,East
914,915,Consumer,Technology,3767,826,South
915,916,Consumer,Office Supplies,1153,434,South
916,917,Home Office,Office Supplies,4171,89,West
917,918,Consumer,Office Supplies,676,704,West
918,919,Home Office,Technology,3195,363,East
919,920,Home Office,Office Supplies,3131,628,South
920,921,Home Office,Technology,4918,675,West
921,922,Corporate,Office Supplies,4879,302,East
922,923,Corporate,Furniture,4937,726,East
923,924,Corporate,Technology,3072,125,East
924,925,Home Office,Office Supplies,4048,538,West
925,926,Corporate,Furniture,2145,489,West
926,927,Corporate,Furniture,4036,297,West
927,928,Consumer,Furniture,3048,677,North
928,929,Corporate,Technology,1727,486,North
929,930,Corporate,Technology,1588,34,North
930,931,Home Office,Office Supplies,4245,440,West
931,932,Home Office,Furniture,4298,287,West
932,933,Home Office,Office Supplies,4563,996,North
933,934,Home Office,Office Supplies,1035,326,South
934,935,Home Office,Furniture,3663,647,South
935,936,Home Office,Office Supplies,3729,821,South
936,937,Corporate,Technology,1814,367,South
937,938,Home Office,Office Supplies,1902,285,North
938,939,Home Office,Furniture,1520,886,East
939,940,Consumer,Technology,3691,699,East
940,941,Corporate,Technology,3620,353,South
941,942,Corporate,Office Supplies,3411,440,West
942,943,Corporate,Office Supplies,2405,568,South
943,944,Home Office,Technology,2095,721,South
944,945,Home Office,Office Supplies,2067,572,East
945,946,Home Office,Furniture,3814,448,West
946,947,Consumer,Office Supplies,4135,471,East
947,948,Home Office,Office Supplies,4585,816,West
948,949,Consumer,Technology,4968,279,North
949,950,Corporate,Office Supplies,3558,718,East
950,951,Home Office,Office Supplies,493,440,North
951,952,Consumer,Office Supplies,4878,30,North
952,953,Consumer,Furniture,3830,152,South
953,954,Home Office,Office Supplies,4465,769,West
954,955,Corporate,Furniture,4344,877,East
955,956,Corporate,Furniture,127,362,South
956,957,Corporate,Furniture,3591,474,East
957,958,Consumer,Furniture,4361,477,North
958,959,Consumer,Technology,1273,522,East
959,960,Consumer,Furniture,438,473,East
960,961,Consumer,Office Supplies,1168,886,South
961,962,Corporate,Furniture,941,859,West
962,963,Home Office,Office Supplies,4384,403,East
963,964,Consumer,Furniture,4846,928,North
964,965,Consumer,Technology,393,795,North
965,966,Corporate,Furniture,1957,762,South
966,967,Home Office,Furniture,1422,67,North
967,968,Home Office,Technology,1747,135,East
968,969,Corporate,Furniture,4998,850,West
969,970,Corporate,Office Supplies,3720,887,East
970,971,Home Office,Furniture,4626,999,South
971,972,Consumer,Furniture,3194,470,North
972,973,Home Office,Furniture,3591,61,East
973,974,Corporate,Technology,3595,744,East
974,975,Consumer,Furniture,4682,823,North
975,976,Consumer,Furniture,3901,884,West
976,977,Corporate,Office Supplies,188,278,West
977,978,Corporate,Furniture,4466,105,West
978,979,Corporate,Furniture,2056,282,North
979,980,Home Office,Furniture,999,332,East
980,981,Home Office,Furniture,3577,582,South
981,982,Consumer,Office Supplies,1844,842,East
982,983,Corporate,Office Supplies,4473,702,North
983,984,Consumer,Technology,2353,142,North
984,985,Consumer,Furniture,3761,937,East
985,986,Consumer,Technology,3060,98,North
986,987,Consumer,Technology,1733,694,East
987,988,Corporate,Furniture,961,833,East
988,989,Consumer,Office Supplies,4801,14,West
989,990,Corporate,Office Supplies,1113,366,North
990,991,Corporate,Furniture,3399,352,North
991,992,Home Office,Furniture,1606,213,West
992,993,Corporate,Office Supplies,3305,683,West
993,994,Home Office,Furniture,4903,582,West
994,995,Corporate,Furniture,1077,480,South
995,996,Corporate,Furniture,3561,473,North
996,997,Corporate,Office Supplies,1917,506,East
997,998,Home Office,Technology,3784,711,East
998,999,Home Office,Technology,4158,846,East
999,1000,Consumer,Furniture,2734,72,North
1000,1001,Home Office,Office Supplies,4915,565,South
1001,1002,Home Office,Furniture,3766,248,North
1002,1003,Home Office,Office Supplies,1048,549,North
1003,1004,Home Office,Furniture,573,207,North
1004,1005,Consumer,Office Supplies,667,790,North
1005,1006,Home Office,Office Supplies,3532,692,North
1006,1007,Corporate,Technology,4123,39,South
1007,1008,Corporate,Furniture,2358,675,West
1008,1009,Home Office,Technology,3244,218,East
1009,1010,Home Office,Technology,4410,72,North
1010,1011,Corporate,Office Supplies,2082,850,North
1011,1012,Corporate,Furniture,1196,66,North
1012,1013,Consumer,Office Supplies,3670,841,East
1013,1014,Corporate,Office Supplies,3490,729,South
1014,1015,Corporate,Office Supplies,2772,442,East
1015,1016,Home Office,Furniture,3746,317,South
1016,1017,Corporate,Furniture,2519,584,West
1017,1018,Consumer,Office Supplies,4379,769,North
1018,1019,Corporate,Furniture,3448,475,South
1019,1020,Home Office,Office Supplies,773,662,East
1020,1021,Home Office,Furniture,2902,614,South
1021,1022,Corporate,Furniture,2469,116,South
1022,1023,Home Office,Technology,4630,886,West
1023,1024,Consumer,Office Supplies,1166,609,North
1024,1025,Consumer,Technology,787,310,North
1025,1026,Corporate,Technology,168,629,East
1026,1027,Corporate,Office Supplies,2203,55,East
1027,1028,Corporate,Office Supplies,519,86,West
1028,1029,Home Office,Furniture,4098,738,South
1029,1030,Consumer,Office Supplies,2697,178,South
1030,1031,Consumer,Technology,4438,823,East
1031,1032,Home Office,Technology,2224,138,North
1032,1033,Consumer,Office Supplies,3992,722,South
1033,1034,Corporate,Technology,539,717,West
1034,1035,Corporate,Furniture,1386,869,East
1035,1036,Corporate,Technology,1308,277,South
1036,1037,Consumer,Furniture,1178,609,North
1037,1038,Corporate,Technology,2663,774,North
1038,1039,Home Office,Furniture,3723,759,West
1039,1040,Home Office,Furniture,1353,594,West
1040,1041,Consumer,Office Supplies,3457,428,East
1041,1042,Home Office,Furniture,3309,879,East
1042,1043,Home Office,Office Supplies,3649,876,North
1043,1044,Consumer,Technology,714,170,North
1044,1045,Corporate,Technology,3178,67,South
1045,1046,Corporate,Technology,2823,393,South
1046,1047,Corporate,Furniture,3590,894,South
1047,1048,Consumer,Technology,3643,812,West
1048,1049,Home Office,Technology,4615,519,West
1049,1050,Corporate,Office Supplies,2000,439,South
1050,1051,Corporate,Office Supplies,4471,349,North
1051,1052,Consumer,Technology,1812,587,East
1052,1053,Corporate,Technology,2429,949,West
1053,1054,Consumer,Furniture,3719,35,West
1054,1055,Home Office,Furniture,1294,819,South
1055,1056,Consumer,Technology,1478,598,East
1056,1057,Consumer,Office Supplies,1412,807,West
1057,1058,Consumer,Technology,3015,381,East
1058,1059,Consumer,Furniture,849,937,West
1059,1060,Home Office,Office Supplies,400,45,East
1060,1061,Home Office,Office Supplies,4795,540,East
1061,1062,Corporate,Furniture,4082,799,West
1062,1063,Home Office,Technology,4724,842,East
1063,1064,Home Office,Technology,3937,834,North
1064,1065,Corporate,Technology,377,276,West
1065,1066,Home Office,Furniture,4858,803,West
1066,1067,Consumer,Office Supplies,2658,441,North
1067,1068,Consumer,Furniture,4017,28,East
1068,1069,Corporate,Technology,2261,348,North
1069,1070,Corporate,Furniture,4775,149,West
1070,1071,Corporate,Office Supplies,1489,76,North
1071,1072,Consumer,Furniture,790,833,East
1072,1073,Home Office,Technology,4832,539,North
1073,1074,Consumer,Office Supplies,3568,378,West
1074,1075,Corporate,Furniture,1948,270,East
1075,1076,Home Office,Furniture,3916,633,West
1076,1077,Home Office,Office Supplies,1039,929,West
1077,1078,Consumer,Office Supplies,3282,983,South
1078,1079,Corporate,Technology,3409,636,West
1079,1080,Consumer,Office Supplies,2150,687,West
1080,1081,Home Office,Technology,1846,588,East
1081,1082,Consumer,Furniture,2551,776,East
1082,1083,Consumer,Technology,124,591,East
1083,1084,Corporate,Furniture,2656,981,North
1084,1085,Corporate,Office Supplies,160,829,North
1085,1086,Home Office,Furniture,222,212,East
1086,1087,Consumer,Office Supplies,2202,648,North
1087,1088,Consumer,Furniture,1286,944,South
1088,1089,Consumer,Furniture,1830,964,North
1089,1090,Home Office,Furniture,4741,419,South
1090,1091,Home Office,Furniture,4189,842,East
1091,1092,Corporate,Technology,2572,89,East
1092,1093,Corporate,Furniture,3065,697,North
1093,1094,Corporate,Technology,2377,122,East
1094,1095,Consumer,Office Supplies,4187,632,East
1095,1096,Consumer,Office Supplies,3064,830,West
1096,1097,Corporate,Technology,1410,146,East
1097,1098,Consumer,Office Supplies,254,654,West
1098,1099,Corporate,Office Supplies,2312,893,East
1099,1100,Home Office,Furniture,3353,849,South
1100,1101,Corporate,Furniture,1362,198,South
1101,1102,Home Office,Furniture,1462,286,East
1102,1103,Consumer,Technology,1037,746,South
1103,1104,Corporate,Technology,611,112,South
1104,1105,Consumer,Office Supplies,286,116,South
1105,1106,Home Office,Furniture,1945,584,North
1106,1107,Home Office,Technology,1802,925,South
1107,1108,Home Office,Technology,490,963,West
1108,1109,Consumer,Furniture,754,766,North
1109,1110,Consumer,Technology,4371,182,West
1110,1111,Consumer,Furniture,2921,927,West
1111,1112,Consumer,Office Supplies,863,854,West
1112,1113,Home Office,Office Supplies,3500,340,North
1113,1114,Home Office,Office Supplies,4906,731,East
1114,1115,Corporate,Furniture,3367,200,South
1115,1116,Corporate,Technology,1185,679,South
1116,1117,Consumer,Office Supplies,2029,840,East
1117,1118,Home Office,Office Supplies,4476,234,East
1118,1119,Home Office,Office Supplies,2063,693,West
1119,1120,Home Office,Technology,1885,332,North
1120,1121,Corporate,Technology,2374,963,West
1121,1122,Corporate,Furniture,2786,517,South
1122,1123,Home Office,Office Supplies,3068,970,East
1123,1124,Home Office,Technology,4672,557,South
1124,1125,Home Office,Furniture,815,143,East
1125,1126,Corporate,Office Supplies,342,46,North
1126,1127,Home Office,Technology,4015,102,West
1127,1128,Home Office,Technology,1623,84,South
1128,1129,Consumer,Furniture,937,765,North
1129,1130,Consumer,Office Supplies,3423,192,South
1130,1131,Corporate,Office Supplies,3053,726,East
1131,1132,Home Office,Technology,1445,468,South
1132,1133,Home Office,Office Supplies,2523,708,North
1133,1134,Consumer,Furniture,2128,687,North
1134,1135,Corporate,Technology,1532,636,West
1135,1136,Consumer,Technology,339,418,South
1136,1137,Consumer,Furniture,238,216,East
1137,1138,Consumer,Technology,3293,254,South
1138,1139,Consumer,Office Supplies,519,342,West
1139,1140,Home Office,Office Supplies,403,682,East
1140,1141,Home Office,Technology,2262,534,East
1141,1142,Consumer,Furniture,2126,303,West
1142,1143,Corporate,Furniture,4202,963,East
1143,1144,Corporate,Office Supplies,2326,993,North
1144,1145,Corporate,Furniture,1268,925,North
1145,1146,Corporate,Technology,515,757,East
1146,1147,Consumer,Technology,2813,282,South
1147,1148,Home Office,Office Supplies,249,388,East
1148,1149,Corporate,Office Supplies,2544,635,South
1149,1150,Consumer,Office Supplies,938,673,West
1150,1151,Corporate,Furniture,1796,35,North
1151,1152,Corporate,Technology,4439,689,North
1152,1153,Consumer,Technology,2010,553,West
1153,1154,Home Office,Technology,1521,742,West
1154,1155,Home Office,Office Supplies,3101,727,North
1155,1156,Consumer,Technology,1420,942,West
1156,1157,Home Office,Furniture,4135,863,East
1157,1158,Consumer,Furniture,1623,619,East
1158,1159,Consumer,Technology,3978,100,South
1159,1160,Consumer,Office Supplies,652,485,South
1160,1161,Home Office,Technology,3856,898,South
1161,1162,Consumer,Furniture,3771,735,East
1162,1163,Corporate,Furniture,581,197,North
1163,1164,Home Office,Furniture,699,578,South
1164,1165,Home Office,Technology,1264,628,East
1165,1166,Home Office,Furniture,4778,963,North
1166,1167,Home Office,Office Supplies,4332,204,West
1167,1168,Corporate,Technology,1103,543,East
1168,1169,Home Office,Technology,2082,707,West
1169,1170,Home Office,Furniture,1734,889,South
1170,1171,Consumer,Furniture,3097,94,North
1171,1172,Home Office,Office Supplies,786,601,East
1172,1173,Corporate,Technology,3514,850,South
1173,1174,Corporate,Furniture,1859,86,South
1174,1175,Corporate,Office Supplies,2580,339,North
1175,1176,Corporate,Furniture,1437,392,West
1176,1177,Home Office,Technology,214,442,South
1177,1178,Home Office,Furniture,4057,386,North
1178,1179,Corporate,Technology,668,350,North
1179,1180,Corporate,Furniture,1653,186,East
1180,1181,Home Office,Technology,2789,435,South
1181,1182,Corporate,Office Supplies,4690,433,West
1182,1183,Consumer,Technology,3440,976,West
1183,1184,Corporate,Office Supplies,3088,183,South
1184,1185,Corporate,Technology,3251,415,West
1185,1186,Consumer,Office Supplies,3627,91,North
1186,1187,Consumer,Furniture,3115,30,North
1187,1188,Home Office,Technology,921,700,South
1188,1189,Home Office,Furniture,3674,407,West
1189,1190,Consumer,Office Supplies,3887,339,North
1190,1191,Consumer,Technology,1708,234,South
1191,1192,Home Office,Technology,659,786,North
1192,1193,Corporate,Furniture,4163,411,South
1193,1194,Consumer,Technology,4535,790,East
1194,1195,Home Office,Technology,711,772,East
1195,1196,Corporate,Furniture,2263,794,South
1196,1197,Consumer,Technology,1981,903,East
1197,1198,Corporate,Furniture,4269,864,East
1198,1199,Home Office,Furniture,3963,930,West
1199,1200,Consumer,Furniture,3808,447,East
1200,1201,Corporate,Furniture,1809,281,West
1201,1202,Consumer,Furniture,1861,289,East
1202,1203,Corporate,Office Supplies,1792,232,East
1203,1204,Home Office,Office Supplies,1345,596,North
1204,1205,Home Office,Furniture,225,672,South
1205,1206,Consumer,Office Supplies,4852,946,East
1206,1207,Corporate,Office Supplies,1299,880,South
1207,1208,Consumer,Technology,2811,518,South
1208,1209,Consumer,Furniture,3546,351,North
1209,1210,Corporate,Office Supplies,1090,938,South
1210,1211,Corporate,Technology,3165,626,South
1211,1212,Corporate,Technology,1621,51,East
1212,1213,Home Office,Furniture,4828,185,North
1213,1214,Consumer,Furniture,2598,254,South
1214,1215,Consumer,Technology,2665,262,East
1215,1216,Home Office,Furniture,4890,283,North
1216,1217,Corporate,Furniture,2697,968,East
1217,1218,Home Office,Technology,215,343,North
1218,1219,Home Office,Technology,1131,613,North
1219,1220,Home Office,Furniture,1341,20,West
1220,1221,Consumer,Office Supplies,1842,161,West
1221,1222,Home Office,Furniture,3738,198,West
1222,1223,Consumer,Office Supplies,4499,969,South
1223,1224,Consumer,Technology,4190,685,East
1224,1225,Consumer,Office Supplies,2075,647,North
1225,1226,Corporate,Technology,4283,220,East
1226,1227,Consumer,Furniture,4503,982,South
1227,1228,Consumer,Furniture,4997,106,West
1228,1229,Corporate,Technology,263,830,West
1229,1230,Consumer,Technology,3410,348,East
1230,1231,Home Office,Technology,3488,56,East
1231,1232,Home Office,Furniture,1095,829,North
1232,1233,Consumer,Furniture,1977,745,East
1233,1234,Corporate,Office Supplies,1923,984,North
1234,1235,Home Office,Technology,2395,66,North
1235,1236,Corporate,Office Supplies,3364,84,West
1236,1237,Corporate,Furniture,1448,263,East
1237,1238,Home Office,Office Supplies,1903,672,West
1238,1239,Corporate,Office Supplies,2351,580,North
1239,1240,Home Office,Furniture,3000,846,West
1240,1241,Corporate,Furniture,1693,961,West
1241,1242,Home Office,Technology,532,607,North
1242,1243,Consumer,Office Supplies,3917,179,South
1243,1244,Home Office,Furniture,1170,155,South
1244,1245,Home Office,Furniture,4700,848,East
1245,1246,Home Office,Office Supplies,214,42,West
1246,1247,Home Office,Furniture,1539,524,East
1247,1248,Corporate,Technology,1890,805,West
1248,1249,Consumer,Technology,1094,266,East
1249,1250,Home Office,Office Supplies,4418,135,East
1250,1251,Corporate,Technology,4831,968,North
1251,1252,Consumer,Furniture,4867,122,South
1252,1253,Consumer,Furniture,1057,824,South
1253,1254,Consumer,Furniture,195,814,South
1254,1255,Consumer,Furniture,2254,351,North
1255,1256,Home Office,Office Supplies,731,57,South
1256,1257,Home Office,Technology,3784,373,North
1257,1258,Corporate,Technology,1801,796,West
1258,1259,Corporate,Furniture,797,407,North
1259,1260,Corporate,Office Supplies,131,204,East
1260,1261,Consumer,Furniture,4974,860,East
1261,1262,Consumer,Furniture,648,746,West
1262,1263,Home Office,Office Supplies,2348,734,West
1263,1264,Consumer,Office Supplies,1993,330,East
1264,1265,Consumer,Furniture,2934,803,South
1265,1266,Consumer,Technology,1803,147,South
1266,1267,Corporate,Furniture,1256,364,South
1267,1268,Corporate,Technology,443,854,West
1268,1269,Home Office,Technology,4172,79,East
1269,1270,Consumer,Office Supplies,3562,820,North
1270,1271,Consumer,Office Supplies,2348,591,West
1271,1272,Home Office,Furniture,1044,492,East
1272,1273,Consumer,Technology,3980,729,South
1273,1274,Consumer,Technology,2150,721,South
1274,1275,Corporate,Furniture,3385,68,South
1275,1276,Home Office,Furniture,2955,780,East
1276,1277,Home Office,Furniture,1430,398,South
1277,1278,Home Office,Office Supplies,2103,862,East
1278,1279,Home Office,Furniture,3715,360,West
1279,1280,Corporate,Furniture,1887,855,North
1280,1281,Corporate,Technology,2346,878,South
1281,1282,Consumer,Furniture,3772,348,West
1282,1283,Consumer,Technology,2255,686,West
1283,1284,Consumer,Technology,3579,766,East
1284,1285,Consumer,Office Supplies,3120,605,West
1285,1286,Corporate,Furniture,151,445,East
1286,1287,Home Office,Furniture,2259,459,East
1287,1288,Corporate,Technology,4490,386,West
1288,1289,Consumer,Office Supplies,3751,968,East
1289,1290,Corporate,Office Supplies,4015,400,East
1290,1291,Home Office,Furniture,2212,490,East
1291,1292,Home Office,Technology,2721,830,West
1292,1293,Corporate,Furniture,4660,123,North
1293,1294,Corporate,Furniture,4829,755,East
1294,1295,Corporate,Furniture,1454,783,South
1295,1296,Consumer,Furniture,3854,912,West
1296,1297,Corporate,Technology,309,181,West
1297,1298,Corporate,Office Supplies,337,27,East
1298,1299,Corporate,Furniture,435,244,West
1299,1300,Home Office,Furniture,3938,319,South
1300,1301,Home Office,Furniture,1676,904,North
1301,1302,Consumer,Furniture,599,678,West
1302,1303,Consumer,Office Supplies,1664,732,West
1303,1304,Home Office,Office Supplies,890,290,West
1304,1305,Home Office,Office Supplies,3640,840,East
1305,1306,Home Office,Office Supplies,3222,205,South
1306,1307,Corporate,Furniture,1235,124,North
1307,1308,Corporate,Technology,4044,406,South
1308,1309,Home Office,Office Supplies,2448,681,South
1309,1310,Corporate,Office Supplies,4424,676,West
1310,1311,Corporate,Furniture,249,572,North
1311,1312,Consumer,Furniture,3306,427,South
1312,1313,Home Office,Furniture,3628,293,North
1313,1314,Home Office,Furniture,1724,594,East
1314,1315,Corporate,Technology,2674,337,West
1315,1316,Home Office,Technology,4528,350,East
1316,1317,Consumer,Office Supplies,4369,631,North
1317,1318,Consumer,Technology,3384,807,West
1318,1319,Consumer,Office Supplies,2208,230,East
1319,1320,Home Office,Office Supplies,4047,18,West
1320,1321,Home Office,Technology,2363,918,East
1321,1322,Home Office,Office Supplies,1712,91,South
1322,1323,Home Office,Furniture,3915,841,West
1323,1324,Home Office,Office Supplies,4819,303,North
1324,1325,Consumer,Furniture,677,384,West
1325,1326,Corporate,Technology,522,543,North
1326,1327,Consumer,Technology,2863,424,East
1327,1328,Home Office,Office Supplies,1329,108,East
1328,1329,Consumer,Furniture,3276,691,North
1329,1330,Home Office,Office Supplies,853,711,East
1330,1331,Home Office,Technology,4942,627,West
1331,1332,Consumer,Office Supplies,787,841,East
1332,1333,Home Office,Office Supplies,822,979,North
1333,1334,Corporate,Furniture,846,786,North
1334,1335,Home Office,Technology,4437,391,South
1335,1336,Corporate,Office Supplies,2812,872,North
1336,1337,Corporate,Furniture,807,949,East
1337,1338,Home Office,Office Supplies,534,513,North
1338,1339,Consumer,Furniture,4976,456,East
1339,1340,Corporate,Furniture,583,689,East
1340,1341,Consumer,Office Supplies,3618,353,South
1341,1342,Corporate,Technology,1633,434,East
1342,1343,Home Office,Technology,269,634,North
1343,1344,Home Office,Furniture,1120,849,North
1344,1345,Corporate,Technology,947,315,North
1345,1346,Home Office,Furniture,795,157,East
1346,1347,Corporate,Technology,3446,858,North
1347,1348,Home Office,Office Supplies,4113,741,West
1348,1349,Consumer,Technology,131,463,West
1349,1350,Home Office,Furniture,276,947,North
1350,1351,Consumer,Furniture,3064,42,East
1351,1352,Home Office,Technology,2212,741,North
1352,1353,Consumer,Office Supplies,3986,510,West
1353,1354,Home Office,Furniture,1602,328,East
1354,1355,Consumer,Furniture,2415,706,North
1355,1356,Corporate,Furniture,2744,202,East
1356,1357,Corporate,Furniture,165,882,North
1357,1358,Consumer,Furniture,4328,189,South
1358,1359,Home Office,Office Supplies,2028,876,East
1359,1360,Consumer,Technology,684,993,West
1360,1361,Home Office,Office Supplies,1848,527,West
1361,1362,Corporate,Office Supplies,2304,400,West
1362,1363,Home Office,Furniture,3730,530,West
1363,1364,Corporate,Office Supplies,1992,366,North
1364,1365,Home Office,Furniture,2529,582,North
1365,1366,Home Office,Office Supplies,3193,473,East
1366,1367,Home Office,Furniture,1073,939,South
1367,1368,Consumer,Furniture,4124,684,South
1368,1369,Consumer,Office Supplies,2742,108,East
1369,1370,Corporate,Office Supplies,1542,157,West
1370,1371,Corporate,Technology,4429,579,South
1371,1372,Consumer,Technology,1577,736,South
1372,1373,Corporate,Technology,870,325,East
1373,1374,Consumer,Office Supplies,405,191,West
1374,1375,Home Office,Office Supplies,101,556,North
1375,1376,Corporate,Furniture,370,312,North
1376,1377,Corporate,Technology,4616,567,South
1377,1378,Consumer,Furniture,3314,608,North
1378,1379,Corporate,Furniture,963,13,East
1379,1380,Corporate,Furniture,2839,787,South
1380,1381,Home Office,Furniture,3014,116,South
1381,1382,Corporate,Technology,206,84,West
1382,1383,Home Office,Furniture,3268,49,North
1383,1384,Consumer,Office Supplies,4744,648,West
1384,1385,Corporate,Office Supplies,2699,704,South
1385,1386,Home Office,Office Supplies,2335,128,North
1386,1387,Consumer,Technology,2899,82,West
1387,1388,Corporate,Furniture,1611,561,North
1388,1389,Consumer,Technology,118,213,South
1389,1390,Corporate,Furniture,958,986,South
1390,1391,Consumer,Technology,1516,105,South
1391,1392,Consumer,Technology,3132,288,East
1392,1393,Home Office,Furniture,4605,152,West
1393,1394,Consumer,Technology,1526,124,West
1394,1395,Corporate,Furniture,2631,485,South
1395,1396,Corporate,Office Supplies,4819,893,West
1396,1397,Home Office,Office Supplies,4851,142,South
1397,1398,Corporate,Office Supplies,4963,177,West
1398,1399,Corporate,Technology,4138,923,North
1399,1400,Corporate,Office Supplies,4213,254,West
1400,1401,Consumer,Furniture,2331,286,South
1401,1402,Consumer,Office Supplies,2552,984,West
1402,1403,Corporate,Office Supplies,2946,268,North
1403,1404,Home Office,Technology,3302,55,North
1404,1405,Consumer,Furniture,1916,355,North
1405,1406,Home Office,Technology,1880,856,South
1406,1407,Corporate,Technology,4203,904,East
1407,1408,Corporate,Furniture,804,246,South
1408,1409,Consumer,Technology,1441,62,North
1409,1410,Corporate,Furniture,3562,157,West
1410,1411,Consumer,Office Supplies,3690,708,North
1411,1412,Corporate,Furniture,1259,542,East
1412,1413,Corporate,Furniture,4726,99,East
1413,1414,Consumer,Furniture,3822,242,North
1414,1415,Consumer,Technology,3538,736,South
1415,1416,Consumer,Furniture,3660,890,East
1416,1417,Corporate,Furniture,3182,60,North
1417,1418,Corporate,Furniture,1815,674,South
1418,1419,Home Office,Office Supplies,2343,845,West
1419,1420,Consumer,Furniture,1860,637,South
1420,1421,Corporate,Technology,4107,403,East
1421,1422,Corporate,Furniture,1896,223,South
1422,1423,Consumer,Furniture,2775,460,South
1423,1424,Home Office,Office Supplies,3336,348,West
1424,1425,Consumer,Furniture,143,360,North
1425,1426,Home Office,Technology,588,658,South
1426,1427,Corporate,Furniture,4376,294,West
1427,1428,Home Office,Technology,3248,942,East
1428,1429,Corporate,Office Supplies,4823,887,North
1429,1430,Consumer,Furniture,1056,592,East
1430,1431,Consumer,Office Supplies,2214,254,North
1431,1432,Consumer,Furniture,1215,559,South
1432,1433,Home Office,Technology,1881,737,South
1433,1434,Corporate,Office Supplies,2926,648,North
1434,1435,Consumer,Furniture,750,593,East
1435,1436,Consumer,Technology,1976,235,East
1436,1437,Corporate,Office Supplies,440,836,East
1437,1438,Consumer,Furniture,3050,450,South
1438,1439,Corporate,Office Supplies,3475,483,North
1439,1440,Corporate,Furniture,2545,453,North
1440,1441,Corporate,Technology,2850,805,East
1441,1442,Corporate,Technology,2244,421,South
1442,1443,Corporate,Office Supplies,1454,823,North
1443,1444,Home Office,Office Supplies,3376,255,North
1444,1445,Consumer,Furniture,548,592,East
1445,1446,Home Office,Technology,4272,716,East
1446,1447,Consumer,Furniture,4744,509,North
1447,1448,Home Office,Technology,897,991,South
1448,1449,Corporate,Office Supplies,3596,960,West
1449,1450,Consumer,Furniture,2282,559,North
1450,1451,Consumer,Furniture,3426,126,North
1451,1452,Home Office,Technology,745,759,South
1452,1453,Home Office,Technology,819,373,North
1453,1454,Consumer,Technology,1622,923,West
1454,1455,Home Office,Office Supplies,1169,213,South
1455,1456,Home Office,Furniture,4843,360,West
1456,1457,Home Office,Technology,4987,328,West
1457,1458,Corporate,Office Supplies,4774,368,North
1458,1459,Corporate,Technology,3175,526,West
1459,1460,Home Office,Furniture,3907,949,North
1460,1461,Home Office,Technology,3461,498,North
1461,1462,Corporate,Furniture,2256,678,South
1462,1463,Corporate,Office Supplies,4655,116,South
1463,1464,Consumer,Office Supplies,2413,749,South
1464,1465,Consumer,Technology,3605,663,North
1465,1466,Corporate,Furniture,4239,835,West
1466,1467,Home Office,Furniture,732,181,West
1467,1468,Home Office,Furniture,2299,667,South
1468,1469,Home Office,Technology,3163,528,South
1469,1470,Home Office,Furniture,3010,864,North
1470,1471,Consumer,Furniture,722,874,East
1471,1472,Corporate,Furniture,460,967,East
1472,1473,Home Office,Furniture,2467,822,North
1473,1474,Consumer,Technology,309,537,East
1474,1475,Home Office,Technology,3567,329,East
1475,1476,Corporate,Furniture,1030,46,East
1476,1477,Consumer,Furniture,4684,508,South
1477,1478,Corporate,Office Supplies,4043,674,West
1478,1479,Corporate,Office Supplies,4796,274,West
1479,1480,Consumer,Furniture,4969,704,South
1480,1481,Consumer,Furniture,977,677,South
1481,1482,Consumer,Office Supplies,4895,658,South
1482,1483,Consumer,Office Supplies,2599,917,East
1483,1484,Consumer,Furniture,2623,411,North
1484,1485,Consumer,Technology,4451,996,North
1485,1486,Consumer,Technology,491,611,East
1486,1487,Home Office,Furniture,4002,961,East
1487,1488,Corporate,Furniture,2421,227,South
1488,1489,Consumer,Office Supplies,4081,339,South
1489,1490,Home Office,Office Supplies,238,195,West
1490,1491,Home Office,Technology,202,390,South
1491,1492,Home Office,Furniture,583,218,East
1492,1493,Corporate,Office Supplies,4419,572,West
1493,1494,Consumer,Technology,4173,297,South
1494,1495,Home Office,Technology,1948,97,West
1495,1496,Corporate,Technology,1984,953,West
1496,1497,Corporate,Office Supplies,3305,145,South
1497,1498,Corporate,Office Supplies,2261,167,North
1498,1499,Home Office,Furniture,1564,803,East
1499,1500,Consumer,Furniture,743,929,East
1500,1501,Home Office,Technology,3536,164,West
1501,1502,Home Office,Technology,4653,472,North
1502,1503,Consumer,Office Supplies,710,229,North
1503,1504,Consumer,Office Supplies,4402,468,South
1504,1505,Consumer,Furniture,1643,176,South
1505,1506,Corporate,Furniture,3639,331,East
1506,1507,Consumer,Furniture,1566,700,South
1507,1508,Home Office,Office Supplies,1016,850,South
1508,1509,Consumer,Technology,1281,571,West
1509,1510,Home Office,Furniture,2246,822,North
1510,1511,Corporate,Furniture,2372,521,North
1511,1512,Home Office,Office Supplies,951,96,South
1512,1513,Home Office,Furniture,4636,554,South
1513,1514,Consumer,Technology,819,284,South
1514,1515,Consumer,Office Supplies,4780,150,East
1515,1516,Home Office,Furniture,2114,727,East
1516,1517,Consumer,Furniture,3572,745,West
1517,1518,Corporate,Office Supplies,3742,634,East
1518,1519,Corporate,Office Supplies,3970,799,North
1519,1520,Consumer,Furniture,163,925,East
1520,1521,Corporate,Technology,4963,362,North
1521,1522,Consumer,Office Supplies,659,14,East
1522,1523,Home Office,Technology,1833,391,East
1523,1524,Home Office,Furniture,769,733,West
1524,1525,Corporate,Technology,3994,777,South
1525,1526,Consumer,Furniture,1642,343,South
1526,1527,Consumer,Furniture,1371,484,South
1527,1528,Corporate,Furniture,2515,995,West
1528,1529,Home Office,Furniture,2891,937,North
1529,1530,Corporate,Technology,4813,39,East
1530,1531,Home Office,Furniture,3154,356,West
1531,1532,Consumer,Furniture,2558,931,North
1532,1533,Home Office,Technology,3165,603,West
1533,1534,Corporate,Office Supplies,1263,502,West
1534,1535,Consumer,Technology,4659,992,North
1535,1536,Corporate,Technology,2849,757,South
1536,1537,Corporate,Technology,2048,504,East
1537,1538,Home Office,Furniture,159,865,South
1538,1539,Corporate,Furniture,3202,397,West
1539,1540,Home Office,Furniture,432,882,North
1540,1541,Consumer,Office Supplies,4271,844,West
1541,1542,Home Office,Furniture,289,262,South
1542,1543,Consumer,Office Supplies,3660,639,South
1543,1544,Home Office,Furniture,395,948,South
1544,1545,Corporate,Technology,2648,39,East
1545,1546,Home Office,Furniture,276,632,South
1546,1547,Home Office,Office Supplies,899,921,East
1547,1548,Consumer,Office Supplies,905,775,East
1548,1549,Corporate,Furniture,1842,720,South
1549,1550,Home Office,Technology,314,816,North
1550,1551,Corporate,Furniture,1979,351,West
1551,1552,Home Office,Furniture,2800,818,West
1552,1553,Home Office,Furniture,696,296,East
1553,1554,Corporate,Technology,1817,954,East
1554,1555,Home Office,Office Supplies,1455,406,East
1555,1556,Corporate,Technology,4323,518,West
1556,1557,Home Office,Office Supplies,1392,946,East
1557,1558,Consumer,Office Supplies,2698,253,North
1558,1559,Corporate,Office Supplies,3537,230,North
1559,1560,Home Office,Technology,4814,165,East
1560,1561,Home Office,Furniture,241,392,West
1561,1562,Consumer,Furniture,3316,757,South
1562,1563,Corporate,Furniture,2939,329,West
1563,1564,Home Office,Furniture,4440,382,South
1564,1565,Consumer,Furniture,3613,540,South
1565,1566,Home Office,Technology,2850,224,East
1566,1567,Corporate,Technology,1814,376,North
1567,1568,Home Office,Technology,1235,123,East
1568,1569,Home Office,Technology,3821,209,South
1569,1570,Home Office,Technology,2009,34,East
1570,1571,Home Office,Technology,2347,943,South
1571,1572,Consumer,Technology,4616,130,East
1572,1573,Consumer,Furniture,4202,751,North
1573,1574,Corporate,Office Supplies,1648,620,North
1574,1575,Consumer,Technology,2739,867,West
1575,1576,Consumer,Office Supplies,4866,12,South
1576,1577,Corporate,Technology,4611,907,South
1577,1578,Consumer,Technology,2931,782,East
1578,1579,Consumer,Furniture,1106,454,West
1579,1580,Corporate,Office Supplies,3321,263,North
1580,1581,Corporate,Furniture,3162,29,East
1581,1582,Corporate,Furniture,4623,213,West
1582,1583,Home Office,Office Supplies,3152,815,North
1583,1584,Home Office,Furniture,4529,985,East
1584,1585,Corporate,Technology,2419,366,North
1585,1586,Corporate,Technology,3639,137,South
1586,1587,Corporate,Technology,2466,367,West
1587,1588,Home Office,Technology,626,301,North
1588,1589,Home Office,Technology,2907,183,West
1589,1590,Consumer,Furniture,1295,742,East
1590,1591,Consumer,Furniture,1853,364,West
1591,1592,Corporate,Technology,1772,890,East
1592,1593,Home Office,Technology,2128,46,West
1593,1594,Home Office,Furniture,1754,319,East
1594,1595,Home Office,Office Supplies,4649,670,East
1595,1596,Corporate,Furniture,4941,926,East
1596,1597,Consumer,Furniture,4141,613,North
1597,1598,Corporate,Furniture,947,591,South
1598,1599,Consumer,Furniture,967,93,West
1599,1600,Consumer,Furniture,873,519,South
1600,1601,Corporate,Office Supplies,642,453,South
1601,1602,Consumer,Technology,4517,429,South
1602,1603,Consumer,Technology,885,214,South
1603,1604,Home Office,Office Supplies,3405,497,West
1604,1605,Consumer,Technology,4735,788,West
1605,1606,Corporate,Technology,2983,97,South
1606,1607,Corporate,Technology,548,261,West
1607,1608,Consumer,Office Supplies,3410,732,West
1608,1609,Home Office,Office Supplies,4685,864,East
1609,1610,Home Office,Technology,2005,40,West
1610,1611,Consumer,Technology,4659,878,North
1611,1612,Consumer,Technology,4509,430,South
1612,1613,Corporate,Furniture,3351,837,West
1613,1614,Consumer,Furniture,484,70,South
1614,1615,Home Office,Furniture,394,588,West
1615,1616,Consumer,Office Supplies,1338,235,South
1616,1617,Corporate,Technology,4957,934,North
1617,1618,Corporate,Office Supplies,2916,972,West
1618,1619,Corporate,Office Supplies,1198,344,West
1619,1620,Corporate,Office Supplies,1837,848,North
1620,1621,Corporate,Technology,2289,588,West
1621,1622,Consumer,Furniture,2865,649,South
1622,1623,Consumer,Technology,1322,120,North
1623,1624,Consumer,Technology,3342,500,East
1624,1625,Consumer,Office Supplies,3999,281,South
1625,1626,Corporate,Office Supplies,4423,822,West
1626,1627,Home Office,Office Supplies,510,43,South
1627,1628,Consumer,Furniture,3099,221,North
1628,1629,Home Office,Furniture,3045,309,West
1629,1630,Consumer,Furniture,4886,382,West
1630,1631,Consumer,Technology,977,134,North
1631,1632,Home Office,Office Supplies,886,112,East
1632,1633,Corporate,Technology,2209,727,West
1633,1634,Consumer,Furniture,2086,129,West
1634,1635,Consumer,Office Supplies,978,691,West
1635,1636,Consumer,Furniture,1707,556,East
1636,1637,Home Office,Office Supplies,2503,903,South
1637,1638,Corporate,Office Supplies,170,340,East
1638,1639,Home Office,Technology,2410,767,South
1639,1640,Home Office,Technology,4501,861,West
1640,1641,Corporate,Furniture,3395,935,South
1641,1642,Home Office,Technology,861,318,South
1642,1643,Corporate,Technology,4783,579,South
1643,1644,Consumer,Technology,2221,421,South
1644,1645,Corporate,Office Supplies,3682,408,West
1645,1646,Consumer,Technology,4297,943,North
1646,1647,Home Office,Furniture,1729,315,East
1647,1648,Home Office,Office Supplies,4388,662,South
1648,1649,Consumer,Office Supplies,1185,632,West
1649,1650,Home Office,Technology,2557,172,West
1650,1651,Corporate,Office Supplies,4495,632,West
1651,1652,Consumer,Furniture,3366,673,West
1652,1653,Home Office,Furniture,553,897,South
1653,1654,Consumer,Office Supplies,2721,74,East
1654,1655,Corporate,Technology,718,627,West
1655,1656,Corporate,Technology,736,225,East
1656,1657,Home Office,Office Supplies,2448,612,East
1657,1658,Corporate,Furniture,4974,923,East
1658,1659,Consumer,Office Supplies,3136,963,North
1659,1660,Corporate,Technology,2349,35,West
1660,1661,Consumer,Technology,2821,678,West
1661,1662,Consumer,Office Supplies,2449,593,West
1662,1663,Corporate,Furniture,4532,53,East
1663,1664,Home Office,Office Supplies,2094,99,West
1664,1665,Corporate,Furniture,2920,142,West
1665,1666,Consumer,Furniture,1171,170,East
1666,1667,Consumer,Office Supplies,2131,753,West
1667,1668,Corporate,Office Supplies,1349,389,South
1668,1669,Home Office,Furniture,1395,270,North
1669,1670,Home Office,Furniture,3656,392,South
1670,1671,Consumer,Furniture,427,378,South
1671,1672,Consumer,Furniture,896,120,South
1672,1673,Home Office,Technology,2961,685,East
1673,1674,Corporate,Office Supplies,4860,86,West
1674,1675,Consumer,Furniture,2893,218,South
1675,1676,Consumer,Office Supplies,3194,22,South
1676,1677,Home Office,Furniture,3077,930,West
1677,1678,Corporate,Office Supplies,1062,579,East
1678,1679,Home Office,Office Supplies,1368,907,South
1679,1680,Corporate,Furniture,472,865,West
1680,1681,Corporate,Furniture,4480,557,West
1681,1682,Corporate,Office Supplies,2668,34,North
1682,1683,Consumer,Office Supplies,4842,555,South
1683,1684,Home Office,Office Supplies,3793,149,South
1684,1685,Home Office,Technology,1704,284,North
1685,1686,Corporate,Furniture,195,379,West
1686,1687,Consumer,Technology,4469,883,West
1687,1688,Consumer,Technology,4041,231,South
1688,1689,Home Office,Furniture,1300,46,South
1689,1690,Consumer,Furniture,4044,884,North
1690,1691,Consumer,Technology,4979,138,South
1691,1692,Corporate,Furniture,231,325,South
1692,1693,Consumer,Office Supplies,3215,332,East
1693,1694,Corporate,Office Supplies,1490,442,North
1694,1695,Home Office,Technology,1249,227,West
1695,1696,Consumer,Technology,3610,856,South
1696,1697,Home Office,Furniture,3747,951,West
1697,1698,Home Office,Furniture,907,257,South
1698,1699,Consumer,Technology,4939,120,East
1699,1700,Consumer,Technology,150,825,North
1700,1701,Home Office,Office Supplies,3308,741,North
1701,1702,Consumer,Office Supplies,155,717,West
1702,1703,Corporate,Furniture,3764,156,East
1703,1704,Corporate,Office Supplies,843,353,West
1704,1705,Consumer,Furniture,4638,518,East
1705,1706,Home Office,Furniture,2976,514,South
1706,1707,Consumer,Furniture,179,561,South
1707,1708,Consumer,Office Supplies,4572,143,East
1708,1709,Home Office,Technology,4040,473,South
1709,1710,Home Office,Technology,3066,873,North
1710,1711,Corporate,Office Supplies,3828,999,East
1711,1712,Home Office,Technology,4636,200,East
1712,1713,Corporate,Furniture,225,172,West
1713,1714,Home Office,Technology,318,465,East
1714,1715,Consumer,Office Supplies,1047,70,West
1715,1716,Corporate,Technology,4473,14,East
1716,1717,Corporate,Furniture,694,46,North
1717,1718,Corporate,Furniture,240,469,North
1718,1719,Consumer,Office Supplies,2993,226,North
1719,1720,Consumer,Office Supplies,3155,746,West
1720,1721,Consumer,Office Supplies,1730,737,West
1721,1722,Consumer,Furniture,976,148,South
1722,1723,Consumer,Technology,4305,627,West
1723,1724,Corporate,Technology,2760,108,West
1724,1725,Consumer,Office Supplies,3490,689,North
1725,1726,Corporate,Technology,4991,970,East
1726,1727,Consumer,Technology,2129,273,West
1727,1728,Home Office,Office Supplies,4924,608,South
1728,1729,Corporate,Office Supplies,2652,605,East
1729,1730,Home Office,Furniture,3711,233,West
1730,1731,Corporate,Furniture,1140,20,East
1731,1732,Home Office,Furniture,414,336,East
1732,1733,Consumer,Furniture,3559,707,East
1733,1734,Consumer,Technology,4272,359,East
1734,1735,Consumer,Technology,3125,388,East
1735,1736,Corporate,Furniture,3046,953,West
1736,1737,Home Office,Furniture,3336,240,East
1737,1738,Consumer,Office Supplies,3780,150,East
1738,1739,Home Office,Technology,4907,627,South
1739,1740,Home Office,Technology,3206,774,South
1740,1741,Consumer,Furniture,1637,965,East
1741,1742,Consumer,Technology,3972,58,West
1742,1743,Home Office,Office Supplies,1967,460,South
1743,1744,Consumer,Office Supplies,1261,784,South
1744,1745,Consumer,Technology,4020,500,East
1745,1746,Consumer,Furniture,3982,214,West
1746,1747,Corporate,Technology,2856,878,North
1747,1748,Home Office,Office Supplies,2012,418,West
1748,1749,Home Office,Furniture,364,416,South
1749,1750,Corporate,Technology,4528,60,South
1750,1751,Home Office,Furniture,1402,184,South
1751,1752,Consumer,Furniture,1294,746,South
1752,1753,Home Office,Office Supplies,1626,270,South
1753,1754,Consumer,Furniture,3704,489,East
1754,1755,Corporate,Technology,4494,743,East
1755,1756,Consumer,Furniture,2348,232,East
1756,1757,Home Office,Furniture,1258,278,South
1757,1758,Home Office,Technology,4467,819,East
1758,1759,Home Office,Office Supplies,4730,902,South
1759,1760,Corporate,Office Supplies,3613,910,West
1760,1761,Corporate,Technology,2178,928,North
1761,1762,Home Office,Technology,1244,327,West
1762,1763,Consumer,Office Supplies,168,394,North
1763,1764,Corporate,Furniture,3817,595,East
1764,1765,Home Office,Technology,3108,635,North
1765,1766,Home Office,Furniture,926,228,West
1766,1767,Corporate,Technology,1269,63,West
1767,1768,Corporate,Office Supplies,1083,209,North
1768,1769,Corporate,Furniture,4676,893,West
1769,1770,Consumer,Furniture,4077,652,East
1770,1771,Consumer,Technology,3434,348,West
1771,1772,Home Office,Furniture,2440,713,North
1772,1773,Corporate,Technology,2115,700,East
1773,1774,Consumer,Office Supplies,1552,907,North
1774,1775,Corporate,Furniture,2233,314,South
1775,1776,Home Office,Technology,1139,808,South
1776,1777,Consumer,Furniture,4823,761,East
1777,1778,Consumer,Technology,4313,254,East
1778,1779,Consumer,Technology,3566,851,West
1779,1780,Home Office,Technology,3126,638,North
1780,1781,Corporate,Office Supplies,4357,217,South
1781,1782,Consumer,Furniture,2847,733,West
1782,1783,Home Office,Office Supplies,4362,520,South
1783,1784,Corporate,Technology,4495,268,West
1784,1785,Home Office,Technology,3595,389,West
1785,1786,Corporate,Office Supplies,3955,172,South
1786,1787,Home Office,Office Supplies,661,747,West
1787,1788,Corporate,Furniture,2303,350,South
1788,1789,Consumer,Technology,3519,941,East
1789,1790,Corporate,Office Supplies,1244,585,North
1790,1791,Home Office,Technology,2799,937,West
1791,1792,Home Office,Technology,1651,767,South
1792,1793,Corporate,Furniture,4121,539,South
1793,1794,Consumer,Furniture,660,43,North
1794,1795,Consumer,Furniture,1287,833,North
1795,1796,Corporate,Office Supplies,3233,332,North
1796,1797,Corporate,Technology,3511,190,West
1797,1798,Home Office,Office Supplies,1789,972,South
1798,1799,Consumer,Office Supplies,4507,356,West
1799,1800,Corporate,Furniture,2523,715,West
1800,1801,Consumer,Technology,1469,201,East
1801,1802,Corporate,Technology,680,588,North
1802,1803,Corporate,Furniture,1076,730,East
1803,1804,Consumer,Technology,4372,887,East
1804,1805,Corporate,Furniture,4709,688,West
1805,1806,Corporate,Office Supplies,2456,255,West
1806,1807,Home Office,Office Supplies,218,254,South
1807,1808,Corporate,Furniture,1642,687,East
1808,1809,Corporate,Office Supplies,4962,817,North
1809,1810,Corporate,Office Supplies,3143,924,East
1810,1811,Home Office,Furniture,1072,732,South
1811,1812,Consumer,Office Supplies,1015,142,East
1812,1813,Home Office,Technology,1537,206,East
1813,1814,Home Office,Office Supplies,686,919,East
1814,1815,Consumer,Furniture,450,356,South
1815,1816,Home Office,Technology,4691,58,East
1816,1817,Consumer,Technology,2662,73,West
1817,1818,Home Office,Office Supplies,1970,633,East
1818,1819,Consumer,Technology,372,877,West
1819,1820,Corporate,Furniture,3027,706,East
1820,1821,Home Office,Technology,4458,113,West
1821,1822,Home Office,Office Supplies,3539,940,East
1822,1823,Home Office,Office Supplies,3141,222,North
1823,1824,Home Office,Technology,4048,526,West
1824,1825,Corporate,Furniture,1864,128,North
1825,1826,Home Office,Furniture,4390,865,West
1826,1827,Corporate,Office Supplies,1870,770,East
1827,1828,Corporate,Office Supplies,1622,688,South
1828,1829,Corporate,Furniture,931,904,East
1829,1830,Corporate,Technology,661,251,South
1830,1831,Consumer,Technology,3640,289,North
1831,1832,Consumer,Technology,4236,433,South
1832,1833,Home Office,Technology,1579,372,South
1833,1834,Consumer,Furniture,4566,759,South
1834,1835,Consumer,Office Supplies,1305,315,South
1835,1836,Home Office,Office Supplies,756,726,North
1836,1837,Home Office,Technology,4040,495,South
1837,1838,Home Office,Furniture,689,323,East
1838,1839,Consumer,Furniture,4426,522,West
1839,1840,Consumer,Technology,1471,692,West
1840,1841,Home Office,Technology,4674,176,East
1841,1842,Corporate,Technology,3851,403,North
1842,1843,Home Office,Office Supplies,3859,779,East
1843,1844,Corporate,Technology,2200,72,East
1844,1845,Corporate,Office Supplies,1984,281,South
1845,1846,Home Office,Furniture,847,46,South
1846,1847,Home Office,Furniture,563,25,North
1847,1848,Home Office,Office Supplies,853,775,North
1848,1849,Consumer,Office Supplies,682,352,West
1849,1850,Corporate,Office Supplies,2305,355,North
1850,1851,Consumer,Office Supplies,4214,857,East
1851,1852,Consumer,Technology,4250,548,West
1852,1853,Home Office,Furniture,4127,968,West
1853,1854,Consumer,Technology,4916,632,South
1854,1855,Home Office,Office Supplies,3453,242,South
1855,1856,Corporate,Technology,2908,999,West
1856,1857,Home Office,Technology,3703,585,South
1857,1858,Consumer,Furniture,4013,618,South
1858,1859,Consumer,Technology,1519,425,South
1859,1860,Home Office,Furniture,2267,914,West
1860,1861,Home Office,Office Supplies,2244,276,West
1861,1862,Consumer,Technology,2267,335,West
1862,1863,Corporate,Office Supplies,1660,935,East
1863,1864,Corporate,Furniture,1276,753,West
1864,1865,Home Office,Office Supplies,1368,920,South
1865,1866,Corporate,Office Supplies,3687,452,West
1866,1867,Consumer,Furniture,1266,569,East
1867,1868,Home Office,Office Supplies,3675,871,South
1868,1869,Consumer,Office Supplies,2941,731,North
1869,1870,Consumer,Office Supplies,1970,85,West
1870,1871,Corporate,Technology,4029,256,West
1871,1872,Home Office,Office Supplies,2367,837,North
1872,1873,Home Office,Furniture,2986,589,South
1873,1874,Corporate,Technology,259,322,West
1874,1875,Consumer,Technology,2758,585,East
1875,1876,Consumer,Furniture,3863,703,South
1876,1877,Consumer,Office Supplies,4834,601,West
1877,1878,Consumer,Technology,1155,352,South
1878,1879,Home Office,Technology,433,724,West
1879,1880,Home Office,Technology,3696,191,North
1880,1881,Corporate,Office Supplies,991,964,West
1881,1882,Corporate,Technology,3087,993,South
1882,1883,Home Office,Furniture,4547,735,West
1883,1884,Home Office,Office Supplies,1462,944,West
1884,1885,Consumer,Furniture,1025,641,South
1885,1886,Consumer,Furniture,2543,408,West
1886,1887,Corporate,Technology,2677,250,West
1887,1888,Home Office,Technology,4080,856,South
1888,1889,Corporate,Technology,2505,723,North
1889,1890,Home Office,Furniture,1519,933,East
1890,1891,Consumer,Office Supplies,2975,301,East
1891,1892,Corporate,Technology,159,63,East
1892,1893,Corporate,Technology,2624,154,East
1893,1894,Home Office,Furniture,3897,365,East
1894,1895,Consumer,Office Supplies,2759,607,East
1895,1896,Corporate,Furniture,4196,992,South
1896,1897,Consumer,Technology,1678,486,South
1897,1898,Corporate,Furniture,4506,31,South
1898,1899,Consumer,Technology,3205,340,West
1899,1900,Home Office,Office Supplies,807,301,North
1900,1901,Corporate,Furniture,1880,245,North
1901,1902,Corporate,Technology,2513,38,East
1902,1903,Consumer,Technology,3506,704,East
1903,1904,Consumer,Technology,2261,947,South
1904,1905,Corporate,Technology,3639,169,North
1905,1906,Home Office,Furniture,708,919,West
1906,1907,Consumer,Technology,408,539,West
1907,1908,Consumer,Furniture,4407,559,South
1908,1909,Consumer,Technology,2464,110,East
1909,1910,Corporate,Furniture,284,299,North
1910,1911,Corporate,Furniture,345,386,West
1911,1912,Corporate,Technology,338,182,East
1912,1913,Corporate,Technology,619,352,North
1913,1914,Home Office,Technology,4007,937,West
1914,1915,Home Office,Technology,376,887,East
1915,1916,Corporate,Office Supplies,4128,588,West
1916,1917,Home Office,Technology,4409,200,East
1917,1918,Consumer,Technology,705,448,East
1918,1919,Consumer,Technology,4673,564,East
1919,1920,Consumer,Furniture,4703,644,North
1920,1921,Corporate,Technology,4153,799,South
1921,1922,Consumer,Furniture,2812,352,East
1922,1923,Home Office,Furniture,241,717,East
1923,1924,Corporate,Furniture,3761,854,West
1924,1925,Home Office,Furniture,2469,134,West
1925,1926,Consumer,Office Supplies,1817,617,North
1926,1927,Consumer,Technology,4656,899,South
1927,1928,Consumer,Furniture,4865,678,West
1928,1929,Corporate,Technology,3527,561,North
1929,1930,Home Office,Furniture,2424,369,North
1930,1931,Corporate,Office Supplies,1944,512,North
1931,1932,Corporate,Furniture,499,182,East
1932,1933,Consumer,Technology,4863,896,South
1933,1934,Corporate,Technology,2663,403,South
1934,1935,Corporate,Office Supplies,1622,470,South
1935,1936,Consumer,Technology,1434,694,East
1936,1937,Corporate,Technology,2723,129,East
1937,1938,Consumer,Furniture,338,282,West
1938,1939,Consumer,Technology,3315,367,West
1939,1940,Consumer,Furniture,3747,395,West
1940,1941,Consumer,Office Supplies,1716,922,North
1941,1942,Corporate,Technology,2529,885,South
1942,1943,Consumer,Furniture,3752,867,East
1943,1944,Consumer,Technology,1821,896,West
1944,1945,Corporate,Furniture,1372,943,North
1945,1946,Corporate,Office Supplies,3239,942,East
1946,1947,Home Office,Furniture,2978,328,North
1947,1948,Corporate,Technology,1635,270,North
1948,1949,Corporate,Furniture,635,290,North
1949,1950,Home Office,Technology,1048,338,South
1950,1951,Corporate,Office Supplies,2742,133,East
1951,1952,Corporate,Furniture,4041,485,East
1952,1953,Corporate,Technology,1121,287,North
1953,1954,Corporate,Technology,533,102,South
1954,1955,Home Office,Technology,1503,968,North
1955,1956,Corporate,Furniture,3611,556,West
1956,1957,Corporate,Furniture,3035,832,East
1957,1958,Home Office,Furniture,4978,137,East
1958,1959,Consumer,Office Supplies,4364,541,South
1959,1960,Home Office,Technology,4904,782,East
1960,1961,Consumer,Technology,3433,176,East
1961,1962,Home Office,Office Supplies,1702,840,East
1962,1963,Home Office,Office Supplies,328,245,South
1963,1964,Corporate,Furniture,4622,41,North
1964,1965,Consumer,Furniture,4317,240,East
1965,1966,Corporate,Furniture,2296,200,North
1966,1967,Consumer,Furniture,2999,851,South
1967,1968,Home Office,Furniture,210,945,North
1968,1969,Home Office,Furniture,1344,666,West
1969,1970,Consumer,Office Supplies,4259,622,East
1970,1971,Corporate,Office Supplies,2785,600,South
1971,1972,Corporate,Office Supplies,3901,517,South
1972,1973,Corporate,Technology,3967,466,North
1973,1974,Corporate,Technology,1477,681,East
1974,1975,Home Office,Furniture,1871,264,South
1975,1976,Home Office,Office Supplies,112,288,West
1976,1977,Home Office,Technology,4434,980,North
1977,1978,Home Office,Technology,3361,709,West
1978,1979,Home Office,Office Supplies,762,982,West
1979,1980,Corporate,Technology,3192,731,North
1980,1981,Corporate,Technology,793,762,West
1981,1982,Corporate,Office Supplies,3490,65,North
1982,1983,Corporate,Technology,1281,658,North
1983,1984,Home Office,Office Supplies,3118,115,South
1984,1985,Home Office,Technology,1604,590,South
1985,1986,Home Office,Office Supplies,2002,711,West
1986,1987,Consumer,Technology,4271,201,West
1987,1988,Corporate,Technology,428,287,West
1988,1989,Corporate,Office Supplies,1539,553,West
1989,1990,Home Office,Technology,3946,184,West
1990,1991,Corporate,Office Supplies,4267,779,South
1991,1992,Corporate,Office Supplies,324,644,West
1992,1993,Home Office,Technology,2620,94,West
1993,1994,Consumer,Furniture,3814,997,East
1994,1995,Consumer,Technology,2507,957,North
1995,1996,Consumer,Furniture,910,737,North
1996,1997,Home Office,Furniture,3217,225,South
1997,1998,Corporate,Technology,4873,23,North
1998,1999,Home Office,Furniture,3390,46,West
1999,2000,Home Office,Office Supplies,4486,36,North
2000,2001,Corporate,Office Supplies,2351,673,South
2001,2002,Consumer,Furniture,4761,585,North
2002,2003,Consumer,Office Supplies,2629,79,North
2003,2004,Home Office,Technology,4706,163,East
2004,2005,Consumer,Office Supplies,1023,447,East
2005,2006,Home Office,Furniture,3152,774,West
2006,2007,Home Office,Technology,115,280,North
2007,2008,Corporate,Office Supplies,3696,550,West
2008,2009,Corporate,Technology,2503,83,North
2009,2010,Corporate,Furniture,4551,805,West
2010,2011,Home Office,Office Supplies,4110,580,West
2011,2012,Corporate,Technology,2746,764,North
2012,2013,Consumer,Technology,1201,850,East
2013,2014,Consumer,Office Supplies,3075,158,South
2014,2015,Home Office,Technology,1190,515,West
2015,2016,Home Office,Technology,3006,19,South
2016,2017,Corporate,Furniture,1846,653,North
2017,2018,Home Office,Furniture,4409,511,West
2018,2019,Home Office,Furniture,1820,71,North
2019,2020,Consumer,Furniture,548,397,West
2020,2021,Consumer,Furniture,3112,904,East
2021,2022,Corporate,Furniture,3604,783,West
2022,2023,Home Office,Office Supplies,1668,739,West
2023,2024,Home Office,Furniture,3286,241,West
2024,2025,Consumer,Technology,3591,857,North
2025,2026,Home Office,Office Supplies,2646,593,East
2026,2027,Consumer,Technology,4905,997,North
2027,2028,Corporate,Furniture,4575,537,South
2028,2029,Consumer,Furniture,1147,559,East
2029,2030,Home Office,Technology,4734,698,West
2030,2031,Corporate,Technology,4948,454,West
2031,2032,Consumer,Technology,4730,330,West
2032,2033,Consumer,Office Supplies,4868,903,South
2033,2034,Corporate,Furniture,1164,92,South
2034,2035,Corporate,Technology,3921,443,West
2035,2036,Consumer,Furniture,667,26,West
2036,2037,Home Office,Technology,1536,378,South
2037,2038,Consumer,Furniture,4610,677,North
2038,2039,Corporate,Office Supplies,4644,693,East
2039,2040,Consumer,Furniture,4805,917,East
2040,2041,Corporate,Technology,2805,591,South
2041,2042,Corporate,Furniture,2583,592,South
2042,2043,Home Office,Office Supplies,4900,264,North
2043,2044,Corporate,Office Supplies,4929,465,West
2044,2045,Corporate,Furniture,3879,652,South
2045,2046,Home Office,Technology,4995,570,North
2046,2047,Corporate,Office Supplies,2894,542,South
2047,2048,Home Office,Office Supplies,1960,401,West
2048,2049,Home Office,Furniture,3436,329,South
2049,2050,Corporate,Office Supplies,1990,229,West
2050,2051,Corporate,Office Supplies,4926,708,North
2051,2052,Consumer,Technology,4391,423,East
2052,2053,Home Office,Technology,1197,41,North
2053,2054,Consumer,Technology,1738,724,East
2054,2055,Corporate,Furniture,1758,797,North
2055,2056,Consumer,Office Supplies,1225,763,East
2056,2057,Home Office,Furniture,363,25,North
2057,2058,Consumer,Office Supplies,3092,418,West
2058,2059,Home Office,Office Supplies,260,837,East
2059,2060,Corporate,Office Supplies,1356,182,East
2060,2061,Corporate,Technology,4965,658,West
2061,2062,Home Office,Furniture,410,188,West
2062,2063,Corporate,Furniture,326,880,East
2063,2064,Corporate,Office Supplies,372,582,East
2064,2065,Corporate,Furniture,4512,506,East
2065,2066,Corporate,Technology,2022,945,South
2066,2067,Home Office,Furniture,3257,113,North
2067,2068,Consumer,Office Supplies,2438,326,West
2068,2069,Consumer,Technology,1701,716,West
2069,2070,Corporate,Technology,3818,777,North
2070,2071,Consumer,Office Supplies,2522,985,West
2071,2072,Consumer,Furniture,2025,597,West
2072,2073,Corporate,Office Supplies,666,792,East
2073,2074,Corporate,Furniture,3015,190,West
2074,2075,Consumer,Furniture,351,141,South
2075,2076,Home Office,Technology,2454,672,South
2076,2077,Corporate,Office Supplies,3601,164,East
2077,2078,Home Office,Technology,4870,368,East
2078,2079,Consumer,Office Supplies,2411,244,West
2079,2080,Corporate,Office Supplies,2215,769,East
2080,2081,Home Office,Technology,1702,174,East
2081,2082,Corporate,Office Supplies,3370,726,North
2082,2083,Consumer,Office Supplies,613,436,East
2083,2084,Home Office,Furniture,541,686,South
2084,2085,Consumer,Office Supplies,100,497,West
2085,2086,Consumer,Office Supplies,1002,222,East
2086,2087,Corporate,Technology,1320,934,North
2087,2088,Home Office,Technology,2421,775,West
2088,2089,Consumer,Office Supplies,955,166,West
2089,2090,Consumer,Furniture,1117,698,West
2090,2091,Home Office,Furniture,2320,84,North
2091,2092,Consumer,Technology,4780,444,South
2092,2093,Consumer,Office Supplies,3604,187,North
2093,2094,Home Office,Office Supplies,4650,805,North
2094,2095,Home Office,Furniture,295,851,West
2095,2096,Home Office,Furniture,4794,654,North
2096,2097,Home Office,Furniture,1432,646,West
2097,2098,Corporate,Technology,4751,321,East
2098,2099,Home Office,Office Supplies,1617,841,East
2099,2100,Corporate,Technology,4634,136,North
2100,2101,Corporate,Office Supplies,2797,386,South
2101,2102,Corporate,Technology,4554,354,West
2102,2103,Consumer,Office Supplies,3207,234,North
2103,2104,Corporate,Furniture,1157,26,North
2104,2105,Corporate,Furniture,2805,506,South
2105,2106,Consumer,Furniture,2163,482,West
2106,2107,Consumer,Technology,2892,874,North
2107,2108,Consumer,Furniture,520,320,South
2108,2109,Home Office,Office Supplies,4748,767,West
2109,2110,Consumer,Technology,2914,146,East
2110,2111,Consumer,Office Supplies,2940,484,South
2111,2112,Corporate,Technology,1131,226,North
2112,2113,Consumer,Office Supplies,1591,205,East
2113,2114,Home Office,Office Supplies,1985,210,West
2114,2115,Consumer,Technology,609,375,South
2115,2116,Home Office,Technology,1959,728,East
2116,2117,Consumer,Furniture,1958,537,East
2117,2118,Consumer,Furniture,1013,409,North
2118,2119,Consumer,Office Supplies,2165,534,East
2119,2120,Consumer,Office Supplies,3066,599,North
2120,2121,Home Office,Office Supplies,4989,223,West
2121,2122,Home Office,Technology,3937,350,North
2122,2123,Corporate,Technology,1696,338,South
2123,2124,Home Office,Furniture,4542,968,East
2124,2125,Consumer,Office Supplies,1155,128,West
2125,2126,Corporate,Furniture,1123,434,North
2126,2127,Corporate,Technology,3304,702,North
2127,2128,Corporate,Technology,675,845,North
2128,2129,Consumer,Technology,298,851,West
2129,2130,Home Office,Furniture,1465,876,West
2130,2131,Consumer,Technology,2098,382,South
2131,2132,Corporate,Office Supplies,1116,658,West
2132,2133,Consumer,Furniture,3718,188,North
2133,2134,Consumer,Technology,125,441,West
2134,2135,Home Office,Furniture,1658,729,North
2135,2136,Home Office,Furniture,3824,954,South
2136,2137,Corporate,Technology,3558,411,South
2137,2138,Consumer,Technology,3456,403,North
2138,2139,Consumer,Furniture,2467,990,West
2139,2140,Home Office,Furniture,570,892,West
2140,2141,Consumer,Technology,2567,575,East
2141,2142,Consumer,Office Supplies,4846,88,South
2142,2143,Consumer,Furniture,985,792,South
2143,2144,Home Office,Furniture,975,916,North
2144,2145,Corporate,Office Supplies,1041,433,East
2145,2146,Corporate,Technology,3141,127,West
2146,2147,Consumer,Technology,671,377,North
2147,2148,Corporate,Office Supplies,4249,115,West
2148,2149,Home Office,Technology,704,114,West
2149,2150,Home Office,Technology,4520,312,West
2150,2151,Corporate,Furniture,3629,639,East
2151,2152,Corporate,Furniture,4460,903,South
2152,2153,Consumer,Furniture,481,750,South
2153,2154,Corporate,Office Supplies,1336,157,West
2154,2155,Consumer,Technology,2480,875,East
2155,2156,Consumer,Technology,3879,159,West
2156,2157,Home Office,Furniture,2205,825,West
2157,2158,Home Office,Furniture,1617,265,North
2158,2159,Home Office,Office Supplies,1633,91,East
2159,2160,Home Office,Technology,3394,25,East
2160,2161,Corporate,Office Supplies,3540,910,South
2161,2162,Home Office,Technology,3589,202,South
2162,2163,Corporate,Office Supplies,4045,732,West
2163,2164,Home Office,Furniture,4742,83,North
2164,2165,Corporate,Office Supplies,970,286,North
2165,2166,Consumer,Office Supplies,2250,70,North
2166,2167,Corporate,Furniture,3332,982,West
2167,2168,Corporate,Technology,3331,960,South
2168,2169,Home Office,Technology,3866,545,East
2169,2170,Corporate,Furniture,3307,544,West
2170,2171,Consumer,Office Supplies,4593,352,North
2171,2172,Consumer,Office Supplies,4587,404,North
2172,2173,Home Office,Office Supplies,3926,952,West
2173,2174,Consumer,Technology,1712,267,North
2174,2175,Corporate,Office Supplies,1177,207,East
2175,2176,Consumer,Technology,1400,62,West
2176,2177,Home Office,Office Supplies,2258,660,East
2177,2178,Corporate,Furniture,2371,280,South
2178,2179,Home Office,Furniture,2629,210,North
2179,2180,Corporate,Technology,3360,405,North
2180,2181,Consumer,Technology,463,387,South
2181,2182,Home Office,Furniture,945,900,South
2182,2183,Home Office,Furniture,3132,685,South
2183,2184,Corporate,Office Supplies,1427,613,North
2184,2185,Home Office,Furniture,3262,544,South
2185,2186,Corporate,Technology,491,932,West
2186,2187,Corporate,Furniture,3355,97,South
2187,2188,Corporate,Technology,2159,407,West
2188,2189,Corporate,Technology,3337,191,West
2189,2190,Consumer,Office Supplies,2146,876,East
2190,2191,Corporate,Office Supplies,4341,292,West
2191,2192,Home Office,Office Supplies,1405,542,West
2192,2193,Consumer,Office Supplies,2994,570,South
2193,2194,Home Office,Furniture,2132,199,North
2194,2195,Consumer,Office Supplies,864,214,South
2195,2196,Corporate,Furniture,598,977,East
2196,2197,Consumer,Office Supplies,3468,53,East
2197,2198,Consumer,Office Supplies,3044,309,North
2198,2199,Home Office,Technology,3904,649,West
2199,2200,Home Office,Furniture,4313,710,East
2200,2201,Corporate,Technology,4560,691,North
2201,2202,Consumer,Office Supplies,235,288,South
2202,2203,Consumer,Furniture,1200,722,South
2203,2204,Consumer,Office Supplies,1971,394,South
2204,2205,Corporate,Technology,4133,646,West
2205,2206,Corporate,Furniture,4213,813,West
2206,2207,Corporate,Technology,4112,320,North
2207,2208,Corporate,Office Supplies,304,887,East
2208,2209,Corporate,Office Supplies,4694,537,South
2209,2210,Home Office,Office Supplies,2471,866,West
2210,2211,Consumer,Furniture,4790,283,West
2211,2212,Consumer,Technology,661,491,East
2212,2213,Consumer,Technology,3414,815,South
2213,2214,Consumer,Office Supplies,4060,460,South
2214,2215,Consumer,Technology,2626,541,East
2215,2216,Consumer,Furniture,2311,540,North
2216,2217,Consumer,Office Supplies,2471,534,North
2217,2218,Consumer,Office Supplies,4835,26,East
2218,2219,Home Office,Office Supplies,2781,727,East
2219,2220,Consumer,Furniture,2906,39,North
2220,2221,Home Office,Office Supplies,3869,479,East
2221,2222,Corporate,Office Supplies,2355,820,South
2222,2223,Consumer,Office Supplies,4510,313,North
2223,2224,Corporate,Office Supplies,1000,564,North
2224,2225,Corporate,Technology,1850,102,North
2225,2226,Corporate,Office Supplies,4999,891,South
2226,2227,Home Office,Furniture,3395,587,East
2227,2228,Corporate,Office Supplies,3259,640,West
2228,2229,Corporate,Office Supplies,1552,830,West
2229,2230,Corporate,Technology,1343,593,South
2230,2231,Consumer,Office Supplies,2422,855,South
2231,2232,Consumer,Technology,1770,171,East
2232,2233,Home Office,Furniture,2127,982,West
2233,2234,Home Office,Technology,1868,851,North
2234,2235,Consumer,Office Supplies,3763,337,South
2235,2236,Home Office,Furniture,2402,976,West
2236,2237,Consumer,Office Supplies,1269,790,North
2237,2238,Corporate,Technology,4810,739,North
2238,2239,Corporate,Furniture,2532,263,East
2239,2240,Home Office,Furniture,486,449,South
2240,2241,Consumer,Technology,2530,580,North
2241,2242,Consumer,Technology,3448,553,South
2242,2243,Home Office,Furniture,1505,860,West
2243,2244,Consumer,Furniture,223,129,West
2244,2245,Corporate,Technology,4097,984,South
2245,2246,Home Office,Office Supplies,3552,831,North
2246,2247,Home Office,Furniture,3996,523,North
2247,2248,Consumer,Technology,1724,639,West
2248,2249,Home Office,Office Supplies,1281,558,North
2249,2250,Consumer,Furniture,827,988,North
2250,2251,Consumer,Furniture,3984,106,West
2251,2252,Consumer,Technology,3770,880,East
2252,2253,Consumer,Office Supplies,1241,379,West
2253,2254,Consumer,Furniture,2475,426,South
2254,2255,Home Office,Office Supplies,4131,266,East
2255,2256,Corporate,Office Supplies,458,137,South
2256,2257,Corporate,Furniture,3842,368,East
2257,2258,Home Office,Office Supplies,2944,165,East
2258,2259,Home Office,Furniture,4638,666,West
2259,2260,Corporate,Office Supplies,2311,66,West
2260,2261,Corporate,Furniture,1072,591,South
2261,2262,Corporate,Technology,460,957,West
2262,2263,Corporate,Furniture,2732,565,East
2263,2264,Corporate,Furniture,3290,733,West
2264,2265,Consumer,Furniture,1724,696,South
2265,2266,Home Office,Office Supplies,4028,662,East
2266,2267,Consumer,Technology,1856,85,South
2267,2268,Corporate,Office Supplies,340,167,North
2268,2269,Corporate,Office Supplies,4861,94,West
2269,2270,Corporate,Furniture,1075,331,East
2270,2271,Consumer,Office Supplies,4418,318,South
2271,2272,Consumer,Furniture,2413,539,West
2272,2273,Corporate,Technology,1405,293,West
2273,2274,Consumer,Office Supplies,887,909,South
2274,2275,Consumer,Office Supplies,2528,51,East
2275,2276,Corporate,Office Supplies,655,903,South
2276,2277,Consumer,Furniture,2209,894,West
2277,2278,Home Office,Furniture,2749,143,South
2278,2279,Home Office,Office Supplies,1659,623,North
2279,2280,Home Office,Office Supplies,4335,658,West
2280,2281,Home Office,Technology,1463,413,East
2281,2282,Corporate,Technology,4059,502,North
2282,2283,Corporate,Technology,689,231,South
2283,2284,Corporate,Technology,1849,238,East
2284,2285,Home Office,Technology,640,815,North
2285,2286,Home Office,Furniture,2522,461,South
2286,2287,Consumer,Technology,390,315,North
2287,2288,Consumer,Technology,2190,837,West
2288,2289,Home Office,Office Supplies,4035,918,East
2289,2290,Home Office,Furniture,4058,128,North
2290,2291,Home Office,Technology,3959,620,West
2291,2292,Home Office,Technology,1355,871,South
2292,2293,Consumer,Technology,107,947,West
2293,2294,Home Office,Office Supplies,1757,333,South
2294,2295,Consumer,Office Supplies,4678,930,East
2295,2296,Home Office,Office Supplies,4528,168,West
2296,2297,Home Office,Technology,1356,248,West
2297,2298,Home Office,Office Supplies,4050,405,South
2298,2299,Consumer,Technology,1139,329,North
2299,2300,Consumer,Furniture,2216,856,South
2300,2301,Corporate,Technology,784,198,North
2301,2302,Home Office,Office Supplies,4118,318,South
2302,2303,Corporate,Furniture,1897,258,East
2303,2304,Corporate,Technology,1924,547,North
2304,2305,Consumer,Furniture,3634,710,West
2305,2306,Consumer,Furniture,162,515,North
2306,2307,Corporate,Furniture,360,403,South
2307,2308,Home Office,Technology,3671,661,South
2308,2309,Consumer,Office Supplies,3292,415,North
2309,2310,Home Office,Technology,1588,190,West
2310,2311,Home Office,Office Supplies,1230,30,East
2311,2312,Corporate,Technology,4375,684,West
2312,2313,Corporate,Technology,454,592,North
2313,2314,Corporate,Technology,2874,603,South
2314,2315,Corporate,Office Supplies,688,164,West
2315,2316,Consumer,Technology,704,837,South
2316,2317,Consumer,Furniture,2328,876,South
2317,2318,Corporate,Technology,273,568,West
2318,2319,Consumer,Furniture,453,203,North
2319,2320,Corporate,Office Supplies,3390,233,West
2320,2321,Home Office,Office Supplies,533,408,East
2321,2322,Home Office,Technology,3052,758,South
2322,2323,Home Office,Technology,358,289,South
2323,2324,Corporate,Technology,967,989,North
2324,2325,Home Office,Furniture,2706,19,South
2325,2326,Consumer,Office Supplies,3745,385,South
2326,2327,Home Office,Furniture,695,481,South
2327,2328,Home Office,Furniture,493,161,West
2328,2329,Home Office,Technology,4531,865,South
2329,2330,Consumer,Technology,2210,625,West
2330,2331,Corporate,Furniture,3964,133,North
2331,2332,Consumer,Furniture,4239,706,East
2332,2333,Corporate,Technology,2300,811,South
2333,2334,Corporate,Technology,4097,562,East
2334,2335,Home Office,Furniture,3953,433,West
2335,2336,Corporate,Technology,3854,532,North
2336,2337,Consumer,Technology,4470,739,North
2337,2338,Consumer,Furniture,3529,522,West
2338,2339,Corporate,Furniture,4621,935,East
2339,2340,Home Office,Office Supplies,4678,180,South
2340,2341,Home Office,Furniture,313,859,West
2341,2342,Consumer,Technology,2226,803,West
2342,2343,Home Office,Furniture,238,574,West
2343,2344,Corporate,Furniture,4293,134,West
2344,2345,Corporate,Furniture,4060,184,West
2345,2346,Consumer,Office Supplies,763,513,North
2346,2347,Corporate,Office Supplies,2932,786,West
2347,2348,Consumer,Technology,1173,786,North
2348,2349,Corporate,Office Supplies,4674,394,East
2349,2350,Consumer,Furniture,4122,720,South
2350,2351,Home Office,Office Supplies,261,777,North
2351,2352,Corporate,Furniture,1600,693,South
2352,2353,Corporate,Office Supplies,3278,580,South
2353,2354,Consumer,Office Supplies,4590,961,South
2354,2355,Consumer,Office Supplies,4996,115,North
2355,2356,Corporate,Furniture,285,956,North
2356,2357,Consumer,Office Supplies,4753,646,North
2357,2358,Corporate,Furniture,2080,537,East
2358,2359,Home Office,Furniture,4641,47,North
2359,2360,Consumer,Technology,4088,404,East
2360,2361,Corporate,Office Supplies,929,764,North
2361,2362,Home Office,Technology,3619,930,North
2362,2363,Home Office,Technology,3611,486,South
2363,2364,Corporate,Furniture,3428,476,West
2364,2365,Consumer,Office Supplies,3448,731,South
2365,2366,Corporate,Furniture,2585,514,North
2366,2367,Home Office,Furniture,4711,324,West
2367,2368,Corporate,Office Supplies,1325,294,West
2368,2369,Consumer,Furniture,4951,473,East
2369,2370,Home Office,Office Supplies,2944,689,West
2370,2371,Corporate,Office Supplies,2833,273,East
2371,2372,Consumer,Furniture,4520,619,South
2372,2373,Home Office,Furniture,4096,655,East
2373,2374,Consumer,Technology,2770,438,North
2374,2375,Home Office,Furniture,4882,374,West
2375,2376,Corporate,Office Supplies,1598,190,North
2376,2377,Consumer,Technology,1788,743,West
2377,2378,Home Office,Office Supplies,2547,885,West
2378,2379,Consumer,Technology,967,670,South
2379,2380,Consumer,Furniture,4412,253,East
2380,2381,Corporate,Furniture,3108,322,South
2381,2382,Consumer,Furniture,3624,85,East
2382,2383,Home Office,Office Supplies,2112,890,South
2383,2384,Home Office,Technology,339,271,South
2384,2385,Home Office,Office Supplies,147,240,West
2385,2386,Home Office,Technology,4149,712,South
2386,2387,Corporate,Furniture,3557,389,South
2387,2388,Consumer,Office Supplies,3379,655,East
2388,2389,Corporate,Furniture,3328,318,South
2389,2390,Consumer,Office Supplies,1348,773,West
2390,2391,Consumer,Furniture,1267,397,South
2391,2392,Consumer,Office Supplies,3590,766,North
2392,2393,Corporate,Office Supplies,1997,786,North
2393,2394,Consumer,Technology,3636,334,East
2394,2395,Corporate,Furniture,2279,851,East
2395,2396,Home Office,Technology,4820,888,North
2396,2397,Home Office,Technology,2070,465,South
2397,2398,Consumer,Furniture,4796,521,South
2398,2399,Corporate,Office Supplies,2820,352,East
2399,2400,Home Office,Technology,2481,525,West
2400,2401,Corporate,Furniture,2043,451,South
2401,2402,Corporate,Office Supplies,3246,558,North
2402,2403,Consumer,Technology,3583,592,West
2403,2404,Home Office,Technology,3796,271,West
2404,2405,Consumer,Technology,2925,758,South
2405,2406,Consumer,Office Supplies,1927,828,West
2406,2407,Home Office,Technology,322,472,East
2407,2408,Home Office,Office Supplies,1846,876,West
2408,2409,Corporate,Technology,629,699,East
2409,2410,Home Office,Furniture,233,617,South
2410,2411,Corporate,Technology,3903,919,West
2411,2412,Corporate,Furniture,4586,236,North
2412,2413,Corporate,Furniture,201,532,North
2413,2414,Home Office,Furniture,3823,787,East
2414,2415,Consumer,Office Supplies,2828,198,East
2415,2416,Corporate,Furniture,2645,218,South
2416,2417,Consumer,Technology,2658,22,West
2417,2418,Consumer,Office Supplies,3141,898,East
2418,2419,Home Office,Furniture,2100,171,East
2419,2420,Consumer,Office Supplies,1048,581,South
2420,2421,Consumer,Office Supplies,1668,502,West
2421,2422,Home Office,Office Supplies,2153,444,West
2422,2423,Corporate,Technology,3105,14,East
2423,2424,Consumer,Furniture,293,211,West
2424,2425,Home Office,Office Supplies,841,425,West
2425,2426,Consumer,Office Supplies,4006,21,West
2426,2427,Consumer,Office Supplies,3059,957,North
2427,2428,Corporate,Furniture,4668,406,West
2428,2429,Consumer,Office Supplies,2363,350,North
2429,2430,Home Office,Office Supplies,3520,761,West
2430,2431,Consumer,Technology,3023,959,West
2431,2432,Corporate,Furniture,3354,382,West
2432,2433,Corporate,Technology,3339,387,East
2433,2434,Home Office,Furniture,3965,234,East
2434,2435,Corporate,Furniture,137,191,North
2435,2436,Consumer,Furniture,1798,306,West
2436,2437,Corporate,Technology,4666,825,North
2437,2438,Home Office,Technology,4126,316,West
2438,2439,Corporate,Technology,3313,440,South
2439,2440,Corporate,Technology,1883,699,North
2440,2441,Corporate,Office Supplies,2066,127,East
2441,2442,Home Office,Office Supplies,202,361,South
2442,2443,Corporate,Office Supplies,141,597,East
2443,2444,Corporate,Furniture,3094,55,South
2444,2445,Consumer,Office Supplies,3318,236,South
2445,2446,Home Office,Furniture,3090,365,South
2446,2447,Corporate,Technology,4388,303,North
2447,2448,Home Office,Furniture,3469,249,North
2448,2449,Corporate,Furniture,1161,357,East
2449,2450,Corporate,Office Supplies,2649,150,North
2450,2451,Corporate,Technology,1776,213,East
2451,2452,Consumer,Technology,3789,671,West
2452,2453,Consumer,Office Supplies,4097,651,East
2453,2454,Consumer,Technology,425,870,East
2454,2455,Home Office,Technology,1220,854,North
2455,2456,Home Office,Technology,207,278,East
2456,2457,Consumer,Office Supplies,2778,322,North
2457,2458,Home Office,Technology,434,427,East
2458,2459,Corporate,Furniture,2139,924,West
2459,2460,Corporate,Furniture,903,146,North
2460,2461,Corporate,Technology,1948,637,North
2461,2462,Consumer,Office Supplies,866,360,West
2462,2463,Home Office,Office Supplies,3627,170,North
2463,2464,Consumer,Office Supplies,2406,676,East
2464,2465,Home Office,Technology,2929,182,South
2465,2466,Corporate,Technology,1588,139,North
2466,2467,Consumer,Furniture,4229,88,South
2467,2468,Home Office,Office Supplies,3666,988,East
2468,2469,Home Office,Furniture,2473,578,West
2469,2470,Corporate,Furniture,936,872,North
2470,2471,Consumer,Office Supplies,3409,66,South
2471,2472,Consumer,Technology,3712,409,West
2472,2473,Consumer,Technology,4934,372,West
2473,2474,Corporate,Furniture,2891,344,North
2474,2475,Consumer,Furniture,4312,143,South
2475,2476,Corporate,Furniture,4083,23,North
2476,2477,Corporate,Furniture,3868,292,East
2477,2478,Corporate,Office Supplies,1604,815,West
2478,2479,Home Office,Furniture,2550,668,South
2479,2480,Consumer,Furniture,3144,430,North
2480,2481,Consumer,Technology,2133,136,West
2481,2482,Corporate,Technology,1799,781,North
2482,2483,Corporate,Technology,2380,835,South
2483,2484,Consumer,Office Supplies,1407,227,East
2484,2485,Corporate,Office Supplies,2627,914,East
2485,2486,Consumer,Technology,3938,754,East
2486,2487,Home Office,Technology,1075,890,North
2487,2488,Corporate,Furniture,2156,689,West
2488,2489,Consumer,Furniture,4910,664,East
2489,2490,Corporate,Office Supplies,2526,498,East
2490,2491,Consumer,Office Supplies,3774,269,East
2491,2492,Consumer,Furniture,2528,227,East
2492,2493,Corporate,Technology,3833,829,South
2493,2494,Home Office,Furniture,459,667,South
2494,2495,Consumer,Office Supplies,2323,498,West
2495,2496,Consumer,Office Supplies,584,958,South
2496,2497,Consumer,Furniture,1528,452,South
2497,2498,Home Office,Furniture,2180,108,South
2498,2499,Home Office,Furniture,795,191,North
2499,2500,Corporate,Office Supplies,4760,178,South
2500,2501,Home Office,Technology,301,242,North
2501,2502,Corporate,Furniture,3957,965,North
2502,2503,Corporate,Office Supplies,1298,102,South
2503,2504,Home Office,Office Supplies,1367,638,North
2504,2505,Corporate,Office Supplies,3070,481,East
2505,2506,Home Office,Furniture,173,525,West
2506,2507,Corporate,Furniture,195,94,South
2507,2508,Home Office,Technology,4368,688,South
2508,2509,Home Office,Office Supplies,3577,528,West
2509,2510,Corporate,Furniture,2302,390,South
2510,2511,Consumer,Office Supplies,357,416,South
2511,2512,Corporate,Office Supplies,3758,241,West
2512,2513,Home Office,Technology,4525,260,North
2513,2514,Consumer,Furniture,2906,94,East
2514,2515,Corporate,Furniture,4356,328,North
2515,2516,Corporate,Office Supplies,285,202,East
2516,2517,Corporate,Office Supplies,242,644,West
2517,2518,Consumer,Technology,3453,946,North
2518,2519,Home Office,Technology,739,610,North
2519,2520,Corporate,Technology,3849,616,East
2520,2521,Corporate,Technology,2174,896,East
2521,2522,Corporate,Technology,4068,309,East
2522,2523,Corporate,Technology,301,367,East
2523,2524,Corporate,Office Supplies,3192,566,South
2524,2525,Home Office,Technology,3265,774,West
2525,2526,Home Office,Office Supplies,3179,462,East
2526,2527,Corporate,Office Supplies,4667,894,North
2527,2528,Consumer,Furniture,2202,572,North
2528,2529,Home Office,Office Supplies,1010,515,North
2529,2530,Consumer,Office Supplies,1671,74,East
2530,2531,Home Office,Technology,3548,575,West
2531,2532,Corporate,Office Supplies,2259,961,South
2532,2533,Home Office,Technology,4425,231,East
2533,2534,Corporate,Technology,2644,475,East
2534,2535,Home Office,Technology,1429,81,South
2535,2536,Corporate,Furniture,3713,897,West
2536,2537,Corporate,Technology,560,483,East
2537,2538,Corporate,Office Supplies,906,689,North
2538,2539,Corporate,Technology,3799,707,North
2539,2540,Consumer,Technology,2373,664,East
2540,2541,Corporate,Technology,158,28,West
2541,2542,Consumer,Furniture,2575,531,North
2542,2543,Consumer,Office Supplies,4923,993,North
2543,2544,Corporate,Furniture,1255,793,South
2544,2545,Consumer,Office Supplies,597,692,West
2545,2546,Home Office,Furniture,4425,424,East
2546,2547,Corporate,Office Supplies,4528,373,South
2547,2548,Consumer,Furniture,4076,537,South
2548,2549,Corporate,Technology,1707,89,South
2549,2550,Corporate,Furniture,820,805,West
2550,2551,Corporate,Furniture,1374,199,West
2551,2552,Consumer,Technology,3967,157,West
2552,2553,Home Office,Technology,790,684,East
2553,2554,Home Office,Office Supplies,4123,452,West
2554,2555,Consumer,Office Supplies,4252,274,South
2555,2556,Corporate,Office Supplies,3537,881,North
2556,2557,Consumer,Furniture,2455,659,East
2557,2558,Consumer,Office Supplies,849,518,East
2558,2559,Consumer,Furniture,3151,310,East
2559,2560,Corporate,Furniture,4873,475,South
2560,2561,Consumer,Office Supplies,3664,374,West
2561,2562,Corporate,Office Supplies,4755,408,South
2562,2563,Consumer,Furniture,1804,502,North
2563,2564,Home Office,Technology,3545,551,West
2564,2565,Consumer,Technology,4544,825,North
2565,2566,Consumer,Furniture,2477,489,East
2566,2567,Home Office,Office Supplies,3331,177,East
2567,2568,Corporate,Furniture,2315,612,South
2568,2569,Corporate,Furniture,985,100,West
2569,2570,Consumer,Office Supplies,964,732,East
2570,2571,Home Office,Technology,3594,851,South
2571,2572,Corporate,Furniture,3154,309,North
2572,2573,Consumer,Technology,885,183,South
2573,2574,Home Office,Technology,556,655,West
2574,2575,Corporate,Office Supplies,444,382,West
2575,2576,Corporate,Furniture,653,33,West
2576,2577,Home Office,Furniture,887,210,East
2577,2578,Home Office,Technology,1919,740,South
2578,2579,Home Office,Technology,804,16,North
2579,2580,Home Office,Office Supplies,1052,15,West
2580,2581,Consumer,Technology,914,639,South
2581,2582,Home Office,Office Supplies,1648,170,East
2582,2583,Corporate,Furniture,243,606,North
2583,2584,Corporate,Office Supplies,2877,887,North
2584,2585,Consumer,Technology,3866,257,North
2585,2586,Corporate,Furniture,3925,175,East
2586,2587,Corporate,Office Supplies,1316,437,West
2587,2588,Home Office,Furniture,1907,154,East
2588,2589,Corporate,Office Supplies,4570,520,North
2589,2590,Consumer,Technology,4872,552,South
2590,2591,Home Office,Technology,2839,942,North
2591,2592,Home Office,Furniture,1389,518,South
2592,2593,Consumer,Furniture,655,916,East
2593,2594,Home Office,Furniture,962,229,East
2594,2595,Home Office,Office Supplies,2585,654,East
2595,2596,Consumer,Technology,2455,585,South
2596,2597,Home Office,Furniture,1065,85,East
2597,2598,Consumer,Furniture,2495,652,West
2598,2599,Consumer,Furniture,575,833,North
2599,2600,Corporate,Office Supplies,1438,328,West
2600,2601,Corporate,Furniture,624,882,South
2601,2602,Home Office,Furniture,2671,47,East
2602,2603,Home Office,Office Supplies,661,575,North
2603,2604,Consumer,Office Supplies,3802,651,East
2604,2605,Home Office,Furniture,4764,739,East
2605,2606,Consumer,Furniture,1305,523,North
2606,2607,Consumer,Office Supplies,4133,255,North
2607,2608,Home Office,Technology,3947,149,West
2608,2609,Consumer,Office Supplies,4301,817,West
2609,2610,Corporate,Technology,2338,267,West
2610,2611,Home Office,Furniture,1260,626,West
2611,2612,Corporate,Furniture,4895,390,West
2612,2613,Home Office,Technology,3925,857,South
2613,2614,Consumer,Office Supplies,171,487,South
2614,2615,Home Office,Furniture,854,194,East
2615,2616,Corporate,Technology,3952,312,East
2616,2617,Consumer,Office Supplies,1004,503,West
2617,2618,Home Office,Technology,151,765,East
2618,2619,Home Office,Office Supplies,2721,173,South
2619,2620,Home Office,Office Supplies,3290,653,South
2620,2621,Corporate,Office Supplies,4048,212,East
2621,2622,Corporate,Office Supplies,1387,417,West
2622,2623,Home Office,Technology,4880,219,South
2623,2624,Consumer,Technology,1872,868,North
2624,2625,Consumer,Technology,4002,110,North
2625,2626,Corporate,Technology,4020,455,East
2626,2627,Consumer,Technology,1049,907,West
2627,2628,Corporate,Office Supplies,3238,792,East
2628,2629,Home Office,Furniture,2516,980,West
2629,2630,Corporate,Furniture,2379,996,West
2630,2631,Corporate,Technology,1525,570,North
2631,2632,Home Office,Technology,1684,377,South
2632,2633,Consumer,Furniture,1146,248,South
2633,2634,Corporate,Office Supplies,2265,736,East
2634,2635,Corporate,Technology,4123,300,East
2635,2636,Home Office,Office Supplies,1276,381,West
2636,2637,Consumer,Furniture,2260,871,South
2637,2638,Corporate,Furniture,1131,440,West
2638,2639,Home Office,Technology,3388,289,North
2639,2640,Corporate,Office Supplies,4626,476,North
2640,2641,Home Office,Technology,1415,325,West
2641,2642,Consumer,Furniture,992,998,West
2642,2643,Consumer,Office Supplies,206,86,West
2643,2644,Consumer,Technology,3180,825,West
2644,2645,Consumer,Technology,844,160,West
2645,2646,Corporate,Technology,721,405,North
2646,2647,Corporate,Furniture,4340,505,North
2647,2648,Consumer,Technology,920,306,North
2648,2649,Consumer,Office Supplies,511,678,East
2649,2650,Consumer,Technology,213,719,North
2650,2651,Corporate,Furniture,2546,956,South
2651,2652,Consumer,Technology,3446,905,South
2652,2653,Consumer,Furniture,4319,416,West
2653,2654,Consumer,Furniture,185,296,North
2654,2655,Home Office,Office Supplies,4242,502,West
2655,2656,Consumer,Office Supplies,1672,926,West
2656,2657,Home Office,Technology,2105,545,South
2657,2658,Home Office,Furniture,4179,465,South
2658,2659,Consumer,Furniture,903,501,West
2659,2660,Home Office,Office Supplies,3434,18,South
2660,2661,Consumer,Office Supplies,3449,927,West
2661,2662,Corporate,Technology,1169,141,West
2662,2663,Corporate,Furniture,2769,86,West
2663,2664,Corporate,Office Supplies,4241,747,East
2664,2665,Corporate,Technology,2871,140,South
2665,2666,Home Office,Furniture,4735,897,South
2666,2667,Consumer,Furniture,4282,421,North
2667,2668,Consumer,Office Supplies,1508,99,South
2668,2669,Consumer,Technology,3840,507,North
2669,2670,Corporate,Office Supplies,364,638,West
2670,2671,Corporate,Technology,3948,631,East
2671,2672,Consumer,Furniture,3193,898,West
2672,2673,Corporate,Technology,4898,363,West
2673,2674,Consumer,Technology,1573,280,West
2674,2675,Consumer,Technology,4381,401,North
2675,2676,Consumer,Technology,425,441,East
2676,2677,Consumer,Technology,1306,748,West
2677,2678,Consumer,Office Supplies,4592,481,North
2678,2679,Consumer,Technology,1604,765,West
2679,2680,Consumer,Technology,3634,317,East
2680,2681,Corporate,Furniture,1540,517,West
2681,2682,Consumer,Technology,1055,64,West
2682,2683,Consumer,Furniture,654,46,South
2683,2684,Corporate,Office Supplies,3354,909,North
2684,2685,Corporate,Office Supplies,4239,64,East
2685,2686,Corporate,Technology,4677,533,North
2686,2687,Consumer,Office Supplies,2136,924,South
2687,2688,Home Office,Technology,1386,472,West
2688,2689,Home Office,Office Supplies,1297,706,East
2689,2690,Corporate,Technology,4761,487,East
2690,2691,Home Office,Technology,2367,758,North
2691,2692,Corporate,Furniture,3729,814,West
2692,2693,Consumer,Furniture,3565,725,South
2693,2694,Home Office,Furniture,871,220,West
2694,2695,Consumer,Furniture,2556,235,North
2695,2696,Home Office,Technology,570,16,East
2696,2697,Consumer,Office Supplies,1470,741,East
2697,2698,Home Office,Technology,3232,832,West
2698,2699,Consumer,Furniture,771,549,West
2699,2700,Consumer,Furniture,1274,998,West
2700,2701,Home Office,Office Supplies,210,814,West
2701,2702,Consumer,Furniture,3659,221,South
2702,2703,Consumer,Technology,1126,198,South
2703,2704,Consumer,Technology,3654,84,South
2704,2705,Home Office,Technology,3333,763,South
2705,2706,Home Office,Technology,4539,123,North
2706,2707,Consumer,Technology,1572,688,East
2707,2708,Consumer,Office Supplies,2479,627,East
2708,2709,Home Office,Technology,4972,160,North
2709,2710,Home Office,Furniture,3071,445,North
2710,2711,Consumer,Furniture,2481,887,South
2711,2712,Consumer,Furniture,3390,93,West
2712,2713,Consumer,Furniture,4853,221,East
2713,2714,Corporate,Office Supplies,1933,788,North
2714,2715,Home Office,Furniture,553,843,West
2715,2716,Corporate,Office Supplies,840,790,South
2716,2717,Home Office,Furniture,2480,470,North
2717,2718,Home Office,Office Supplies,2457,946,East
2718,2719,Home Office,Office Supplies,1543,186,East
2719,2720,Home Office,Office Supplies,3780,792,East
2720,2721,Home Office,Furniture,1848,321,North
2721,2722,Home Office,Office Supplies,2501,703,East
2722,2723,Home Office,Technology,3271,168,South
2723,2724,Corporate,Technology,4340,710,East
2724,2725,Consumer,Furniture,2106,195,South
2725,2726,Consumer,Technology,1886,480,East
2726,2727,Corporate,Technology,1509,965,South
2727,2728,Corporate,Technology,1862,318,North
2728,2729,Corporate,Furniture,1009,991,South
2729,2730,Corporate,Furniture,860,255,North
2730,2731,Home Office,Technology,3340,838,West
2731,2732,Consumer,Furniture,2789,985,South
2732,2733,Home Office,Office Supplies,630,393,North
2733,2734,Consumer,Technology,1459,51,West
2734,2735,Consumer,Furniture,3918,294,East
2735,2736,Corporate,Furniture,2127,989,West
2736,2737,Home Office,Technology,2660,997,South
2737,2738,Corporate,Furniture,2277,932,West
2738,2739,Home Office,Technology,1637,309,East
2739,2740,Consumer,Furniture,1373,998,West
2740,2741,Corporate,Office Supplies,2881,910,South
2741,2742,Corporate,Technology,1046,445,South
2742,2743,Consumer,Office Supplies,1398,378,North
2743,2744,Consumer,Technology,2611,883,East
2744,2745,Consumer,Furniture,2288,495,East
2745,2746,Corporate,Office Supplies,981,958,West
2746,2747,Home Office,Furniture,1947,445,East
2747,2748,Corporate,Technology,2075,815,South
2748,2749,Home Office,Technology,4368,437,West
2749,2750,Corporate,Technology,4668,190,North
2750,2751,Corporate,Technology,3064,892,West
2751,2752,Consumer,Technology,3163,907,West
2752,2753,Home Office,Office Supplies,3228,886,North
2753,2754,Corporate,Technology,597,703,West
2754,2755,Corporate,Furniture,2316,349,East
2755,2756,Consumer,Office Supplies,1088,500,West
2756,2757,Consumer,Furniture,2708,504,West
2757,2758,Home Office,Technology,2575,982,West
2758,2759,Corporate,Furniture,4614,739,South
2759,2760,Home Office,Office Supplies,1470,172,South
2760,2761,Corporate,Office Supplies,3688,567,East
2761,2762,Home Office,Office Supplies,2602,465,North
2762,2763,Consumer,Furniture,4909,101,South
2763,2764,Corporate,Office Supplies,278,114,South
2764,2765,Home Office,Furniture,2029,728,East
2765,2766,Consumer,Technology,2648,448,East
2766,2767,Consumer,Technology,4934,507,North
2767,2768,Home Office,Furniture,211,337,West
2768,2769,Corporate,Office Supplies,3319,660,West
2769,2770,Corporate,Furniture,814,550,North
2770,2771,Consumer,Furniture,1501,518,North
2771,2772,Corporate,Furniture,3024,260,North
2772,2773,Corporate,Technology,1481,974,East
2773,2774,Corporate,Furniture,3227,200,West
2774,2775,Consumer,Technology,3111,56,North
2775,2776,Home Office,Furniture,1308,888,North
2776,2777,Corporate,Technology,3225,260,West
2777,2778,Consumer,Furniture,136,784,West
2778,2779,Consumer,Furniture,1928,894,East
2779,2780,Home Office,Office Supplies,3160,73,South
2780,2781,Corporate,Office Supplies,3441,859,South
2781,2782,Corporate,Furniture,4041,329,East
2782,2783,Home Office,Furniture,909,869,East
2783,2784,Home Office,Furniture,3172,789,West
2784,2785,Consumer,Furniture,4218,533,East
2785,2786,Consumer,Office Supplies,1626,301,East
2786,2787,Home Office,Technology,3619,38,North
2787,2788,Corporate,Furniture,4991,660,East
2788,2789,Consumer,Office Supplies,595,446,East
2789,2790,Consumer,Furniture,524,975,North
2790,2791,Corporate,Furniture,2847,606,West
2791,2792,Consumer,Technology,2165,595,West
2792,2793,Corporate,Furniture,2082,772,East
2793,2794,Corporate,Furniture,1568,745,East
2794,2795,Corporate,Technology,3900,56,South
2795,2796,Home Office,Technology,1333,426,North
2796,2797,Home Office,Technology,1897,602,South
2797,2798,Home Office,Technology,664,460,East
2798,2799,Corporate,Office Supplies,3119,642,South
2799,2800,Corporate,Office Supplies,1404,564,South
2800,2801,Home Office,Office Supplies,232,667,West
2801,2802,Consumer,Furniture,548,83,North
2802,2803,Corporate,Technology,1930,62,West
2803,2804,Consumer,Technology,2258,242,West
2804,2805,Consumer,Office Supplies,3726,816,South
2805,2806,Corporate,Furniture,949,884,North
2806,2807,Corporate,Furniture,4062,209,East
2807,2808,Consumer,Furniture,1580,683,North
2808,2809,Consumer,Office Supplies,1000,558,West
2809,2810,Home Office,Furniture,4954,946,South
2810,2811,Home Office,Furniture,1639,106,East
2811,2812,Corporate,Furniture,1999,58,West
2812,2813,Home Office,Technology,3044,905,South
2813,2814,Home Office,Office Supplies,3344,531,West
2814,2815,Home Office,Technology,614,49,South
2815,2816,Home Office,Technology,1691,923,North
2816,2817,Consumer,Office Supplies,183,162,West
2817,2818,Corporate,Technology,3842,115,North
2818,2819,Home Office,Furniture,4993,562,North
2819,2820,Consumer,Furniture,2227,685,South
2820,2821,Consumer,Furniture,1701,779,East
2821,2822,Consumer,Furniture,4717,220,North
2822,2823,Home Office,Office Supplies,1322,211,West
2823,2824,Home Office,Technology,4429,442,West
2824,2825,Corporate,Technology,1942,716,South
2825,2826,Home Office,Furniture,2391,574,North
2826,2827,Home Office,Furniture,1689,156,East
2827,2828,Consumer,Technology,2996,508,East
2828,2829,Corporate,Office Supplies,4588,291,West
2829,2830,Home Office,Technology,108,319,South
2830,2831,Home Office,Furniture,4808,764,North
2831,2832,Consumer,Furniture,814,60,West
2832,2833,Consumer,Office Supplies,2027,504,South
2833,2834,Home Office,Technology,209,418,East
2834,2835,Corporate,Office Supplies,365,635,West
2835,2836,Corporate,Office Supplies,3323,282,South
2836,2837,Consumer,Furniture,1054,467,East
2837,2838,Consumer,Technology,1449,129,South
2838,2839,Home Office,Furniture,1674,710,West
2839,2840,Consumer,Technology,2323,55,North
2840,2841,Home Office,Furniture,3931,252,South
2841,2842,Corporate,Furniture,3355,320,North
2842,2843,Corporate,Technology,1158,571,West
2843,2844,Home Office,Technology,2057,340,East
2844,2845,Consumer,Furniture,3247,20,South
2845,2846,Corporate,Technology,2619,917,East
2846,2847,Consumer,Furniture,3753,433,North
2847,2848,Corporate,Technology,2670,57,North
2848,2849,Home Office,Furniture,3027,386,East
2849,2850,Home Office,Furniture,3987,577,West
2850,2851,Home Office,Furniture,987,17,North
2851,2852,Corporate,Office Supplies,844,993,West
2852,2853,Consumer,Technology,3614,535,East
2853,2854,Consumer,Furniture,3030,736,West
2854,2855,Consumer,Office Supplies,2779,379,North
2855,2856,Corporate,Furniture,275,449,East
2856,2857,Corporate,Office Supplies,665,766,West
2857,2858,Corporate,Furniture,3317,575,West
2858,2859,Corporate,Furniture,4457,493,South
2859,2860,Corporate,Office Supplies,4726,282,North
2860,2861,Consumer,Office Supplies,1494,950,South
2861,2862,Corporate,Technology,1320,910,West
2862,2863,Corporate,Technology,1047,140,North
2863,2864,Consumer,Office Supplies,684,530,East
2864,2865,Corporate,Technology,2962,733,East
2865,2866,Consumer,Office Supplies,1720,643,East
2866,2867,Consumer,Technology,3455,123,West
2867,2868,Home Office,Furniture,2449,541,West
2868,2869,Home Office,Technology,3291,508,East
2869,2870,Home Office,Furniture,3307,348,South
2870,2871,Home Office,Furniture,2676,30,South
2871,2872,Corporate,Technology,631,729,North
2872,2873,Home Office,Office Supplies,1331,42,North
2873,2874,Consumer,Furniture,2093,142,East
2874,2875,Corporate,Furniture,1797,929,West
2875,2876,Home Office,Technology,3470,712,West
2876,2877,Consumer,Office Supplies,1645,984,North
2877,2878,Corporate,Office Supplies,3265,35,East
2878,2879,Corporate,Technology,1537,373,North
2879,2880,Home Office,Office Supplies,470,610,South
2880,2881,Corporate,Technology,4604,101,East
2881,2882,Consumer,Technology,716,554,East
2882,2883,Corporate,Technology,4266,247,East
2883,2884,Consumer,Furniture,4114,27,South
2884,2885,Corporate,Furniture,4279,283,East
2885,2886,Home Office,Furniture,2356,943,North
2886,2887,Consumer,Technology,4454,298,South
2887,2888,Corporate,Furniture,3410,36,West
2888,2889,Corporate,Furniture,1031,826,North
2889,2890,Corporate,Furniture,2429,443,North
2890,2891,Consumer,Technology,493,920,North
2891,2892,Consumer,Technology,2565,117,South
2892,2893,Consumer,Technology,3377,982,North
2893,2894,Home Office,Furniture,2029,957,South
2894,2895,Home Office,Office Supplies,725,747,East
2895,2896,Consumer,Furniture,4757,333,West
2896,2897,Corporate,Furniture,2979,876,East
2897,2898,Home Office,Technology,3266,540,North
2898,2899,Consumer,Technology,3522,744,South
2899,2900,Corporate,Furniture,2209,802,South
2900,2901,Home Office,Furniture,1265,113,East
2901,2902,Corporate,Office Supplies,2881,853,North
2902,2903,Corporate,Office Supplies,1991,341,West
2903,2904,Corporate,Technology,3282,371,South
2904,2905,Corporate,Office Supplies,1739,930,South
2905,2906,Home Office,Office Supplies,881,298,North
2906,2907,Home Office,Technology,4792,453,South
2907,2908,Home Office,Office Supplies,2156,46,North
2908,2909,Consumer,Furniture,2423,357,North
2909,2910,Home Office,Office Supplies,2374,901,West
2910,2911,Corporate,Technology,2333,765,North
2911,2912,Home Office,Furniture,2738,52,East
2912,2913,Corporate,Office Supplies,3387,135,West
2913,2914,Consumer,Furniture,2580,18,North
2914,2915,Corporate,Furniture,2716,535,North
2915,2916,Corporate,Office Supplies,455,140,West
2916,2917,Corporate,Office Supplies,4587,334,South
2917,2918,Consumer,Technology,4774,193,West
2918,2919,Home Office,Technology,3446,291,South
2919,2920,Home Office,Furniture,3622,904,West
2920,2921,Consumer,Technology,2567,62,West
2921,2922,Corporate,Furniture,263,562,East
2922,2923,Home Office,Furniture,3734,859,West
2923,2924,Consumer,Technology,4833,879,East
2924,2925,Home Office,Technology,3763,542,North
2925,2926,Consumer,Technology,3354,386,South
2926,2927,Corporate,Office Supplies,3481,304,South
2927,2928,Home Office,Furniture,2164,217,East
2928,2929,Consumer,Furniture,4365,672,South
2929,2930,Home Office,Furniture,4084,486,South
2930,2931,Home Office,Technology,3987,979,West
2931,2932,Home Office,Technology,439,963,East
2932,2933,Home Office,Technology,4921,78,South
2933,2934,Consumer,Technology,3881,852,North
2934,2935,Corporate,Technology,3690,934,East
2935,2936,Consumer,Office Supplies,2033,839,West
2936,2937,Consumer,Technology,1745,446,North
2937,2938,Consumer,Furniture,4328,310,South
2938,2939,Corporate,Technology,2787,36,South
2939,2940,Home Office,Furniture,2226,637,East
2940,2941,Home Office,Technology,4541,939,South
2941,2942,Home Office,Technology,4804,663,East
2942,2943,Corporate,Furniture,738,562,South
2943,2944,Home Office,Furniture,1324,115,North
2944,2945,Corporate,Furniture,3805,595,West
2945,2946,Home Office,Furniture,4010,581,North
2946,2947,Home Office,Office Supplies,4345,819,West
2947,2948,Consumer,Furniture,1649,643,East
2948,2949,Corporate,Technology,4245,956,South
2949,2950,Consumer,Technology,1605,724,North
2950,2951,Consumer,Office Supplies,4530,20,South
2951,2952,Consumer,Furniture,1475,940,East
2952,2953,Corporate,Technology,767,668,West
2953,2954,Corporate,Office Supplies,2474,225,North
2954,2955,Home Office,Technology,4190,895,West
2955,2956,Consumer,Office Supplies,1115,330,West
2956,2957,Home Office,Office Supplies,435,469,East
2957,2958,Consumer,Furniture,4861,966,West
2958,2959,Corporate,Office Supplies,180,824,East
2959,2960,Corporate,Technology,2234,535,West
2960,2961,Corporate,Technology,1899,588,West
2961,2962,Consumer,Furniture,357,701,North
2962,2963,Corporate,Furniture,284,886,East
2963,2964,Consumer,Office Supplies,222,763,South
2964,2965,Home Office,Furniture,4800,169,South
2965,2966,Consumer,Technology,3614,473,South
2966,2967,Home Office,Technology,1494,531,North
2967,2968,Consumer,Furniture,2452,645,North
2968,2969,Home Office,Furniture,3319,282,West
2969,2970,Corporate,Furniture,1408,250,West
2970,2971,Home Office,Office Supplies,4044,945,South
2971,2972,Corporate,Office Supplies,2041,973,West
2972,2973,Corporate,Technology,590,968,West
2973,2974,Home Office,Office Supplies,1154,664,North
2974,2975,Consumer,Office Supplies,801,874,South
2975,2976,Consumer,Office Supplies,3034,176,East
2976,2977,Consumer,Office Supplies,4795,578,South
2977,2978,Consumer,Technology,1234,659,North
2978,2979,Consumer,Furniture,179,336,South
2979,2980,Corporate,Technology,935,874,East
2980,2981,Consumer,Office Supplies,751,538,West
2981,2982,Corporate,Furniture,516,853,South
2982,2983,Corporate,Furniture,3780,282,North
2983,2984,Corporate,Furniture,3966,888,North
2984,2985,Home Office,Technology,845,385,South
2985,2986,Home Office,Furniture,2102,921,West
2986,2987,Corporate,Technology,339,384,West
2987,2988,Home Office,Technology,2993,343,North
2988,2989,Consumer,Office Supplies,2044,12,North
2989,2990,Consumer,Office Supplies,955,252,East
2990,2991,Corporate,Furniture,3615,629,West
2991,2992,Consumer,Furniture,2746,60,South
2992,2993,Corporate,Office Supplies,3294,891,North
2993,2994,Corporate,Technology,4615,359,North
2994,2995,Consumer,Technology,4904,183,North
2995,2996,Home Office,Office Supplies,2698,125,North
2996,2997,Consumer,Technology,1453,704,West
2997,2998,Consumer,Office Supplies,2135,370,North
2998,2999,Corporate,Office Supplies,2980,364,West
2999,3000,Corporate,Furniture,779,675,East
3000,3001,Corporate,Furniture,586,768,East
3001,3002,Corporate,Office Supplies,3720,85,South
3002,3003,Home Office,Furniture,3750,936,North
3003,3004,Home Office,Office Supplies,4818,765,South
3004,3005,Home Office,Technology,1538,90,West
3005,3006,Corporate,Technology,4414,238,South
3006,3007,Corporate,Technology,1584,81,South
3007,3008,Corporate,Technology,790,412,North
3008,3009,Home Office,Office Supplies,1112,227,West
3009,3010,Corporate,Technology,4642,461,West
3010,3011,Consumer,Technology,2447,920,North
3011,3012,Consumer,Technology,3808,764,West
3012,3013,Corporate,Technology,4570,376,East
3013,3014,Consumer,Office Supplies,2022,835,North
3014,3015,Consumer,Technology,737,599,North
3015,3016,Home Office,Furniture,3108,679,North
3016,3017,Corporate,Furniture,2333,569,East
3017,3018,Corporate,Furniture,2225,321,West
3018,3019,Home Office,Furniture,3557,307,East
3019,3020,Consumer,Furniture,4389,33,East
3020,3021,Consumer,Furniture,3274,119,East
3021,3022,Corporate,Office Supplies,3788,61,South
3022,3023,Consumer,Furniture,1499,948,West
3023,3024,Home Office,Technology,2434,299,West
3024,3025,Home Office,Furniture,1605,453,North
3025,3026,Corporate,Office Supplies,349,476,North
3026,3027,Home Office,Furniture,635,268,South
3027,3028,Home Office,Technology,3632,333,East
3028,3029,Corporate,Technology,3649,660,North
3029,3030,Home Office,Office Supplies,557,918,West
3030,3031,Home Office,Office Supplies,2838,827,North
3031,3032,Home Office,Office Supplies,3469,347,East
3032,3033,Consumer,Office Supplies,4235,796,South
3033,3034,Corporate,Furniture,3796,565,East
3034,3035,Corporate,Furniture,3511,938,North
3035,3036,Corporate,Technology,4169,431,South
3036,3037,Consumer,Office Supplies,3487,268,South
3037,3038,Consumer,Office Supplies,3285,634,East
3038,3039,Corporate,Furniture,3338,748,North
3039,3040,Consumer,Office Supplies,360,74,East
3040,3041,Corporate,Technology,1347,172,North
3041,3042,Consumer,Technology,3433,173,North
3042,3043,Home Office,Office Supplies,3422,687,West
3043,3044,Home Office,Technology,2673,48,South
3044,3045,Corporate,Technology,225,674,North
3045,3046,Consumer,Furniture,1329,329,East
3046,3047,Consumer,Technology,3311,369,East
3047,3048,Home Office,Office Supplies,3233,278,West
3048,3049,Home Office,Office Supplies,1406,333,West
3049,3050,Consumer,Technology,2201,335,West
3050,3051,Consumer,Office Supplies,235,596,South
3051,3052,Consumer,Furniture,2477,266,West
3052,3053,Consumer,Technology,1559,209,South
3053,3054,Consumer,Technology,4331,447,West
3054,3055,Consumer,Technology,912,619,South
3055,3056,Corporate,Office Supplies,951,113,North
3056,3057,Consumer,Office Supplies,1844,381,West
3057,3058,Home Office,Technology,2038,914,South
3058,3059,Corporate,Office Supplies,970,173,North
3059,3060,Consumer,Office Supplies,734,122,West
3060,3061,Home Office,Technology,768,624,North
3061,3062,Corporate,Technology,1393,558,West
3062,3063,Home Office,Office Supplies,3188,115,East
3063,3064,Consumer,Technology,368,708,South
3064,3065,Consumer,Technology,960,373,East
3065,3066,Consumer,Technology,581,30,South
3066,3067,Consumer,Technology,3390,669,East
3067,3068,Corporate,Office Supplies,3490,138,West
3068,3069,Corporate,Technology,1361,492,East
3069,3070,Home Office,Furniture,2432,708,West
3070,3071,Consumer,Technology,202,805,South
3071,3072,Home Office,Furniture,3894,208,West
3072,3073,Corporate,Technology,4987,756,East
3073,3074,Consumer,Furniture,4434,961,North
3074,3075,Consumer,Furniture,2792,629,South
3075,3076,Corporate,Technology,3771,530,North
3076,3077,Corporate,Technology,981,970,North
3077,3078,Corporate,Technology,2335,429,North
3078,3079,Corporate,Furniture,3134,235,North
3079,3080,Corporate,Office Supplies,4989,939,North
3080,3081,Consumer,Office Supplies,2677,218,East
3081,3082,Corporate,Technology,775,254,West
3082,3083,Consumer,Office Supplies,2539,297,West
3083,3084,Consumer,Office Supplies,1781,75,North
3084,3085,Corporate,Technology,1376,877,East
3085,3086,Corporate,Furniture,4867,162,North
3086,3087,Consumer,Technology,3347,500,North
3087,3088,Corporate,Office Supplies,3748,444,South
3088,3089,Corporate,Furniture,1412,712,East
3089,3090,Corporate,Office Supplies,1173,227,North
3090,3091,Home Office,Furniture,4199,438,West
3091,3092,Consumer,Office Supplies,1754,511,South
3092,3093,Home Office,Technology,3847,675,North
3093,3094,Corporate,Office Supplies,4188,798,North
3094,3095,Home Office,Office Supplies,1993,603,North
3095,3096,Corporate,Furniture,1385,230,East
3096,3097,Home Office,Office Supplies,634,444,North
3097,3098,Corporate,Technology,3547,289,West
3098,3099,Home Office,Technology,1479,632,South
3099,3100,Home Office,Technology,745,101,East
3100,3101,Home Office,Furniture,123,533,South
3101,3102,Consumer,Furniture,4752,148,West
3102,3103,Home Office,Office Supplies,4551,676,North
3103,3104,Consumer,Office Supplies,4770,32,East
3104,3105,Corporate,Office Supplies,4224,426,North
3105,3106,Home Office,Furniture,464,985,East
3106,3107,Corporate,Furniture,2755,741,North
3107,3108,Corporate,Office Supplies,508,357,West
3108,3109,Home Office,Furniture,1414,246,West
3109,3110,Consumer,Furniture,318,774,North
3110,3111,Home Office,Technology,4803,943,West
3111,3112,Corporate,Technology,1639,192,North
3112,3113,Corporate,Office Supplies,3533,517,East
3113,3114,Home Office,Office Supplies,1702,207,West
3114,3115,Consumer,Technology,2804,691,East
3115,3116,Consumer,Furniture,3748,132,North
3116,3117,Corporate,Office Supplies,1205,934,East
3117,3118,Corporate,Office Supplies,3511,555,South
3118,3119,Consumer,Office Supplies,2588,390,North
3119,3120,Home Office,Furniture,716,834,West
3120,3121,Corporate,Technology,4421,524,West
3121,3122,Consumer,Office Supplies,2518,15,South
3122,3123,Corporate,Technology,127,313,North
3123,3124,Home Office,Technology,3155,623,North
3124,3125,Consumer,Furniture,115,201,North
3125,3126,Corporate,Furniture,3448,385,North
3126,3127,Home Office,Furniture,432,534,East
3127,3128,Corporate,Furniture,4678,45,North
3128,3129,Home Office,Furniture,4761,984,East
3129,3130,Home Office,Furniture,2261,79,East
3130,3131,Consumer,Office Supplies,2185,298,West
3131,3132,Home Office,Technology,4649,114,North
3132,3133,Corporate,Furniture,4053,725,East
3133,3134,Home Office,Office Supplies,2889,322,North
3134,3135,Home Office,Technology,4361,64,South
3135,3136,Consumer,Furniture,2352,116,East
3136,3137,Home Office,Furniture,344,662,West
3137,3138,Home Office,Office Supplies,1994,746,North
3138,3139,Corporate,Technology,1456,316,West
3139,3140,Consumer,Furniture,1042,869,East
3140,3141,Consumer,Technology,3567,830,East
3141,3142,Consumer,Office Supplies,3292,45,West
3142,3143,Home Office,Furniture,1845,142,North
3143,3144,Consumer,Technology,4605,896,East
3144,3145,Home Office,Office Supplies,2457,34,South
3145,3146,Home Office,Office Supplies,3979,858,West
3146,3147,Corporate,Furniture,3877,46,East
3147,3148,Corporate,Technology,2215,28,North
3148,3149,Corporate,Furniture,2367,44,East
3149,3150,Corporate,Furniture,2367,372,North
3150,3151,Corporate,Technology,1596,427,North
3151,3152,Home Office,Technology,2896,831,East
3152,3153,Home Office,Technology,4581,439,South
3153,3154,Consumer,Office Supplies,1029,527,North
3154,3155,Home Office,Office Supplies,3424,476,West
3155,3156,Home Office,Technology,4600,906,North
3156,3157,Corporate,Office Supplies,4687,208,North
3157,3158,Home Office,Furniture,456,555,South
3158,3159,Corporate,Technology,4410,577,North
3159,3160,Consumer,Furniture,4164,777,East
3160,3161,Consumer,Technology,3941,220,South
3161,3162,Home Office,Furniture,4030,618,North
3162,3163,Consumer,Technology,4947,803,East
3163,3164,Home Office,Furniture,926,510,East
3164,3165,Consumer,Technology,765,250,North
3165,3166,Corporate,Technology,2128,179,West
3166,3167,Corporate,Office Supplies,3791,868,West
3167,3168,Corporate,Furniture,2682,303,North
3168,3169,Corporate,Office Supplies,653,931,North
3169,3170,Home Office,Furniture,427,748,East
3170,3171,Consumer,Office Supplies,1288,324,North
3171,3172,Home Office,Technology,249,136,North
3172,3173,Corporate,Office Supplies,4852,477,East
3173,3174,Home Office,Office Supplies,2953,801,North
3174,3175,Consumer,Technology,2036,376,North
3175,3176,Home Office,Office Supplies,4488,30,North
3176,3177,Consumer,Technology,2836,325,East
3177,3178,Home Office,Furniture,1056,767,North
3178,3179,Consumer,Office Supplies,3348,99,West
3179,3180,Consumer,Technology,515,413,North
3180,3181,Corporate,Technology,3554,527,West
3181,3182,Consumer,Office Supplies,2745,460,North
3182,3183,Corporate,Furniture,3874,787,East
3183,3184,Corporate,Office Supplies,184,917,West
3184,3185,Corporate,Technology,2035,618,North
3185,3186,Home Office,Furniture,1516,159,North
3186,3187,Home Office,Office Supplies,1170,455,North
3187,3188,Home Office,Technology,3512,966,North
3188,3189,Home Office,Office Supplies,1621,89,East
3189,3190,Consumer,Furniture,1601,26,South
3190,3191,Consumer,Furniture,4191,147,West
3191,3192,Home Office,Furniture,2573,661,North
3192,3193,Consumer,Furniture,835,860,East
3193,3194,Consumer,Furniture,2938,517,South
3194,3195,Corporate,Office Supplies,2662,561,East
3195,3196,Corporate,Furniture,4006,928,North
3196,3197,Corporate,Furniture,1372,689,South
3197,3198,Corporate,Technology,4936,83,West
3198,3199,Consumer,Furniture,1962,83,West
3199,3200,Home Office,Technology,4326,59,East
3200,3201,Consumer,Technology,1863,19,West
3201,3202,Consumer,Technology,4518,112,West
3202,3203,Consumer,Office Supplies,922,871,South
3203,3204,Corporate,Office Supplies,642,397,West
3204,3205,Corporate,Technology,2865,394,South
3205,3206,Corporate,Office Supplies,2178,308,South
3206,3207,Home Office,Furniture,984,348,South
3207,3208,Consumer,Office Supplies,4386,398,West
3208,3209,Home Office,Furniture,3749,999,East
3209,3210,Corporate,Furniture,4610,483,East
3210,3211,Home Office,Office Supplies,3671,625,West
3211,3212,Consumer,Office Supplies,4033,811,South
3212,3213,Consumer,Technology,3766,971,West
3213,3214,Corporate,Office Supplies,1821,801,North
3214,3215,Corporate,Office Supplies,474,151,East
3215,3216,Home Office,Office Supplies,657,818,South
3216,3217,Corporate,Furniture,1380,179,West
3217,3218,Corporate,Furniture,3523,22,South
3218,3219,Consumer,Furniture,1228,678,North
3219,3220,Corporate,Technology,1460,458,South
3220,3221,Corporate,Technology,3697,183,North
3221,3222,Consumer,Technology,1200,683,East
3222,3223,Consumer,Furniture,1634,968,South
3223,3224,Home Office,Office Supplies,2725,141,West
3224,3225,Corporate,Technology,4227,549,South
3225,3226,Consumer,Technology,1731,604,South
3226,3227,Home Office,Furniture,157,906,North
3227,3228,Home Office,Technology,1227,941,North
3228,3229,Corporate,Office Supplies,411,884,West
3229,3230,Corporate,Furniture,3817,278,East
3230,3231,Home Office,Furniture,2101,260,East
3231,3232,Consumer,Office Supplies,2837,379,North
3232,3233,Home Office,Office Supplies,3977,627,West
3233,3234,Corporate,Office Supplies,2382,782,South
3234,3235,Consumer,Technology,3283,874,West
3235,3236,Consumer,Office Supplies,1531,535,West
3236,3237,Home Office,Furniture,3225,601,West
3237,3238,Corporate,Office Supplies,4997,897,East
3238,3239,Home Office,Furniture,4434,515,South
3239,3240,Home Office,Furniture,1875,681,West
3240,3241,Home Office,Technology,1418,187,East
3241,3242,Consumer,Office Supplies,4307,676,East
3242,3243,Consumer,Technology,3259,556,North
3243,3244,Corporate,Office Supplies,1428,268,South
3244,3245,Corporate,Office Supplies,4485,269,West
3245,3246,Home Office,Office Supplies,4074,144,South
3246,3247,Home Office,Office Supplies,4777,470,North
3247,3248,Home Office,Office Supplies,4565,498,North
3248,3249,Corporate,Furniture,319,652,West
3249,3250,Consumer,Furniture,3402,90,East
3250,3251,Consumer,Office Supplies,2966,376,North
3251,3252,Home Office,Furniture,1996,68,East
3252,3253,Home Office,Technology,4544,83,North
3253,3254,Home Office,Technology,2402,248,South
3254,3255,Home Office,Technology,4647,138,West
3255,3256,Corporate,Office Supplies,4284,421,North
3256,3257,Consumer,Office Supplies,3826,324,South
3257,3258,Home Office,Furniture,2142,383,North
3258,3259,Corporate,Furniture,622,446,West
3259,3260,Home Office,Furniture,2807,147,South
3260,3261,Home Office,Technology,3098,464,East
3261,3262,Consumer,Technology,4021,624,North
3262,3263,Home Office,Technology,1009,908,North
3263,3264,Consumer,Technology,4637,912,South
3264,3265,Consumer,Furniture,4233,18,West
3265,3266,Consumer,Office Supplies,1980,241,North
3266,3267,Corporate,Office Supplies,3379,620,South
3267,3268,Corporate,Technology,4405,739,West
3268,3269,Consumer,Office Supplies,2660,974,North
3269,3270,Home Office,Office Supplies,3172,406,South
3270,3271,Consumer,Office Supplies,3926,758,West
3271,3272,Home Office,Technology,4576,743,North
3272,3273,Consumer,Furniture,2975,689,North
3273,3274,Home Office,Furniture,3006,891,West
3274,3275,Corporate,Office Supplies,4589,583,West
3275,3276,Home Office,Furniture,4591,327,South
3276,3277,Consumer,Furniture,644,516,North
3277,3278,Corporate,Technology,3197,531,North
3278,3279,Home Office,Technology,3725,755,South
3279,3280,Home Office,Office Supplies,3605,96,North
3280,3281,Home Office,Office Supplies,1184,788,North
3281,3282,Home Office,Office Supplies,652,725,North
3282,3283,Home Office,Technology,1253,327,East
3283,3284,Corporate,Furniture,4038,342,West
3284,3285,Corporate,Technology,2345,369,East
3285,3286,Corporate,Technology,1786,250,East
3286,3287,Corporate,Furniture,793,65,West
3287,3288,Consumer,Furniture,3890,119,East
3288,3289,Corporate,Office Supplies,597,58,South
3289,3290,Home Office,Furniture,2195,764,East
3290,3291,Home Office,Furniture,712,25,South
3291,3292,Corporate,Furniture,4067,82,West
3292,3293,Home Office,Furniture,475,893,North
3293,3294,Corporate,Office Supplies,905,211,West
3294,3295,Home Office,Office Supplies,1020,102,West
3295,3296,Consumer,Furniture,3704,658,East
3296,3297,Consumer,Furniture,1543,42,West
3297,3298,Corporate,Office Supplies,1645,609,West
3298,3299,Corporate,Office Supplies,1310,428,South
3299,3300,Corporate,Furniture,2180,212,North
3300,3301,Home Office,Technology,4787,560,East
3301,3302,Corporate,Office Supplies,2248,635,North
3302,3303,Consumer,Office Supplies,1608,854,North
3303,3304,Home Office,Office Supplies,1013,768,North
3304,3305,Corporate,Furniture,2880,864,East
3305,3306,Home Office,Furniture,489,930,West
3306,3307,Home Office,Office Supplies,4149,891,North
3307,3308,Corporate,Furniture,4355,729,East
3308,3309,Home Office,Furniture,3725,321,West
3309,3310,Consumer,Office Supplies,1170,953,North
3310,3311,Consumer,Furniture,4891,478,South
3311,3312,Home Office,Technology,4953,403,East
3312,3313,Corporate,Furniture,2670,818,North
3313,3314,Home Office,Furniture,3837,881,East
3314,3315,Consumer,Office Supplies,2879,220,South
3315,3316,Home Office,Office Supplies,438,876,East
3316,3317,Home Office,Technology,2076,580,West
3317,3318,Consumer,Furniture,3536,165,North
3318,3319,Home Office,Technology,894,643,East
3319,3320,Home Office,Technology,1822,641,East
3320,3321,Corporate,Office Supplies,3319,818,North
3321,3322,Corporate,Furniture,998,331,South
3322,3323,Consumer,Office Supplies,202,444,South
3323,3324,Consumer,Technology,2959,583,North
3324,3325,Consumer,Technology,4288,679,North
3325,3326,Corporate,Office Supplies,1547,49,West
3326,3327,Consumer,Office Supplies,4314,763,East
3327,3328,Consumer,Office Supplies,2132,49,East
3328,3329,Consumer,Office Supplies,4132,462,South
3329,3330,Corporate,Office Supplies,3160,879,West
3330,3331,Home Office,Technology,1634,199,East
3331,3332,Consumer,Office Supplies,2947,755,West
3332,3333,Home Office,Furniture,3309,24,North
3333,3334,Consumer,Technology,4670,133,East
3334,3335,Home Office,Technology,3563,749,North
3335,3336,Corporate,Furniture,534,908,South
3336,3337,Corporate,Furniture,1357,289,South
3337,3338,Consumer,Technology,154,946,North
3338,3339,Home Office,Office Supplies,1030,968,South
3339,3340,Corporate,Technology,2899,57,North
3340,3341,Consumer,Technology,411,198,North
3341,3342,Consumer,Furniture,1056,313,North
3342,3343,Corporate,Technology,4183,568,South
3343,3344,Corporate,Office Supplies,4952,705,South
3344,3345,Consumer,Furniture,2612,114,South
3345,3346,Home Office,Technology,1363,378,North
3346,3347,Home Office,Technology,2847,510,West
3347,3348,Home Office,Office Supplies,2882,469,South
3348,3349,Consumer,Technology,1193,256,West
3349,3350,Corporate,Technology,2886,273,South
3350,3351,Consumer,Technology,2915,215,East
3351,3352,Corporate,Technology,3863,516,East
3352,3353,Home Office,Office Supplies,4135,539,East
3353,3354,Home Office,Technology,4939,373,West
3354,3355,Corporate,Technology,2423,772,South
3355,3356,Corporate,Technology,332,759,North
3356,3357,Consumer,Furniture,2201,349,West
3357,3358,Home Office,Office Supplies,4452,416,South
3358,3359,Consumer,Furniture,2128,462,East
3359,3360,Consumer,Furniture,2029,842,West
3360,3361,Consumer,Office Supplies,1558,886,South
3361,3362,Home Office,Furniture,1748,823,North
3362,3363,Consumer,Furniture,507,587,West
3363,3364,Consumer,Furniture,3440,857,North
3364,3365,Consumer,Office Supplies,2077,974,West
3365,3366,Consumer,Technology,2513,159,East
3366,3367,Consumer,Office Supplies,1860,202,East
3367,3368,Consumer,Office Supplies,3697,917,East
3368,3369,Home Office,Office Supplies,1478,156,North
3369,3370,Consumer,Furniture,720,415,East
3370,3371,Corporate,Technology,1029,192,North
3371,3372,Consumer,Office Supplies,1074,115,North
3372,3373,Consumer,Office Supplies,4587,245,North
3373,3374,Home Office,Technology,4547,647,East
3374,3375,Home Office,Technology,2953,967,South
3375,3376,Corporate,Technology,1789,188,North
3376,3377,Corporate,Furniture,4771,441,South
3377,3378,Home Office,Technology,4718,410,North
3378,3379,Home Office,Furniture,825,534,East
3379,3380,Consumer,Office Supplies,261,752,East
3380,3381,Home Office,Furniture,758,549,East
3381,3382,Corporate,Technology,2997,900,West
3382,3383,Consumer,Furniture,4719,332,East
3383,3384,Corporate,Technology,4199,270,South
3384,3385,Consumer,Furniture,2642,621,North
3385,3386,Home Office,Office Supplies,1678,709,South
3386,3387,Corporate,Furniture,4094,408,West
3387,3388,Consumer,Office Supplies,1174,346,South
3388,3389,Consumer,Technology,3305,309,North
3389,3390,Home Office,Office Supplies,4144,128,North
3390,3391,Home Office,Technology,3533,567,East
3391,3392,Home Office,Technology,977,422,West
3392,3393,Corporate,Office Supplies,1191,589,West
3393,3394,Consumer,Office Supplies,3159,393,South
3394,3395,Home Office,Furniture,1774,489,East
3395,3396,Corporate,Furniture,1708,314,East
3396,3397,Corporate,Office Supplies,2926,692,East
3397,3398,Corporate,Office Supplies,1317,879,North
3398,3399,Home Office,Office Supplies,3152,205,West
3399,3400,Home Office,Office Supplies,413,342,South
3400,3401,Consumer,Technology,829,29,South
3401,3402,Consumer,Office Supplies,4139,632,South
3402,3403,Home Office,Office Supplies,483,667,East
3403,3404,Corporate,Office Supplies,1912,713,West
3404,3405,Corporate,Office Supplies,2424,442,West
3405,3406,Corporate,Technology,3529,892,North
3406,3407,Consumer,Furniture,2845,435,North
3407,3408,Corporate,Furniture,1964,238,North
3408,3409,Consumer,Furniture,3391,533,South
3409,3410,Consumer,Furniture,4946,226,South
3410,3411,Corporate,Furniture,327,999,West
3411,3412,Corporate,Technology,2164,600,North
3412,3413,Home Office,Furniture,111,384,South
3413,3414,Home Office,Technology,1622,45,North
3414,3415,Corporate,Technology,791,785,North
3415,3416,Consumer,Furniture,3805,37,West
3416,3417,Consumer,Furniture,1839,381,West
3417,3418,Consumer,Furniture,1625,95,South
3418,3419,Consumer,Office Supplies,169,197,West
3419,3420,Consumer,Technology,2348,314,North
3420,3421,Home Office,Furniture,3223,775,West
3421,3422,Corporate,Office Supplies,4824,431,North
3422,3423,Home Office,Technology,3430,89,North
3423,3424,Consumer,Office Supplies,1387,195,South
3424,3425,Consumer,Office Supplies,675,14,South
3425,3426,Consumer,Furniture,2272,567,South
3426,3427,Consumer,Technology,844,875,North
3427,3428,Corporate,Office Supplies,2627,506,West
3428,3429,Consumer,Technology,3173,518,South
3429,3430,Corporate,Furniture,4310,623,South
3430,3431,Consumer,Technology,4676,980,West
3431,3432,Corporate,Office Supplies,1124,11,West
3432,3433,Home Office,Office Supplies,1041,226,South
3433,3434,Consumer,Technology,867,546,North
3434,3435,Corporate,Office Supplies,2538,266,North
3435,3436,Home Office,Office Supplies,933,744,South
3436,3437,Consumer,Office Supplies,2290,462,West
3437,3438,Consumer,Furniture,727,433,North
3438,3439,Consumer,Furniture,476,333,West
3439,3440,Corporate,Office Supplies,3986,508,East
3440,3441,Corporate,Technology,189,590,West
3441,3442,Home Office,Furniture,2955,206,West
3442,3443,Corporate,Technology,1165,513,East
3443,3444,Corporate,Office Supplies,1158,281,North
3444,3445,Consumer,Office Supplies,3159,703,North
3445,3446,Consumer,Technology,4172,968,North
3446,3447,Consumer,Furniture,2700,27,South
3447,3448,Consumer,Technology,4319,116,East
3448,3449,Consumer,Technology,2204,538,West
3449,3450,Consumer,Office Supplies,2953,134,East
3450,3451,Consumer,Furniture,2755,492,East
3451,3452,Home Office,Technology,1615,603,East
3452,3453,Home Office,Furniture,3117,13,East
3453,3454,Home Office,Office Supplies,4247,636,East
3454,3455,Home Office,Furniture,1673,360,East
3455,3456,Consumer,Office Supplies,2636,360,South
3456,3457,Home Office,Furniture,4026,658,East
3457,3458,Consumer,Technology,2152,808,East
3458,3459,Home Office,Office Supplies,3896,910,North
3459,3460,Corporate,Technology,731,237,East
3460,3461,Home Office,Office Supplies,1961,25,East
3461,3462,Home Office,Furniture,4052,819,North
3462,3463,Consumer,Furniture,1332,434,North
3463,3464,Home Office,Office Supplies,2364,473,North
3464,3465,Corporate,Office Supplies,2147,733,West
3465,3466,Consumer,Office Supplies,635,255,East
3466,3467,Consumer,Furniture,3633,807,East
3467,3468,Home Office,Office Supplies,4925,803,East
3468,3469,Consumer,Office Supplies,3197,186,North
3469,3470,Consumer,Technology,1375,552,South
3470,3471,Consumer,Office Supplies,3173,518,East
3471,3472,Consumer,Technology,1125,571,North
3472,3473,Consumer,Technology,2151,664,North
3473,3474,Consumer,Technology,3721,573,North
3474,3475,Corporate,Furniture,4663,242,West
3475,3476,Home Office,Technology,300,687,North
3476,3477,Corporate,Office Supplies,4503,47,South
3477,3478,Consumer,Furniture,3423,500,West
3478,3479,Consumer,Furniture,3458,453,North
3479,3480,Home Office,Furniture,3071,29,South
3480,3481,Corporate,Furniture,685,620,South
3481,3482,Home Office,Furniture,3445,736,East
3482,3483,Corporate,Furniture,3954,565,North
3483,3484,Consumer,Furniture,4704,120,North
3484,3485,Home Office,Technology,3524,496,East
3485,3486,Home Office,Office Supplies,4200,98,South
3486,3487,Consumer,Office Supplies,459,328,North
3487,3488,Home Office,Technology,3769,127,East
3488,3489,Corporate,Technology,4409,443,East
3489,3490,Corporate,Furniture,3577,927,South
3490,3491,Corporate,Furniture,4758,248,South
3491,3492,Corporate,Technology,2912,81,North
3492,3493,Consumer,Furniture,144,831,North
3493,3494,Home Office,Office Supplies,2850,914,West
3494,3495,Corporate,Office Supplies,733,408,South
3495,3496,Consumer,Furniture,1310,825,West
3496,3497,Home Office,Furniture,1849,413,West
3497,3498,Home Office,Furniture,3341,684,East
3498,3499,Consumer,Office Supplies,2868,260,East
3499,3500,Consumer,Furniture,693,878,North
3500,3501,Corporate,Technology,1524,204,South
3501,3502,Home Office,Furniture,2026,581,South
3502,3503,Home Office,Technology,956,619,West
3503,3504,Consumer,Furniture,651,939,West
3504,3505,Home Office,Furniture,4238,877,North
3505,3506,Corporate,Office Supplies,2988,876,East
3506,3507,Home Office,Technology,4374,594,South
3507,3508,Consumer,Technology,1580,231,South
3508,3509,Consumer,Technology,706,640,South
3509,3510,Corporate,Office Supplies,771,191,South
3510,3511,Corporate,Technology,3415,905,East
3511,3512,Home Office,Office Supplies,116,739,North
3512,3513,Home Office,Furniture,2973,265,North
3513,3514,Consumer,Furniture,2694,917,East
3514,3515,Corporate,Technology,2584,97,North
3515,3516,Corporate,Furniture,715,882,North
3516,3517,Corporate,Furniture,3305,796,West
3517,3518,Home Office,Technology,2949,501,East
3518,3519,Corporate,Furniture,4507,345,North
3519,3520,Consumer,Technology,3907,547,West
3520,3521,Consumer,Technology,2172,416,East
3521,3522,Home Office,Furniture,624,642,East
3522,3523,Home Office,Furniture,3273,298,South
3523,3524,Corporate,Furniture,1573,371,West
3524,3525,Home Office,Furniture,2525,450,West
3525,3526,Consumer,Furniture,3374,39,West
3526,3527,Corporate,Office Supplies,3438,928,East
3527,3528,Consumer,Furniture,2107,723,South
3528,3529,Corporate,Office Supplies,4657,903,East
3529,3530,Home Office,Technology,2512,557,North
3530,3531,Corporate,Furniture,2251,646,North
3531,3532,Corporate,Furniture,3282,232,North
3532,3533,Consumer,Furniture,527,756,South
3533,3534,Consumer,Technology,4664,133,East
3534,3535,Corporate,Office Supplies,1114,991,West
3535,3536,Home Office,Office Supplies,1704,692,North
3536,3537,Home Office,Furniture,969,971,North
3537,3538,Consumer,Furniture,2827,702,East
3538,3539,Home Office,Furniture,2952,224,West
3539,3540,Consumer,Furniture,985,127,South
3540,3541,Home Office,Technology,2708,236,North
3541,3542,Corporate,Furniture,1373,900,North
3542,3543,Consumer,Technology,4526,453,North
3543,3544,Consumer,Furniture,2055,558,West
3544,3545,Corporate,Office Supplies,686,838,North
3545,3546,Consumer,Office Supplies,300,617,West
3546,3547,Home Office,Furniture,4649,641,North
3547,3548,Home Office,Furniture,3717,446,North
3548,3549,Consumer,Technology,925,21,West
3549,3550,Home Office,Furniture,210,131,West
3550,3551,Consumer,Furniture,3011,556,South
3551,3552,Corporate,Furniture,3999,498,East
3552,3553,Consumer,Office Supplies,1007,260,North
3553,3554,Corporate,Technology,3815,588,North
3554,3555,Home Office,Office Supplies,3789,491,East
3555,3556,Corporate,Technology,654,559,East
3556,3557,Home Office,Office Supplies,2003,289,East
3557,3558,Consumer,Furniture,206,751,North
3558,3559,Home Office,Office Supplies,3436,346,North
3559,3560,Consumer,Office Supplies,2634,177,North
3560,3561,Consumer,Technology,2326,970,West
3561,3562,Corporate,Technology,3393,962,South
3562,3563,Corporate,Office Supplies,1493,337,South
3563,3564,Corporate,Technology,2784,255,East
3564,3565,Corporate,Technology,2935,600,East
3565,3566,Home Office,Technology,266,635,North
3566,3567,Home Office,Technology,2810,310,South
3567,3568,Home Office,Technology,3724,738,South
3568,3569,Consumer,Office Supplies,2447,209,West
3569,3570,Home Office,Technology,1504,902,North
3570,3571,Home Office,Furniture,1625,509,North
3571,3572,Home Office,Office Supplies,4509,873,South
3572,3573,Corporate,Office Supplies,4938,763,South
3573,3574,Home Office,Office Supplies,2874,22,West
3574,3575,Consumer,Technology,925,375,West
3575,3576,Corporate,Furniture,1224,728,North
3576,3577,Consumer,Technology,668,783,West
3577,3578,Home Office,Office Supplies,2058,106,South
3578,3579,Corporate,Office Supplies,3839,80,North
3579,3580,Consumer,Office Supplies,2209,824,South
3580,3581,Home Office,Office Supplies,4564,870,North
3581,3582,Consumer,Technology,4289,751,North
3582,3583,Consumer,Furniture,4194,366,South
3583,3584,Consumer,Furniture,3030,821,North
3584,3585,Home Office,Office Supplies,863,553,North
3585,3586,Home Office,Furniture,3460,259,West
3586,3587,Consumer,Office Supplies,3550,263,South
3587,3588,Corporate,Office Supplies,2247,780,South
3588,3589,Corporate,Furniture,3495,191,West
3589,3590,Home Office,Office Supplies,4524,861,North
3590,3591,Home Office,Furniture,3819,983,East
3591,3592,Home Office,Office Supplies,4901,997,East
3592,3593,Home Office,Furniture,320,175,South
3593,3594,Home Office,Office Supplies,1961,13,West
3594,3595,Corporate,Furniture,2714,472,North
3595,3596,Home Office,Office Supplies,1121,154,West
3596,3597,Consumer,Office Supplies,209,174,North
3597,3598,Consumer,Office Supplies,4344,353,South
3598,3599,Corporate,Furniture,3948,883,South
3599,3600,Consumer,Technology,798,114,East
3600,3601,Corporate,Office Supplies,207,557,West
3601,3602,Corporate,Office Supplies,488,323,South
3602,3603,Consumer,Furniture,524,178,West
3603,3604,Home Office,Office Supplies,2594,529,South
3604,3605,Consumer,Office Supplies,3065,972,North
3605,3606,Consumer,Office Supplies,2803,935,North
3606,3607,Corporate,Office Supplies,2099,607,East
3607,3608,Consumer,Technology,3675,445,South
3608,3609,Corporate,Technology,1627,618,East
3609,3610,Home Office,Office Supplies,4153,521,East
3610,3611,Home Office,Office Supplies,2126,418,South
3611,3612,Home Office,Office Supplies,2468,445,South
3612,3613,Consumer,Technology,2866,324,North
3613,3614,Corporate,Technology,1955,551,East
3614,3615,Home Office,Furniture,546,622,North
3615,3616,Corporate,Furniture,1697,588,West
3616,3617,Corporate,Office Supplies,309,909,West
3617,3618,Home Office,Office Supplies,948,870,East
3618,3619,Home Office,Technology,1751,962,East
3619,3620,Corporate,Office Supplies,2016,72,South
3620,3621,Home Office,Office Supplies,3629,41,South
3621,3622,Corporate,Technology,2018,608,East
3622,3623,Corporate,Technology,676,220,East
3623,3624,Home Office,Technology,788,472,West
3624,3625,Consumer,Technology,889,572,North
3625,3626,Home Office,Furniture,1455,584,West
3626,3627,Consumer,Technology,1787,89,West
3627,3628,Corporate,Technology,449,352,North
3628,3629,Corporate,Office Supplies,2817,241,East
3629,3630,Consumer,Office Supplies,3639,887,East
3630,3631,Corporate,Office Supplies,4621,622,West
3631,3632,Consumer,Furniture,4522,138,West
3632,3633,Consumer,Technology,1229,28,North
3633,3634,Corporate,Technology,4450,366,South
3634,3635,Consumer,Furniture,4639,428,South
3635,3636,Home Office,Technology,4308,968,East
3636,3637,Home Office,Office Supplies,4884,615,South
3637,3638,Corporate,Furniture,1090,90,East
3638,3639,Corporate,Technology,1973,624,East
3639,3640,Consumer,Furniture,4241,890,East
3640,3641,Consumer,Furniture,4952,675,North
3641,3642,Consumer,Technology,1476,790,West
3642,3643,Consumer,Office Supplies,1326,127,South
3643,3644,Home Office,Technology,663,863,North
3644,3645,Home Office,Technology,2987,503,South
3645,3646,Corporate,Office Supplies,1440,800,North
3646,3647,Consumer,Technology,3837,501,South
3647,3648,Consumer,Technology,1537,884,South
3648,3649,Corporate,Technology,194,234,West
3649,3650,Consumer,Furniture,3396,996,South
3650,3651,Consumer,Furniture,1048,428,North
3651,3652,Consumer,Furniture,4748,789,South
3652,3653,Consumer,Technology,2792,146,West
3653,3654,Consumer,Office Supplies,4261,235,South
3654,3655,Corporate,Furniture,3381,343,North
3655,3656,Consumer,Office Supplies,1597,238,South
3656,3657,Corporate,Technology,4860,332,West
3657,3658,Consumer,Furniture,2831,117,West
3658,3659,Home Office,Technology,2843,821,West
3659,3660,Home Office,Office Supplies,4375,454,West
3660,3661,Home Office,Furniture,2981,926,East
3661,3662,Home Office,Furniture,301,16,West
3662,3663,Corporate,Furniture,1598,137,South
3663,3664,Corporate,Furniture,3186,362,South
3664,3665,Consumer,Office Supplies,3213,276,South
3665,3666,Home Office,Furniture,2690,694,South
3666,3667,Corporate,Technology,2048,937,East
3667,3668,Consumer,Furniture,3704,223,East
3668,3669,Consumer,Office Supplies,4063,256,East
3669,3670,Corporate,Furniture,793,627,South
3670,3671,Home Office,Office Supplies,1819,604,North
3671,3672,Consumer,Office Supplies,4033,813,North
3672,3673,Home Office,Technology,3832,383,South
3673,3674,Home Office,Furniture,2759,430,West
3674,3675,Home Office,Furniture,1821,724,West
3675,3676,Consumer,Furniture,4151,50,South
3676,3677,Home Office,Technology,2391,726,West
3677,3678,Consumer,Technology,4299,357,West
3678,3679,Home Office,Office Supplies,2798,570,North
3679,3680,Consumer,Office Supplies,3474,152,South
3680,3681,Home Office,Office Supplies,1110,150,East
3681,3682,Corporate,Technology,1141,574,North
3682,3683,Home Office,Technology,1657,116,South
3683,3684,Home Office,Technology,1307,42,South
3684,3685,Consumer,Office Supplies,1780,209,North
3685,3686,Consumer,Technology,3721,128,West
3686,3687,Home Office,Office Supplies,3452,809,West
3687,3688,Corporate,Office Supplies,1778,238,North
3688,3689,Corporate,Furniture,3696,639,South
3689,3690,Consumer,Furniture,2845,697,East
3690,3691,Corporate,Furniture,3645,973,South
3691,3692,Home Office,Office Supplies,3093,194,East
3692,3693,Consumer,Furniture,880,839,East
3693,3694,Home Office,Furniture,1045,859,South
3694,3695,Consumer,Furniture,3528,224,South
3695,3696,Consumer,Technology,3198,742,South
3696,3697,Consumer,Office Supplies,647,139,East
3697,3698,Consumer,Furniture,2307,854,West
3698,3699,Corporate,Technology,3084,281,East
3699,3700,Home Office,Technology,2690,767,East
3700,3701,Home Office,Technology,2274,644,East
3701,3702,Home Office,Furniture,1897,17,North
3702,3703,Consumer,Technology,1980,412,West
3703,3704,Corporate,Office Supplies,3156,937,East
3704,3705,Home Office,Technology,2357,588,East
3705,3706,Corporate,Technology,2297,636,North
3706,3707,Consumer,Technology,130,378,East
3707,3708,Home Office,Technology,711,809,West
3708,3709,Corporate,Office Supplies,4497,626,East
3709,3710,Consumer,Furniture,3110,990,West
3710,3711,Corporate,Office Supplies,3012,546,West
3711,3712,Home Office,Office Supplies,3902,62,South
3712,3713,Home Office,Furniture,2912,256,North
3713,3714,Consumer,Technology,782,346,North
3714,3715,Consumer,Furniture,356,290,North
3715,3716,Consumer,Furniture,1039,42,South
3716,3717,Corporate,Office Supplies,2994,808,South
3717,3718,Corporate,Furniture,3285,557,West
3718,3719,Corporate,Technology,876,352,North
3719,3720,Consumer,Office Supplies,2832,900,South
3720,3721,Home Office,Technology,831,248,South
3721,3722,Home Office,Office Supplies,2142,501,South
3722,3723,Corporate,Technology,1069,738,West
3723,3724,Corporate,Furniture,202,186,East
3724,3725,Home Office,Furniture,1183,53,South
3725,3726,Home Office,Furniture,4962,313,South
3726,3727,Corporate,Technology,3170,679,South
3727,3728,Corporate,Office Supplies,3848,278,North
3728,3729,Home Office,Office Supplies,471,692,North
3729,3730,Consumer,Office Supplies,778,742,South
3730,3731,Corporate,Furniture,301,409,West
3731,3732,Home Office,Technology,188,751,East
3732,3733,Home Office,Office Supplies,2096,612,North
3733,3734,Home Office,Technology,4594,931,East
3734,3735,Home Office,Office Supplies,287,980,South
3735,3736,Consumer,Furniture,4847,440,North
3736,3737,Home Office,Technology,1654,430,East
3737,3738,Corporate,Office Supplies,4782,140,South
3738,3739,Consumer,Office Supplies,329,419,North
3739,3740,Home Office,Office Supplies,3652,747,South
3740,3741,Consumer,Office Supplies,154,234,North
3741,3742,Corporate,Furniture,4466,152,East
3742,3743,Home Office,Office Supplies,4131,587,East
3743,3744,Corporate,Office Supplies,1223,549,North
3744,3745,Home Office,Furniture,3240,134,West
3745,3746,Home Office,Office Supplies,3470,221,South
3746,3747,Home Office,Technology,1652,943,East
3747,3748,Home Office,Technology,215,437,West
3748,3749,Home Office,Office Supplies,3713,446,North
3749,3750,Consumer,Furniture,4518,601,East
3750,3751,Home Office,Furniture,2710,247,East
3751,3752,Home Office,Furniture,459,653,South
3752,3753,Consumer,Office Supplies,127,337,West
3753,3754,Consumer,Office Supplies,3937,821,South
3754,3755,Consumer,Technology,3633,128,North
3755,3756,Consumer,Furniture,1518,55,East
3756,3757,Consumer,Office Supplies,4139,93,West
3757,3758,Consumer,Office Supplies,3016,803,South
3758,3759,Home Office,Office Supplies,1394,361,West
3759,3760,Home Office,Furniture,3729,22,North
3760,3761,Corporate,Furniture,2175,646,East
3761,3762,Home Office,Technology,4939,846,West
3762,3763,Home Office,Furniture,3777,181,North
3763,3764,Consumer,Office Supplies,3253,243,North
3764,3765,Consumer,Technology,1878,190,East
3765,3766,Home Office,Furniture,4775,60,South
3766,3767,Corporate,Furniture,3994,790,East
3767,3768,Consumer,Furniture,2598,690,East
3768,3769,Home Office,Furniture,4628,404,West
3769,3770,Home Office,Office Supplies,473,942,West
3770,3771,Corporate,Furniture,2365,837,South
3771,3772,Corporate,Office Supplies,1231,809,North
3772,3773,Consumer,Office Supplies,1942,438,West
3773,3774,Corporate,Office Supplies,1673,283,South
3774,3775,Home Office,Technology,4544,870,East
3775,3776,Home Office,Office Supplies,887,216,North
3776,3777,Corporate,Furniture,1645,157,East
3777,3778,Corporate,Technology,4221,309,North
3778,3779,Corporate,Furniture,469,941,West
3779,3780,Corporate,Office Supplies,4474,462,East
3780,3781,Consumer,Furniture,1802,558,East
3781,3782,Corporate,Technology,1757,682,North
3782,3783,Consumer,Technology,2028,987,South
3783,3784,Home Office,Furniture,4155,392,North
3784,3785,Corporate,Furniture,706,796,West
3785,3786,Consumer,Furniture,2676,956,South
3786,3787,Corporate,Technology,4224,809,East
3787,3788,Home Office,Office Supplies,422,627,East
3788,3789,Home Office,Furniture,1976,543,East
3789,3790,Home Office,Office Supplies,683,242,West
3790,3791,Corporate,Technology,2909,643,East
3791,3792,Corporate,Furniture,755,138,East
3792,3793,Consumer,Furniture,4981,831,South
3793,3794,Home Office,Technology,322,738,West
3794,3795,Corporate,Furniture,2222,669,East
3795,3796,Home Office,Office Supplies,2320,579,South
3796,3797,Home Office,Technology,3650,940,East
3797,3798,Consumer,Technology,2542,246,South
3798,3799,Consumer,Furniture,4085,591,East
3799,3800,Consumer,Technology,266,975,West
3800,3801,Consumer,Furniture,2116,710,North
3801,3802,Home Office,Furniture,217,763,West
3802,3803,Consumer,Technology,1909,584,South
3803,3804,Consumer,Furniture,2306,494,East
3804,3805,Consumer,Office Supplies,1350,250,West
3805,3806,Consumer,Office Supplies,4106,966,East
3806,3807,Home Office,Furniture,3209,706,West
3807,3808,Consumer,Office Supplies,4658,780,South
3808,3809,Home Office,Furniture,1771,750,North
3809,3810,Corporate,Office Supplies,2251,232,West
3810,3811,Home Office,Technology,2397,108,East
3811,3812,Home Office,Furniture,1136,768,East
3812,3813,Consumer,Furniture,2714,566,East
3813,3814,Corporate,Furniture,1979,920,South
3814,3815,Corporate,Furniture,696,282,South
3815,3816,Corporate,Furniture,720,408,North
3816,3817,Corporate,Furniture,170,526,East
3817,3818,Home Office,Technology,1903,991,North
3818,3819,Corporate,Technology,4633,439,East
3819,3820,Home Office,Office Supplies,1167,532,West
3820,3821,Home Office,Furniture,2025,969,West
3821,3822,Home Office,Office Supplies,1137,357,West
3822,3823,Corporate,Office Supplies,3542,919,East
3823,3824,Consumer,Technology,3283,560,West
3824,3825,Consumer,Office Supplies,1502,460,East
3825,3826,Corporate,Technology,2461,960,North
3826,3827,Consumer,Office Supplies,1538,51,South
3827,3828,Consumer,Furniture,3911,724,West
3828,3829,Home Office,Office Supplies,584,103,East
3829,3830,Home Office,Technology,4364,495,East
3830,3831,Corporate,Technology,4998,526,North
3831,3832,Corporate,Technology,345,573,North
3832,3833,Consumer,Office Supplies,3471,159,South
3833,3834,Home Office,Office Supplies,1450,726,North
3834,3835,Corporate,Technology,629,821,South
3835,3836,Corporate,Furniture,3914,508,South
3836,3837,Corporate,Furniture,1888,380,North
3837,3838,Corporate,Office Supplies,1802,990,South
3838,3839,Corporate,Office Supplies,3725,708,West
3839,3840,Corporate,Technology,3420,494,South
3840,3841,Consumer,Office Supplies,859,674,East
3841,3842,Home Office,Office Supplies,1503,392,East
3842,3843,Home Office,Technology,897,637,East
3843,3844,Corporate,Technology,631,670,North
3844,3845,Home Office,Office Supplies,2017,741,East
3845,3846,Home Office,Furniture,4237,201,North
3846,3847,Home Office,Office Supplies,3516,754,East
3847,3848,Corporate,Furniture,698,845,South
3848,3849,Corporate,Furniture,405,230,North
3849,3850,Home Office,Furniture,3009,56,East
3850,3851,Home Office,Technology,778,136,South
3851,3852,Corporate,Technology,3484,812,North
3852,3853,Consumer,Technology,830,736,South
3853,3854,Home Office,Office Supplies,2125,16,South
3854,3855,Consumer,Technology,4328,705,South
3855,3856,Home Office,Technology,2866,125,North
3856,3857,Consumer,Office Supplies,2198,573,North
3857,3858,Consumer,Office Supplies,491,375,West
3858,3859,Consumer,Furniture,2843,55,West
3859,3860,Corporate,Office Supplies,3884,402,West
3860,3861,Consumer,Office Supplies,3937,963,West
3861,3862,Consumer,Technology,4703,32,North
3862,3863,Consumer,Furniture,1785,140,West
3863,3864,Home Office,Furniture,3014,136,East
3864,3865,Consumer,Office Supplies,1518,454,West
3865,3866,Home Office,Technology,4291,786,East
3866,3867,Consumer,Technology,4301,318,East
3867,3868,Consumer,Technology,4190,717,South
3868,3869,Corporate,Technology,3826,442,South
3869,3870,Home Office,Office Supplies,4873,482,South
3870,3871,Consumer,Technology,3729,975,West
3871,3872,Home Office,Furniture,3413,57,North
3872,3873,Home Office,Furniture,4985,900,East
3873,3874,Corporate,Office Supplies,4710,91,North
3874,3875,Corporate,Technology,1184,118,North
3875,3876,Corporate,Technology,1107,272,West
3876,3877,Corporate,Technology,1417,876,North
3877,3878,Corporate,Technology,2449,40,North
3878,3879,Corporate,Office Supplies,2793,367,South
3879,3880,Corporate,Technology,2378,577,South
3880,3881,Corporate,Office Supplies,3822,489,East
3881,3882,Consumer,Technology,3793,876,East
3882,3883,Home Office,Technology,4492,198,South
3883,3884,Corporate,Furniture,4650,997,West
3884,3885,Corporate,Office Supplies,4435,14,West
3885,3886,Home Office,Furniture,3347,295,East
3886,3887,Consumer,Office Supplies,3234,799,South
3887,3888,Home Office,Technology,2698,666,West
3888,3889,Home Office,Technology,2285,403,North
3889,3890,Corporate,Office Supplies,4152,464,East
3890,3891,Home Office,Furniture,4649,717,East
3891,3892,Home Office,Office Supplies,3924,435,North
3892,3893,Corporate,Office Supplies,3620,36,North
3893,3894,Corporate,Technology,1349,136,East
3894,3895,Corporate,Furniture,2174,144,North
3895,3896,Corporate,Office Supplies,2604,544,West
3896,3897,Home Office,Furniture,4890,340,East
3897,3898,Home Office,Furniture,4905,638,West
3898,3899,Consumer,Office Supplies,2114,401,East
3899,3900,Consumer,Furniture,1048,17,West
3900,3901,Home Office,Technology,206,622,South
3901,3902,Consumer,Technology,2591,270,West
3902,3903,Home Office,Technology,4792,208,North
3903,3904,Consumer,Technology,254,607,South
3904,3905,Corporate,Furniture,3340,749,East
3905,3906,Consumer,Technology,895,395,West
3906,3907,Corporate,Office Supplies,4467,481,East
3907,3908,Corporate,Technology,1670,188,South
3908,3909,Corporate,Office Supplies,1734,459,North
3909,3910,Corporate,Office Supplies,2038,249,North
3910,3911,Consumer,Technology,1632,533,North
3911,3912,Home Office,Technology,3128,824,East
3912,3913,Corporate,Furniture,4317,755,North
3913,3914,Consumer,Office Supplies,1540,192,North
3914,3915,Corporate,Technology,1498,803,East
3915,3916,Consumer,Furniture,3746,367,East
3916,3917,Consumer,Technology,3497,385,South
3917,3918,Consumer,Technology,4345,950,North
3918,3919,Home Office,Technology,4902,711,South
3919,3920,Consumer,Office Supplies,3142,847,West
3920,3921,Consumer,Technology,1715,736,West
3921,3922,Home Office,Furniture,1613,779,West
3922,3923,Home Office,Technology,2698,547,West
3923,3924,Consumer,Technology,944,791,East
3924,3925,Home Office,Furniture,3519,91,South
3925,3926,Corporate,Furniture,3630,367,South
3926,3927,Corporate,Office Supplies,2427,194,East
3927,3928,Home Office,Office Supplies,3140,297,West
3928,3929,Home Office,Office Supplies,2076,71,South
3929,3930,Consumer,Office Supplies,1935,892,North
3930,3931,Home Office,Furniture,4999,516,East
3931,3932,Consumer,Technology,454,471,East
3932,3933,Corporate,Technology,1705,39,North
3933,3934,Home Office,Technology,4573,918,West
3934,3935,Consumer,Office Supplies,3295,945,West
3935,3936,Consumer,Furniture,2227,40,South
3936,3937,Corporate,Furniture,1087,302,North
3937,3938,Home Office,Furniture,4428,182,South
3938,3939,Corporate,Technology,253,623,West
3939,3940,Consumer,Office Supplies,1006,137,South
3940,3941,Consumer,Furniture,3863,95,North
3941,3942,Home Office,Office Supplies,1720,324,North
3942,3943,Consumer,Furniture,3728,37,North
3943,3944,Home Office,Office Supplies,3674,131,West
3944,3945,Corporate,Furniture,4518,260,East
3945,3946,Home Office,Office Supplies,431,582,East
3946,3947,Home Office,Furniture,4438,412,East
3947,3948,Consumer,Furniture,529,692,South
3948,3949,Consumer,Office Supplies,2523,452,North
3949,3950,Home Office,Office Supplies,180,281,West
3950,3951,Consumer,Technology,1673,846,East
3951,3952,Consumer,Office Supplies,519,821,East
3952,3953,Consumer,Furniture,566,122,South
3953,3954,Home Office,Furniture,3493,715,South
3954,3955,Consumer,Office Supplies,1665,403,East
3955,3956,Home Office,Technology,1618,952,North
3956,3957,Consumer,Office Supplies,4130,28,North
3957,3958,Corporate,Furniture,2135,861,South
3958,3959,Consumer,Furniture,903,614,South
3959,3960,Consumer,Technology,1177,738,North
3960,3961,Home Office,Office Supplies,1732,474,South
3961,3962,Home Office,Furniture,2084,700,South
3962,3963,Consumer,Furniture,103,918,North
3963,3964,Corporate,Furniture,702,200,North
3964,3965,Consumer,Office Supplies,2467,502,West
3965,3966,Consumer,Office Supplies,3775,921,South
3966,3967,Corporate,Technology,600,958,South
3967,3968,Home Office,Furniture,284,172,West
3968,3969,Consumer,Furniture,3609,621,South
3969,3970,Home Office,Technology,3351,708,South
3970,3971,Home Office,Furniture,3247,304,East
3971,3972,Corporate,Technology,3040,588,East
3972,3973,Corporate,Technology,1395,82,East
3973,3974,Home Office,Furniture,154,753,West
3974,3975,Consumer,Office Supplies,1824,710,South
3975,3976,Home Office,Office Supplies,3010,571,West
3976,3977,Consumer,Office Supplies,1970,318,West
3977,3978,Consumer,Office Supplies,4272,311,South
3978,3979,Corporate,Furniture,2443,317,North
3979,3980,Consumer,Technology,3390,133,North
3980,3981,Consumer,Technology,3448,678,South
3981,3982,Home Office,Furniture,1701,270,North
3982,3983,Corporate,Office Supplies,2893,204,East
3983,3984,Consumer,Technology,3437,851,South
3984,3985,Consumer,Furniture,2190,360,West
3985,3986,Corporate,Furniture,1351,852,East
3986,3987,Home Office,Office Supplies,270,777,West
3987,3988,Corporate,Furniture,2909,986,North
3988,3989,Corporate,Technology,2454,945,South
3989,3990,Consumer,Technology,1873,498,East
3990,3991,Consumer,Furniture,3854,209,South
3991,3992,Home Office,Technology,4091,893,East
3992,3993,Consumer,Furniture,2181,517,East
3993,3994,Consumer,Technology,926,907,East
3994,3995,Corporate,Office Supplies,1765,589,South
3995,3996,Consumer,Technology,229,455,East
3996,3997,Home Office,Office Supplies,1517,89,East
3997,3998,Corporate,Office Supplies,3887,754,South
3998,3999,Home Office,Furniture,1507,707,West
3999,4000,Corporate,Office Supplies,693,626,North
4000,4001,Consumer,Technology,1137,478,South
4001,4002,Corporate,Technology,2228,846,South
4002,4003,Corporate,Office Supplies,3378,451,East
4003,4004,Consumer,Furniture,4399,940,South
4004,4005,Consumer,Office Supplies,122,663,South
4005,4006,Home Office,Technology,1733,920,North
4006,4007,Home Office,Technology,4101,911,South
4007,4008,Consumer,Office Supplies,4299,281,East
4008,4009,Consumer,Office Supplies,1505,352,North
4009,4010,Consumer,Office Supplies,1578,133,South
4010,4011,Corporate,Technology,1294,232,East
4011,4012,Corporate,Technology,675,499,North
4012,4013,Corporate,Technology,1706,695,South
4013,4014,Consumer,Furniture,4469,712,East
4014,4015,Home Office,Technology,551,661,North
4015,4016,Consumer,Technology,224,306,East
4016,4017,Corporate,Furniture,3554,128,North
4017,4018,Corporate,Furniture,2464,796,South
4018,4019,Consumer,Furniture,1966,85,West
4019,4020,Consumer,Furniture,1783,630,North
4020,4021,Corporate,Furniture,1006,640,South
4021,4022,Corporate,Furniture,3634,982,North
4022,4023,Corporate,Office Supplies,529,890,West
4023,4024,Consumer,Office Supplies,2851,267,East
4024,4025,Corporate,Office Supplies,3925,541,West
4025,4026,Corporate,Office Supplies,461,640,West
4026,4027,Home Office,Technology,4991,360,East
4027,4028,Consumer,Furniture,531,658,West
4028,4029,Home Office,Technology,2822,286,South
4029,4030,Home Office,Furniture,3161,264,North
4030,4031,Corporate,Furniture,3323,273,West
4031,4032,Consumer,Technology,1730,688,North
4032,4033,Corporate,Office Supplies,4771,686,North
4033,4034,Consumer,Technology,369,38,East
4034,4035,Home Office,Technology,1223,476,West
4035,4036,Consumer,Furniture,3276,44,East
4036,4037,Corporate,Furniture,3492,758,East
4037,4038,Corporate,Furniture,4633,303,North
4038,4039,Corporate,Office Supplies,1142,611,South
4039,4040,Consumer,Technology,1741,212,North
4040,4041,Home Office,Technology,2541,749,East
4041,4042,Home Office,Office Supplies,3397,940,West
4042,4043,Consumer,Technology,1483,77,South
4043,4044,Corporate,Technology,4096,140,South
4044,4045,Home Office,Furniture,114,886,West
4045,4046,Corporate,Office Supplies,1774,120,West
4046,4047,Consumer,Furniture,3717,533,South
4047,4048,Corporate,Office Supplies,1580,297,East
4048,4049,Home Office,Furniture,1845,696,South
4049,4050,Home Office,Technology,3146,840,South
4050,4051,Corporate,Office Supplies,4310,675,South
4051,4052,Consumer,Office Supplies,1075,52,East
4052,4053,Corporate,Furniture,1785,884,West
4053,4054,Consumer,Office Supplies,2183,726,West
4054,4055,Corporate,Technology,2389,693,West
4055,4056,Home Office,Technology,1786,303,East
4056,4057,Consumer,Technology,4258,294,East
4057,4058,Consumer,Furniture,608,832,West
4058,4059,Consumer,Office Supplies,287,573,North
4059,4060,Home Office,Furniture,2882,636,North
4060,4061,Corporate,Technology,4288,28,West
4061,4062,Home Office,Office Supplies,4200,516,North
4062,4063,Consumer,Technology,3609,556,North
4063,4064,Corporate,Office Supplies,3617,57,West
4064,4065,Home Office,Office Supplies,2172,754,West
4065,4066,Consumer,Furniture,197,228,East
4066,4067,Consumer,Office Supplies,1391,631,North
4067,4068,Home Office,Technology,3564,775,North
4068,4069,Home Office,Office Supplies,1887,197,West
4069,4070,Home Office,Technology,783,40,South
4070,4071,Consumer,Furniture,1232,268,West
4071,4072,Home Office,Technology,4222,684,East
4072,4073,Consumer,Office Supplies,3304,353,South
4073,4074,Home Office,Technology,3223,317,South
4074,4075,Consumer,Technology,3936,80,South
4075,4076,Consumer,Office Supplies,4976,316,East
4076,4077,Corporate,Technology,1714,577,North
4077,4078,Home Office,Office Supplies,1141,108,West
4078,4079,Home Office,Furniture,2965,30,East
4079,4080,Consumer,Technology,954,906,East
4080,4081,Consumer,Furniture,2126,629,South
4081,4082,Consumer,Technology,2087,574,South
4082,4083,Corporate,Technology,2650,15,East
4083,4084,Corporate,Furniture,339,240,North
4084,4085,Consumer,Technology,589,91,South
4085,4086,Home Office,Technology,3951,967,East
4086,4087,Home Office,Furniture,1136,226,South
4087,4088,Corporate,Technology,1438,344,West
4088,4089,Corporate,Office Supplies,4880,568,West
4089,4090,Consumer,Technology,3369,873,West
4090,4091,Home Office,Technology,2654,883,South
4091,4092,Consumer,Technology,3600,762,South
4092,4093,Corporate,Furniture,3962,699,North
4093,4094,Home Office,Office Supplies,1867,603,West
4094,4095,Home Office,Office Supplies,4808,808,North
4095,4096,Corporate,Technology,261,713,East
4096,4097,Consumer,Furniture,755,934,East
4097,4098,Consumer,Furniture,3106,664,West
4098,4099,Home Office,Office Supplies,4816,835,North
4099,4100,Corporate,Furniture,3606,800,South
4100,4101,Home Office,Technology,1356,943,North
4101,4102,Corporate,Technology,2258,562,East
4102,4103,Consumer,Furniture,2051,468,North
4103,4104,Corporate,Technology,849,792,East
4104,4105,Consumer,Office Supplies,808,96,East
4105,4106,Corporate,Technology,1721,524,North
4106,4107,Home Office,Furniture,4236,732,South
4107,4108,Consumer,Office Supplies,4755,522,East
4108,4109,Home Office,Technology,565,993,North
4109,4110,Home Office,Office Supplies,4095,596,East
4110,4111,Consumer,Furniture,1200,487,West
4111,4112,Consumer,Technology,1813,507,South
4112,4113,Home Office,Technology,4685,916,West
4113,4114,Home Office,Office Supplies,216,965,East
4114,4115,Home Office,Technology,2581,752,South
4115,4116,Home Office,Technology,295,458,North
4116,4117,Consumer,Technology,4814,597,North
4117,4118,Consumer,Technology,1574,269,South
4118,4119,Home Office,Furniture,2572,546,West
4119,4120,Corporate,Technology,4229,209,West
4120,4121,Corporate,Office Supplies,3154,472,South
4121,4122,Consumer,Furniture,1374,948,North
4122,4123,Home Office,Office Supplies,3809,103,South
4123,4124,Home Office,Office Supplies,438,945,West
4124,4125,Consumer,Office Supplies,3611,361,East
4125,4126,Corporate,Furniture,4375,117,North
4126,4127,Corporate,Furniture,4817,364,South
4127,4128,Corporate,Furniture,3399,478,East
4128,4129,Consumer,Technology,1756,104,West
4129,4130,Corporate,Office Supplies,742,877,North
4130,4131,Consumer,Furniture,1780,100,South
4131,4132,Consumer,Office Supplies,1450,53,West
4132,4133,Home Office,Furniture,718,465,South
4133,4134,Corporate,Furniture,1269,964,South
4134,4135,Consumer,Furniture,351,393,North
4135,4136,Corporate,Office Supplies,401,32,West
4136,4137,Corporate,Technology,3241,711,West
4137,4138,Home Office,Furniture,1666,32,East
4138,4139,Corporate,Furniture,3264,243,West
4139,4140,Home Office,Furniture,4057,707,West
4140,4141,Consumer,Technology,2310,320,North
4141,4142,Corporate,Office Supplies,3252,426,East
4142,4143,Consumer,Office Supplies,3759,342,North
4143,4144,Corporate,Office Supplies,711,584,West
4144,4145,Consumer,Office Supplies,2043,112,East
4145,4146,Corporate,Furniture,173,509,North
4146,4147,Corporate,Technology,2973,837,East
4147,4148,Corporate,Furniture,4737,492,West
4148,4149,Corporate,Technology,256,198,East
4149,4150,Corporate,Office Supplies,3658,857,East
4150,4151,Corporate,Technology,355,469,East
4151,4152,Corporate,Furniture,3210,198,West
4152,4153,Corporate,Furniture,1151,360,West
4153,4154,Corporate,Office Supplies,2517,590,East
4154,4155,Consumer,Furniture,2356,123,North
4155,4156,Home Office,Furniture,2734,113,North
4156,4157,Corporate,Technology,2996,629,West
4157,4158,Home Office,Furniture,1991,517,South
4158,4159,Corporate,Office Supplies,3783,354,North
4159,4160,Corporate,Office Supplies,4511,30,East
4160,4161,Consumer,Furniture,3564,396,South
4161,4162,Consumer,Office Supplies,2591,953,West
4162,4163,Home Office,Technology,3839,787,North
4163,4164,Consumer,Technology,1875,864,South
4164,4165,Consumer,Furniture,4036,218,West
4165,4166,Home Office,Furniture,2070,691,West
4166,4167,Consumer,Technology,3819,492,East
4167,4168,Corporate,Office Supplies,4053,482,North
4168,4169,Home Office,Furniture,2592,715,South
4169,4170,Home Office,Furniture,4765,868,East
4170,4171,Corporate,Office Supplies,748,951,North
4171,4172,Consumer,Furniture,1740,402,South
4172,4173,Home Office,Office Supplies,4534,644,West
4173,4174,Home Office,Office Supplies,628,698,West
4174,4175,Corporate,Office Supplies,2201,525,North
4175,4176,Corporate,Office Supplies,518,197,East
4176,4177,Consumer,Office Supplies,2452,355,South
4177,4178,Home Office,Technology,3609,361,South
4178,4179,Consumer,Office Supplies,184,550,West
4179,4180,Consumer,Technology,2399,607,North
4180,4181,Corporate,Office Supplies,1851,56,East
4181,4182,Home Office,Furniture,4321,86,West
4182,4183,Home Office,Technology,2757,352,West
4183,4184,Home Office,Furniture,4075,200,East
4184,4185,Corporate,Office Supplies,2451,552,South
4185,4186,Corporate,Office Supplies,3199,828,South
4186,4187,Corporate,Furniture,1389,690,North
4187,4188,Corporate,Office Supplies,3223,45,West
4188,4189,Corporate,Furniture,2802,766,North
4189,4190,Home Office,Office Supplies,743,433,South
4190,4191,Consumer,Office Supplies,3005,360,East
4191,4192,Home Office,Technology,4167,197,South
4192,4193,Consumer,Furniture,4163,536,South
4193,4194,Corporate,Office Supplies,4769,343,West
4194,4195,Consumer,Furniture,3022,492,South
4195,4196,Home Office,Technology,2121,225,North
4196,4197,Home Office,Furniture,3724,167,East
4197,4198,Consumer,Technology,2970,935,West
4198,4199,Corporate,Furniture,3218,676,East
4199,4200,Corporate,Furniture,236,250,North
4200,4201,Home Office,Technology,4325,305,North
4201,4202,Consumer,Office Supplies,1318,471,South
4202,4203,Corporate,Office Supplies,1117,54,North
4203,4204,Corporate,Office Supplies,3800,504,South
4204,4205,Home Office,Furniture,4627,980,West
4205,4206,Corporate,Furniture,3240,184,East
4206,4207,Consumer,Office Supplies,3629,355,South
4207,4208,Home Office,Furniture,2687,65,South
4208,4209,Home Office,Furniture,2482,575,West
4209,4210,Consumer,Office Supplies,2705,350,North
4210,4211,Home Office,Technology,3187,786,South
4211,4212,Corporate,Furniture,3627,895,North
4212,4213,Corporate,Furniture,2657,760,South
4213,4214,Consumer,Furniture,308,842,North
4214,4215,Corporate,Furniture,3910,117,South
4215,4216,Consumer,Technology,4253,719,East
4216,4217,Consumer,Office Supplies,2107,906,East
4217,4218,Corporate,Furniture,2963,223,East
4218,4219,Consumer,Office Supplies,3476,508,South
4219,4220,Corporate,Furniture,1468,767,North
4220,4221,Home Office,Technology,3900,406,West
4221,4222,Home Office,Office Supplies,1137,559,West
4222,4223,Consumer,Technology,4572,506,West
4223,4224,Corporate,Furniture,2390,182,East
4224,4225,Corporate,Technology,1092,114,East
4225,4226,Home Office,Technology,3038,561,East
4226,4227,Home Office,Furniture,4610,488,North
4227,4228,Corporate,Furniture,493,408,East
4228,4229,Consumer,Office Supplies,3786,443,North
4229,4230,Home Office,Furniture,4924,651,North
4230,4231,Consumer,Office Supplies,457,702,North
4231,4232,Consumer,Technology,4104,931,South
4232,4233,Home Office,Technology,1281,203,West
4233,4234,Consumer,Office Supplies,2165,852,North
4234,4235,Consumer,Furniture,4002,810,West
4235,4236,Corporate,Furniture,3518,475,North
4236,4237,Consumer,Technology,3229,350,North
4237,4238,Corporate,Office Supplies,254,68,East
4238,4239,Home Office,Technology,3658,872,West
4239,4240,Home Office,Technology,1654,547,North
4240,4241,Corporate,Furniture,586,487,West
4241,4242,Home Office,Office Supplies,1482,112,East
4242,4243,Consumer,Technology,2515,542,North
4243,4244,Consumer,Furniture,1170,954,East
4244,4245,Consumer,Technology,2354,601,North
4245,4246,Home Office,Technology,1606,848,East
4246,4247,Consumer,Furniture,1975,991,East
4247,4248,Home Office,Furniture,2290,720,South
4248,4249,Consumer,Office Supplies,1170,331,North
4249,4250,Corporate,Technology,290,558,North
4250,4251,Home Office,Office Supplies,239,23,North
4251,4252,Home Office,Furniture,4810,465,West
4252,4253,Consumer,Furniture,4110,230,South
4253,4254,Home Office,Technology,3511,885,West
4254,4255,Home Office,Office Supplies,3072,400,North
4255,4256,Corporate,Office Supplies,1614,687,South
4256,4257,Corporate,Technology,3220,182,East
4257,4258,Consumer,Technology,4070,671,South
4258,4259,Corporate,Office Supplies,4819,693,East
4259,4260,Consumer,Furniture,3624,90,North
4260,4261,Consumer,Furniture,1445,345,North
4261,4262,Consumer,Technology,4282,234,East
4262,4263,Home Office,Office Supplies,2017,880,South
4263,4264,Corporate,Office Supplies,4477,44,West
4264,4265,Consumer,Office Supplies,4010,879,South
4265,4266,Corporate,Furniture,552,197,East
4266,4267,Consumer,Furniture,4242,233,East
4267,4268,Corporate,Office Supplies,1711,652,West
4268,4269,Corporate,Office Supplies,3267,895,West
4269,4270,Consumer,Technology,2178,972,West
4270,4271,Home Office,Technology,2681,977,East
4271,4272,Corporate,Office Supplies,2164,503,North
4272,4273,Home Office,Office Supplies,1358,872,South
4273,4274,Home Office,Furniture,4587,320,West
4274,4275,Consumer,Office Supplies,453,530,East
4275,4276,Consumer,Technology,4500,590,South
4276,4277,Consumer,Furniture,3736,549,West
4277,4278,Corporate,Technology,1663,920,North
4278,4279,Consumer,Technology,811,378,South
4279,4280,Consumer,Furniture,3602,484,South
4280,4281,Corporate,Technology,2832,755,East
4281,4282,Corporate,Office Supplies,4981,40,East
4282,4283,Consumer,Technology,956,836,East
4283,4284,Consumer,Furniture,4372,241,North
4284,4285,Consumer,Furniture,1529,859,South
4285,4286,Consumer,Furniture,2592,506,West
4286,4287,Home Office,Technology,3298,575,North
4287,4288,Home Office,Office Supplies,3520,973,West
4288,4289,Consumer,Furniture,2168,990,West
4289,4290,Home Office,Office Supplies,4906,184,East
4290,4291,Corporate,Furniture,3591,307,West
4291,4292,Home Office,Office Supplies,251,800,West
4292,4293,Home Office,Office Supplies,3331,374,North
4293,4294,Consumer,Office Supplies,3006,95,East
4294,4295,Home Office,Furniture,3651,586,West
4295,4296,Home Office,Technology,1566,98,West
4296,4297,Home Office,Technology,4291,63,West
4297,4298,Home Office,Technology,3523,639,South
4298,4299,Corporate,Office Supplies,4157,370,South
4299,4300,Consumer,Furniture,3025,485,East
4300,4301,Consumer,Office Supplies,3765,238,North
4301,4302,Corporate,Furniture,4835,788,East
4302,4303,Home Office,Office Supplies,3530,840,South
4303,4304,Corporate,Furniture,1256,543,East
4304,4305,Home Office,Furniture,4307,959,North
4305,4306,Corporate,Furniture,3508,768,East
4306,4307,Consumer,Office Supplies,1261,994,West
4307,4308,Consumer,Technology,1359,382,North
4308,4309,Consumer,Office Supplies,4190,478,North
4309,4310,Home Office,Office Supplies,2941,429,North
4310,4311,Home Office,Furniture,3302,835,East
4311,4312,Corporate,Furniture,3081,541,East
4312,4313,Corporate,Technology,3654,409,West
4313,4314,Consumer,Technology,3572,997,North
4314,4315,Home Office,Furniture,1324,193,West
4315,4316,Corporate,Technology,4487,870,North
4316,4317,Home Office,Technology,2489,571,South
4317,4318,Home Office,Furniture,1114,99,East
4318,4319,Consumer,Office Supplies,4780,625,West
4319,4320,Consumer,Technology,2126,715,East
4320,4321,Home Office,Furniture,3813,392,East
4321,4322,Home Office,Technology,1592,378,South
4322,4323,Home Office,Technology,4222,83,South
4323,4324,Home Office,Furniture,1800,278,North
4324,4325,Consumer,Technology,554,24,South
4325,4326,Corporate,Technology,1017,338,North
4326,4327,Consumer,Technology,113,804,South
4327,4328,Corporate,Office Supplies,4474,401,South
4328,4329,Home Office,Office Supplies,589,719,West
4329,4330,Corporate,Technology,1084,443,South
4330,4331,Consumer,Furniture,1060,353,West
4331,4332,Consumer,Technology,1882,204,South
4332,4333,Home Office,Technology,1969,931,West
4333,4334,Consumer,Office Supplies,3404,45,East
4334,4335,Home Office,Office Supplies,2744,926,North
4335,4336,Consumer,Office Supplies,4445,214,South
4336,4337,Consumer,Technology,4935,829,West
4337,4338,Home Office,Technology,3768,660,South
4338,4339,Corporate,Furniture,4501,785,West
4339,4340,Consumer,Technology,1925,66,West
4340,4341,Corporate,Technology,3407,119,South
4341,4342,Consumer,Office Supplies,3462,695,North
4342,4343,Consumer,Office Supplies,3210,505,West
4343,4344,Consumer,Office Supplies,2865,727,East
4344,4345,Consumer,Office Supplies,4378,234,South
4345,4346,Corporate,Office Supplies,3870,395,East
4346,4347,Corporate,Furniture,2792,73,West
4347,4348,Consumer,Furniture,129,773,West
4348,4349,Consumer,Furniture,866,957,South
4349,4350,Corporate,Office Supplies,714,970,North
4350,4351,Home Office,Office Supplies,1104,788,East
4351,4352,Home Office,Office Supplies,2221,911,North
4352,4353,Corporate,Furniture,3226,361,East
4353,4354,Consumer,Office Supplies,3109,472,North
4354,4355,Consumer,Furniture,3919,853,South
4355,4356,Home Office,Office Supplies,123,329,East
4356,4357,Home Office,Technology,4159,366,South
4357,4358,Corporate,Furniture,3193,102,North
4358,4359,Home Office,Technology,3010,704,North
4359,4360,Corporate,Furniture,2070,309,North
4360,4361,Home Office,Office Supplies,1638,735,South
4361,4362,Home Office,Office Supplies,3241,503,West
4362,4363,Home Office,Technology,4867,663,West
4363,4364,Consumer,Office Supplies,4069,604,East
4364,4365,Consumer,Furniture,3024,398,South
4365,4366,Consumer,Office Supplies,670,620,South
4366,4367,Home Office,Office Supplies,4959,802,South
4367,4368,Corporate,Furniture,1342,443,North
4368,4369,Corporate,Technology,812,111,South
4369,4370,Corporate,Technology,4962,850,West
4370,4371,Corporate,Office Supplies,1393,387,East
4371,4372,Consumer,Furniture,2966,592,West
4372,4373,Consumer,Technology,1774,894,South
4373,4374,Home Office,Technology,3763,347,East
4374,4375,Home Office,Office Supplies,1459,907,East
4375,4376,Corporate,Furniture,735,893,South
4376,4377,Consumer,Technology,1309,787,South
4377,4378,Corporate,Office Supplies,2712,501,West
4378,4379,Home Office,Office Supplies,1397,651,West
4379,4380,Home Office,Office Supplies,457,69,North
4380,4381,Corporate,Office Supplies,340,822,North
4381,4382,Home Office,Technology,2704,518,North
4382,4383,Corporate,Furniture,4164,401,South
4383,4384,Consumer,Office Supplies,1926,963,South
4384,4385,Corporate,Office Supplies,3658,128,North
4385,4386,Consumer,Technology,3960,784,North
4386,4387,Consumer,Office Supplies,4351,480,West
4387,4388,Home Office,Office Supplies,4547,337,North
4388,4389,Home Office,Furniture,4239,30,North
4389,4390,Home Office,Office Supplies,237,106,East
4390,4391,Corporate,Technology,3834,824,North
4391,4392,Corporate,Furniture,2067,522,East
4392,4393,Home Office,Technology,4949,917,North
4393,4394,Corporate,Furniture,242,724,East
4394,4395,Home Office,Furniture,3733,953,North
4395,4396,Corporate,Office Supplies,2659,649,West
4396,4397,Consumer,Office Supplies,4257,359,South
4397,4398,Consumer,Office Supplies,2119,141,East
4398,4399,Home Office,Technology,2949,555,South
4399,4400,Corporate,Office Supplies,1292,608,West
4400,4401,Corporate,Office Supplies,2413,41,North
4401,4402,Consumer,Furniture,2455,268,North
4402,4403,Consumer,Office Supplies,2606,485,West
4403,4404,Home Office,Office Supplies,433,845,South
4404,4405,Consumer,Office Supplies,2662,834,South
4405,4406,Home Office,Office Supplies,2820,891,South
4406,4407,Consumer,Furniture,2538,981,South
4407,4408,Consumer,Office Supplies,1895,929,East
4408,4409,Corporate,Furniture,353,42,South
4409,4410,Consumer,Technology,3757,908,East
4410,4411,Consumer,Office Supplies,1523,397,West
4411,4412,Home Office,Office Supplies,3337,807,North
4412,4413,Consumer,Office Supplies,3431,847,East
4413,4414,Home Office,Furniture,1127,570,South
4414,4415,Consumer,Office Supplies,2266,807,North
4415,4416,Consumer,Office Supplies,4094,465,East
4416,4417,Home Office,Technology,569,603,North
4417,4418,Corporate,Furniture,1193,153,West
4418,4419,Home Office,Furniture,4889,958,South
4419,4420,Home Office,Technology,3012,911,West
4420,4421,Home Office,Furniture,280,801,North
4421,4422,Corporate,Office Supplies,4167,892,West
4422,4423,Consumer,Office Supplies,3176,613,South
4423,4424,Home Office,Technology,1320,233,East
4424,4425,Home Office,Furniture,4242,226,West
4425,4426,Corporate,Furniture,3723,165,South
4426,4427,Home Office,Furniture,4829,798,North
4427,4428,Consumer,Technology,1663,529,West
4428,4429,Corporate,Office Supplies,4784,45,East
4429,4430,Consumer,Technology,3732,645,West
4430,4431,Consumer,Office Supplies,2457,18,North
4431,4432,Corporate,Technology,1662,49,North
4432,4433,Home Office,Office Supplies,1513,478,North
4433,4434,Consumer,Furniture,2606,188,West
4434,4435,Consumer,Furniture,4928,650,West
4435,4436,Consumer,Furniture,1117,968,West
4436,4437,Consumer,Technology,3754,510,East
4437,4438,Corporate,Technology,857,382,South
4438,4439,Corporate,Technology,3879,77,West
4439,4440,Consumer,Furniture,720,979,East
4440,4441,Home Office,Office Supplies,1988,675,North
4441,4442,Consumer,Furniture,3684,433,West
4442,4443,Home Office,Furniture,281,524,West
4443,4444,Consumer,Office Supplies,2828,373,West
4444,4445,Home Office,Office Supplies,2395,899,East
4445,4446,Consumer,Office Supplies,2767,786,West
4446,4447,Home Office,Office Supplies,1899,937,West
4447,4448,Consumer,Furniture,1599,460,South
4448,4449,Consumer,Technology,1084,525,East
4449,4450,Home Office,Furniture,3653,783,South
4450,4451,Corporate,Office Supplies,2464,338,South
4451,4452,Home Office,Technology,3405,803,South
4452,4453,Corporate,Technology,2315,907,South
4453,4454,Consumer,Furniture,2890,971,North
4454,4455,Home Office,Furniture,225,379,West
4455,4456,Home Office,Furniture,2720,606,South
4456,4457,Home Office,Technology,4315,863,East
4457,4458,Corporate,Technology,1551,396,West
4458,4459,Corporate,Technology,1108,556,South
4459,4460,Consumer,Office Supplies,1313,123,South
4460,4461,Corporate,Office Supplies,3804,580,East
4461,4462,Corporate,Furniture,3230,47,North
4462,4463,Consumer,Technology,796,554,East
4463,4464,Home Office,Furniture,2370,386,North
4464,4465,Home Office,Technology,1615,408,North
4465,4466,Consumer,Furniture,1134,212,North
4466,4467,Home Office,Office Supplies,2940,211,South
4467,4468,Corporate,Technology,1635,109,South
4468,4469,Consumer,Office Supplies,913,407,North
4469,4470,Consumer,Technology,409,459,North
4470,4471,Consumer,Furniture,1111,822,South
4471,4472,Home Office,Technology,1118,825,North
4472,4473,Consumer,Office Supplies,3511,949,South
4473,4474,Consumer,Technology,3818,127,North
4474,4475,Consumer,Furniture,3910,430,South
4475,4476,Home Office,Technology,2144,252,East
4476,4477,Corporate,Office Supplies,1216,550,North
4477,4478,Consumer,Furniture,4823,236,North
4478,4479,Corporate,Office Supplies,1256,510,East
4479,4480,Home Office,Technology,1088,861,West
4480,4481,Home Office,Office Supplies,2566,222,North
4481,4482,Home Office,Technology,1928,939,West
4482,4483,Home Office,Furniture,2177,708,East
4483,4484,Corporate,Office Supplies,2445,122,North
4484,4485,Consumer,Office Supplies,1184,382,West
4485,4486,Home Office,Technology,2605,308,North
4486,4487,Home Office,Office Supplies,4144,682,North
4487,4488,Corporate,Office Supplies,2451,28,South
4488,4489,Corporate,Furniture,3105,785,West
4489,4490,Home Office,Technology,4535,680,South
4490,4491,Consumer,Technology,2595,20,South
4491,4492,Consumer,Furniture,176,17,West
4492,4493,Home Office,Furniture,2662,162,West
4493,4494,Corporate,Technology,1672,634,South
4494,4495,Home Office,Furniture,4287,669,North
4495,4496,Home Office,Furniture,4661,559,North
4496,4497,Corporate,Furniture,3770,144,East
4497,4498,Home Office,Technology,3211,382,North
4498,4499,Home Office,Furniture,2837,470,West
4499,4500,Home Office,Office Supplies,1452,944,West
4500,4501,Corporate,Office Supplies,1046,244,East
4501,4502,Consumer,Technology,4749,264,West
4502,4503,Consumer,Furniture,3968,595,South
4503,4504,Corporate,Office Supplies,3237,337,East
4504,4505,Consumer,Technology,3586,371,East
4505,4506,Home Office,Office Supplies,4287,383,North
4506,4507,Consumer,Furniture,1102,797,North
4507,4508,Home Office,Technology,4563,218,South
4508,4509,Consumer,Office Supplies,919,276,South
4509,4510,Corporate,Technology,522,665,North
4510,4511,Consumer,Office Supplies,671,563,North
4511,4512,Consumer,Office Supplies,3009,745,South
4512,4513,Consumer,Furniture,4630,867,North
4513,4514,Corporate,Furniture,1523,515,East
4514,4515,Consumer,Office Supplies,1733,573,South
4515,4516,Corporate,Technology,1853,430,North
4516,4517,Home Office,Technology,567,317,West
4517,4518,Consumer,Furniture,4987,146,West
4518,4519,Corporate,Office Supplies,3022,428,South
4519,4520,Corporate,Furniture,2403,204,West
4520,4521,Consumer,Office Supplies,1806,104,West
4521,4522,Home Office,Office Supplies,172,499,East
4522,4523,Corporate,Furniture,246,912,South
4523,4524,Consumer,Technology,416,267,West
4524,4525,Home Office,Furniture,705,34,North
4525,4526,Corporate,Office Supplies,674,241,South
4526,4527,Corporate,Furniture,1277,341,South
4527,4528,Home Office,Technology,3426,615,West
4528,4529,Home Office,Technology,3522,871,West
4529,4530,Consumer,Office Supplies,2694,230,East
4530,4531,Consumer,Furniture,2982,306,North
4531,4532,Corporate,Technology,411,212,East
4532,4533,Home Office,Furniture,2955,957,East
4533,4534,Home Office,Technology,864,352,North
4534,4535,Home Office,Office Supplies,3095,602,West
4535,4536,Corporate,Office Supplies,3300,214,East
4536,4537,Home Office,Furniture,535,970,South
4537,4538,Home Office,Office Supplies,3451,901,East
4538,4539,Corporate,Technology,4553,86,North
4539,4540,Consumer,Office Supplies,3077,559,East
4540,4541,Consumer,Technology,3030,716,East
4541,4542,Corporate,Technology,2399,985,South
4542,4543,Home Office,Office Supplies,234,51,North
4543,4544,Corporate,Technology,4014,464,South
4544,4545,Consumer,Technology,4718,191,West
4545,4546,Consumer,Furniture,903,766,North
4546,4547,Corporate,Furniture,2807,204,East
4547,4548,Corporate,Furniture,2466,599,South
4548,4549,Consumer,Office Supplies,4275,841,South
4549,4550,Corporate,Furniture,3362,985,North
4550,4551,Consumer,Technology,1576,397,South
4551,4552,Corporate,Office Supplies,3515,936,North
4552,4553,Corporate,Office Supplies,2561,646,West
4553,4554,Corporate,Office Supplies,4042,150,North
4554,4555,Consumer,Office Supplies,2140,36,North
4555,4556,Corporate,Technology,4563,324,West
4556,4557,Consumer,Technology,1106,330,West
4557,4558,Consumer,Furniture,1092,457,East
4558,4559,Corporate,Office Supplies,4791,802,South
4559,4560,Corporate,Furniture,1996,302,West
4560,4561,Consumer,Technology,3165,763,West
4561,4562,Consumer,Office Supplies,2848,245,South
4562,4563,Home Office,Technology,2761,724,South
4563,4564,Consumer,Furniture,3078,466,East
4564,4565,Home Office,Technology,1923,901,East
4565,4566,Home Office,Office Supplies,3507,848,North
4566,4567,Home Office,Office Supplies,4606,663,East
4567,4568,Corporate,Furniture,4582,615,West
4568,4569,Corporate,Office Supplies,1848,673,West
4569,4570,Consumer,Technology,2761,774,South
4570,4571,Home Office,Technology,118,76,East
4571,4572,Corporate,Technology,3458,185,North
4572,4573,Corporate,Technology,375,519,North
4573,4574,Corporate,Furniture,4178,624,North
4574,4575,Corporate,Technology,4854,100,North
4575,4576,Corporate,Furniture,3045,714,South
4576,4577,Home Office,Technology,4747,175,East
4577,4578,Home Office,Furniture,4874,611,East
4578,4579,Home Office,Technology,4798,847,East
4579,4580,Home Office,Technology,464,836,East
4580,4581,Consumer,Furniture,2073,789,North
4581,4582,Home Office,Office Supplies,894,447,North
4582,4583,Corporate,Office Supplies,689,60,South
4583,4584,Home Office,Office Supplies,4394,687,South
4584,4585,Consumer,Furniture,4413,695,North
4585,4586,Corporate,Office Supplies,840,748,West
4586,4587,Home Office,Office Supplies,4845,275,East
4587,4588,Home Office,Furniture,2294,530,South
4588,4589,Home Office,Office Supplies,769,96,North
4589,4590,Corporate,Office Supplies,1537,615,East
4590,4591,Corporate,Office Supplies,4860,61,East
4591,4592,Consumer,Furniture,955,188,North
4592,4593,Corporate,Furniture,2477,287,West
4593,4594,Corporate,Office Supplies,4133,248,West
4594,4595,Home Office,Office Supplies,1993,594,South
4595,4596,Corporate,Furniture,1286,348,North
4596,4597,Home Office,Office Supplies,1942,81,South
4597,4598,Home Office,Furniture,426,383,West
4598,4599,Corporate,Office Supplies,3326,589,South
4599,4600,Consumer,Furniture,2500,526,South
4600,4601,Consumer,Technology,4378,860,West
4601,4602,Corporate,Technology,4650,247,East
4602,4603,Consumer,Furniture,4201,475,East
4603,4604,Home Office,Technology,4115,130,West
4604,4605,Home Office,Office Supplies,4406,422,East
4605,4606,Corporate,Furniture,150,732,North
4606,4607,Consumer,Furniture,1568,783,East
4607,4608,Consumer,Office Supplies,1109,846,West
4608,4609,Home Office,Office Supplies,4572,579,North
4609,4610,Corporate,Furniture,3657,52,South
4610,4611,Consumer,Office Supplies,1174,513,West
4611,4612,Corporate,Furniture,253,206,West
4612,4613,Consumer,Office Supplies,681,81,East
4613,4614,Home Office,Furniture,887,100,North
4614,4615,Home Office,Office Supplies,4986,558,West
4615,4616,Corporate,Office Supplies,3481,500,North
4616,4617,Home Office,Technology,2367,835,North
4617,4618,Consumer,Technology,4358,758,East
4618,4619,Home Office,Technology,1070,392,West
4619,4620,Corporate,Office Supplies,747,814,North
4620,4621,Corporate,Furniture,1045,475,North
4621,4622,Corporate,Office Supplies,4884,163,South
4622,4623,Consumer,Technology,1595,179,East
4623,4624,Consumer,Office Supplies,2147,281,West
4624,4625,Consumer,Technology,1272,927,North
4625,4626,Consumer,Technology,4318,119,East
4626,4627,Consumer,Furniture,4999,160,West
4627,4628,Home Office,Furniture,2986,440,North
4628,4629,Consumer,Technology,4258,460,West
4629,4630,Consumer,Technology,832,652,West
4630,4631,Home Office,Office Supplies,3187,789,East
4631,4632,Consumer,Technology,3561,32,East
4632,4633,Corporate,Office Supplies,1757,376,South
4633,4634,Consumer,Technology,578,660,South
4634,4635,Consumer,Furniture,1237,829,South
4635,4636,Corporate,Furniture,4053,248,North
4636,4637,Corporate,Technology,1076,443,South
4637,4638,Corporate,Office Supplies,336,962,West
4638,4639,Corporate,Office Supplies,2623,713,East
4639,4640,Consumer,Office Supplies,4143,136,West
4640,4641,Corporate,Technology,697,951,East
4641,4642,Corporate,Technology,1802,550,East
4642,4643,Home Office,Furniture,2276,642,West
4643,4644,Corporate,Furniture,2657,207,West
4644,4645,Corporate,Technology,264,695,North
4645,4646,Home Office,Furniture,2424,665,East
4646,4647,Home Office,Office Supplies,3139,491,South
4647,4648,Consumer,Office Supplies,669,188,North
4648,4649,Home Office,Technology,3428,878,South
4649,4650,Consumer,Office Supplies,240,532,North
4650,4651,Home Office,Technology,785,660,East
4651,4652,Home Office,Office Supplies,786,968,West
4652,4653,Consumer,Technology,3380,446,West
4653,4654,Home Office,Office Supplies,2863,774,East
4654,4655,Consumer,Office Supplies,3690,866,West
4655,4656,Home Office,Furniture,2138,323,East
4656,4657,Corporate,Furniture,1174,28,East
4657,4658,Home Office,Furniture,2325,169,East
4658,4659,Consumer,Furniture,1441,827,North
4659,4660,Home Office,Furniture,1789,131,West
4660,4661,Consumer,Furniture,3110,81,North
4661,4662,Consumer,Technology,463,64,South
4662,4663,Corporate,Technology,1167,469,East
4663,4664,Corporate,Furniture,2740,178,West
4664,4665,Consumer,Technology,3849,620,South
4665,4666,Home Office,Furniture,2130,591,East
4666,4667,Consumer,Technology,717,158,South
4667,4668,Consumer,Office Supplies,4554,638,North
4668,4669,Home Office,Technology,3246,35,North
4669,4670,Home Office,Technology,2082,257,West
4670,4671,Home Office,Technology,293,906,South
4671,4672,Home Office,Office Supplies,4558,730,South
4672,4673,Consumer,Furniture,1219,236,North
4673,4674,Consumer,Technology,4302,932,North
4674,4675,Corporate,Technology,626,955,West
4675,4676,Consumer,Office Supplies,2052,635,East
4676,4677,Home Office,Furniture,4979,715,West
4677,4678,Corporate,Technology,1882,493,North
4678,4679,Home Office,Office Supplies,2773,842,West
4679,4680,Consumer,Furniture,2497,19,East
4680,4681,Corporate,Furniture,3824,104,North
4681,4682,Home Office,Technology,2689,130,East
4682,4683,Corporate,Technology,3626,135,West
4683,4684,Corporate,Technology,3949,558,East
4684,4685,Consumer,Technology,1734,78,North
4685,4686,Home Office,Office Supplies,3109,306,North
4686,4687,Corporate,Office Supplies,193,695,East
4687,4688,Corporate,Technology,3894,510,West
4688,4689,Home Office,Furniture,3466,982,West
4689,4690,Corporate,Technology,3046,54,West
4690,4691,Corporate,Furniture,188,644,West
4691,4692,Corporate,Furniture,2650,391,South
4692,4693,Home Office,Furniture,2914,993,South
4693,4694,Home Office,Office Supplies,1545,36,East
4694,4695,Home Office,Furniture,4721,714,South
4695,4696,Home Office,Furniture,1930,506,South
4696,4697,Consumer,Office Supplies,2841,861,South
4697,4698,Corporate,Furniture,654,145,East
4698,4699,Home Office,Furniture,3864,716,South
4699,4700,Corporate,Technology,2534,58,West
4700,4701,Corporate,Furniture,780,617,West
4701,4702,Consumer,Furniture,1731,516,East
4702,4703,Home Office,Furniture,302,130,East
4703,4704,Home Office,Furniture,4642,770,East
4704,4705,Corporate,Furniture,4018,994,North
4705,4706,Home Office,Office Supplies,3239,226,South
4706,4707,Corporate,Furniture,4973,635,East
4707,4708,Corporate,Furniture,2325,535,East
4708,4709,Consumer,Office Supplies,1786,583,East
4709,4710,Consumer,Office Supplies,928,52,West
4710,4711,Consumer,Furniture,4754,932,East
4711,4712,Corporate,Furniture,2122,761,West
4712,4713,Home Office,Furniture,202,105,West
4713,4714,Consumer,Technology,1657,36,North
4714,4715,Home Office,Technology,4311,845,East
4715,4716,Consumer,Furniture,4187,904,North
4716,4717,Consumer,Office Supplies,2611,251,East
4717,4718,Corporate,Furniture,203,496,South
4718,4719,Consumer,Office Supplies,3538,980,East
4719,4720,Consumer,Office Supplies,2957,249,East
4720,4721,Corporate,Office Supplies,906,313,East
4721,4722,Home Office,Furniture,4755,76,East
4722,4723,Consumer,Furniture,2174,290,East
4723,4724,Corporate,Office Supplies,626,201,East
4724,4725,Consumer,Technology,3536,128,North
4725,4726,Corporate,Technology,397,161,South
4726,4727,Home Office,Technology,4972,786,North
4727,4728,Home Office,Office Supplies,460,401,South
4728,4729,Corporate,Furniture,3817,240,North
4729,4730,Corporate,Office Supplies,4699,360,North
4730,4731,Corporate,Technology,2076,770,East
4731,4732,Home Office,Furniture,2177,580,North
4732,4733,Consumer,Office Supplies,3511,538,South
4733,4734,Home Office,Office Supplies,2273,180,West
4734,4735,Corporate,Technology,4791,872,South
4735,4736,Corporate,Office Supplies,1689,973,North
4736,4737,Home Office,Furniture,1489,141,West
4737,4738,Corporate,Technology,3614,366,East
4738,4739,Home Office,Technology,362,657,West
4739,4740,Corporate,Furniture,3083,51,East
4740,4741,Consumer,Technology,3019,314,South
4741,4742,Consumer,Office Supplies,1963,15,West
4742,4743,Corporate,Office Supplies,101,338,West
4743,4744,Home Office,Technology,2033,179,West
4744,4745,Consumer,Furniture,493,977,East
4745,4746,Home Office,Office Supplies,405,809,East
4746,4747,Corporate,Furniture,629,920,South
4747,4748,Home Office,Office Supplies,4723,347,South
4748,4749,Consumer,Office Supplies,3479,736,North
4749,4750,Home Office,Technology,1064,78,East
4750,4751,Home Office,Technology,4119,891,South
4751,4752,Corporate,Furniture,770,548,West
4752,4753,Corporate,Technology,4168,746,West
4753,4754,Corporate,Office Supplies,2352,843,West
4754,4755,Consumer,Office Supplies,2772,516,South
4755,4756,Consumer,Furniture,1813,755,West
4756,4757,Corporate,Furniture,4144,495,West
4757,4758,Corporate,Office Supplies,4916,452,East
4758,4759,Consumer,Technology,735,933,East
4759,4760,Consumer,Technology,3599,929,South
4760,4761,Consumer,Furniture,4752,60,East
4761,4762,Consumer,Furniture,1217,158,North
4762,4763,Corporate,Office Supplies,2254,936,South
4763,4764,Consumer,Office Supplies,4323,596,North
4764,4765,Corporate,Furniture,137,827,North
4765,4766,Home Office,Office Supplies,1732,101,South
4766,4767,Home Office,Furniture,4393,377,East
4767,4768,Consumer,Furniture,3875,945,East
4768,4769,Home Office,Technology,2154,589,South
4769,4770,Home Office,Furniture,4185,756,North
4770,4771,Home Office,Office Supplies,3503,883,South
4771,4772,Consumer,Technology,618,665,South
4772,4773,Consumer,Technology,2341,85,West
4773,4774,Home Office,Office Supplies,2463,95,West
4774,4775,Corporate,Office Supplies,1141,236,North
4775,4776,Home Office,Office Supplies,4815,372,East
4776,4777,Consumer,Furniture,1494,968,West
4777,4778,Consumer,Technology,2969,577,West
4778,4779,Consumer,Furniture,3776,601,North
4779,4780,Home Office,Furniture,3821,33,South
4780,4781,Corporate,Furniture,3872,748,West
4781,4782,Consumer,Furniture,334,37,East
4782,4783,Consumer,Technology,3240,130,North
4783,4784,Home Office,Technology,546,499,West
4784,4785,Corporate,Furniture,4805,614,North
4785,4786,Home Office,Office Supplies,107,862,West
4786,4787,Consumer,Technology,4657,633,West
4787,4788,Corporate,Furniture,1099,899,North
4788,4789,Corporate,Office Supplies,1434,354,East
4789,4790,Consumer,Office Supplies,233,40,East
4790,4791,Corporate,Furniture,2532,664,South
4791,4792,Corporate,Technology,155,888,West
4792,4793,Home Office,Office Supplies,3285,819,South
4793,4794,Consumer,Technology,1211,236,North
4794,4795,Consumer,Technology,3279,879,South
4795,4796,Consumer,Office Supplies,1623,259,North
4796,4797,Consumer,Furniture,243,59,East
4797,4798,Consumer,Office Supplies,3016,735,North
4798,4799,Corporate,Office Supplies,2203,901,North
4799,4800,Home Office,Technology,719,398,South
4800,4801,Consumer,Furniture,1986,953,West
4801,4802,Home Office,Technology,2120,790,South
4802,4803,Home Office,Office Supplies,1508,297,East
4803,4804,Corporate,Furniture,3021,716,East
4804,4805,Consumer,Furniture,4834,775,East
4805,4806,Corporate,Furniture,3473,600,West
4806,4807,Consumer,Furniture,3576,484,South
4807,4808,Corporate,Furniture,936,765,North
4808,4809,Home Office,Office Supplies,4002,612,North
4809,4810,Consumer,Office Supplies,1685,935,West
4810,4811,Home Office,Office Supplies,4975,15,East
4811,4812,Home Office,Technology,936,802,West
4812,4813,Corporate,Furniture,2657,421,North
4813,4814,Consumer,Furniture,2959,967,East
4814,4815,Home Office,Office Supplies,4460,671,West
4815,4816,Corporate,Furniture,1497,333,North
4816,4817,Consumer,Technology,3922,408,North
4817,4818,Consumer,Furniture,4497,291,West
4818,4819,Home Office,Furniture,3530,200,North
4819,4820,Consumer,Technology,904,795,South
4820,4821,Home Office,Office Supplies,1175,594,South
4821,4822,Consumer,Office Supplies,4294,968,East
4822,4823,Corporate,Furniture,2740,839,South
4823,4824,Home Office,Technology,3184,509,South
4824,4825,Home Office,Office Supplies,1513,589,West
4825,4826,Consumer,Office Supplies,4552,825,East
4826,4827,Consumer,Office Supplies,1763,443,West
4827,4828,Home Office,Furniture,3075,72,West
4828,4829,Consumer,Technology,4206,462,South
4829,4830,Corporate,Furniture,4276,502,South
4830,4831,Consumer,Office Supplies,2153,655,North
4831,4832,Corporate,Technology,2520,451,North
4832,4833,Corporate,Furniture,2628,316,East
4833,4834,Corporate,Office Supplies,4417,789,South
4834,4835,Corporate,Office Supplies,2040,744,North
4835,4836,Corporate,Furniture,3252,952,West
4836,4837,Consumer,Office Supplies,2046,135,South
4837,4838,Corporate,Office Supplies,614,274,East
4838,4839,Consumer,Technology,320,16,East
4839,4840,Corporate,Office Supplies,327,422,West
4840,4841,Home Office,Furniture,2437,215,North
4841,4842,Corporate,Technology,4488,188,West
4842,4843,Home Office,Furniture,3364,477,North
4843,4844,Corporate,Office Supplies,1055,505,South
4844,4845,Corporate,Technology,1597,704,East
4845,4846,Corporate,Technology,1380,452,North
4846,4847,Home Office,Technology,2078,961,West
4847,4848,Home Office,Technology,1629,927,South
4848,4849,Corporate,Furniture,4583,237,North
4849,4850,Consumer,Office Supplies,2762,757,South
4850,4851,Corporate,Office Supplies,2513,155,South
4851,4852,Home Office,Technology,2805,579,West
4852,4853,Corporate,Office Supplies,3635,305,West
4853,4854,Home Office,Furniture,4384,250,South
4854,4855,Home Office,Office Supplies,1017,866,South
4855,4856,Home Office,Furniture,1301,296,North
4856,4857,Corporate,Furniture,2522,961,West
4857,4858,Home Office,Office Supplies,1721,684,North
4858,4859,Home Office,Furniture,859,35,East
4859,4860,Corporate,Furniture,4389,461,North
4860,4861,Home Office,Furniture,1588,115,South
4861,4862,Corporate,Furniture,4358,249,East
4862,4863,Home Office,Technology,4471,861,North
4863,4864,Consumer,Office Supplies,4559,427,East
4864,4865,Consumer,Technology,1765,341,West
4865,4866,Home Office,Furniture,2102,921,North
4866,4867,Consumer,Office Supplies,559,900,North
4867,4868,Corporate,Furniture,3121,51,West
4868,4869,Consumer,Office Supplies,2390,654,North
4869,4870,Home Office,Technology,1465,838,East
4870,4871,Home Office,Office Supplies,3301,565,West
4871,4872,Corporate,Furniture,4852,44,East
4872,4873,Home Office,Office Supplies,1483,885,North
4873,4874,Corporate,Office Supplies,2235,356,North
4874,4875,Consumer,Technology,4937,393,North
4875,4876,Consumer,Furniture,3132,522,North
4876,4877,Corporate,Office Supplies,3809,747,East
4877,4878,Corporate,Technology,1621,820,North
4878,4879,Home Office,Office Supplies,1723,297,West
4879,4880,Consumer,Furniture,781,757,West
4880,4881,Corporate,Office Supplies,3234,880,South
4881,4882,Consumer,Office Supplies,3361,968,West
4882,4883,Corporate,Office Supplies,4796,42,South
4883,4884,Consumer,Office Supplies,3519,104,West
4884,4885,Home Office,Furniture,1967,214,West
4885,4886,Consumer,Technology,3709,630,North
4886,4887,Consumer,Technology,1299,843,West
4887,4888,Consumer,Office Supplies,2923,39,North
4888,4889,Consumer,Furniture,3048,275,North
4889,4890,Consumer,Furniture,4078,32,West
4890,4891,Home Office,Furniture,3725,618,East
4891,4892,Corporate,Furniture,4678,48,North
4892,4893,Consumer,Furniture,268,182,West
4893,4894,Home Office,Furniture,2121,769,East
4894,4895,Consumer,Office Supplies,2294,900,West
4895,4896,Consumer,Technology,538,422,West
4896,4897,Corporate,Technology,3360,423,East
4897,4898,Consumer,Office Supplies,4355,683,West
4898,4899,Home Office,Technology,2549,701,North
4899,4900,Home Office,Furniture,4781,624,South
4900,4901,Corporate,Furniture,963,218,South
4901,4902,Consumer,Technology,239,31,West
4902,4903,Home Office,Furniture,4523,14,South
4903,4904,Consumer,Furniture,324,660,South
4904,4905,Consumer,Technology,657,223,South
4905,4906,Consumer,Office Supplies,1673,681,North
4906,4907,Corporate,Technology,485,929,North
4907,4908,Consumer,Technology,620,916,South
4908,4909,Home Office,Technology,4072,148,East
4909,4910,Consumer,Technology,2934,666,East
4910,4911,Home Office,Office Supplies,3242,681,East
4911,4912,Consumer,Office Supplies,1933,604,North
4912,4913,Home Office,Furniture,4642,676,North
4913,4914,Home Office,Furniture,3261,809,North
4914,4915,Consumer,Technology,3601,326,North
4915,4916,Consumer,Furniture,4302,802,South
4916,4917,Home Office,Office Supplies,1599,585,North
4917,4918,Corporate,Furniture,3063,713,South
4918,4919,Consumer,Furniture,1577,165,East
4919,4920,Corporate,Furniture,1003,433,South
4920,4921,Consumer,Technology,1731,509,East
4921,4922,Consumer,Furniture,4086,100,North
4922,4923,Consumer,Office Supplies,1270,663,East
4923,4924,Consumer,Office Supplies,2427,51,East
4924,4925,Corporate,Office Supplies,4219,770,South
4925,4926,Consumer,Office Supplies,1844,304,East
4926,4927,Home Office,Furniture,2139,779,West
4927,4928,Home Office,Technology,219,346,East
4928,4929,Corporate,Office Supplies,3957,10,North
4929,4930,Consumer,Office Supplies,1775,118,East
4930,4931,Home Office,Technology,1420,937,West
4931,4932,Corporate,Technology,1115,988,South
4932,4933,Consumer,Office Supplies,4643,134,East
4933,4934,Home Office,Office Supplies,1843,73,West
4934,4935,Home Office,Technology,2042,215,North
4935,4936,Corporate,Office Supplies,3641,424,North
4936,4937,Consumer,Office Supplies,1546,963,South
4937,4938,Consumer,Furniture,3716,859,North
4938,4939,Home Office,Technology,3994,253,West
4939,4940,Home Office,Furniture,1824,599,East
4940,4941,Home Office,Furniture,2372,632,West
4941,4942,Consumer,Technology,4162,663,South
4942,4943,Corporate,Furniture,4381,225,East
4943,4944,Corporate,Office Supplies,171,974,West
4944,4945,Consumer,Furniture,4269,537,South
4945,4946,Corporate,Technology,2300,974,South
4946,4947,Home Office,Office Supplies,2243,575,East
4947,4948,Corporate,Office Supplies,3857,662,East
4948,4949,Corporate,Office Supplies,3281,389,North
4949,4950,Corporate,Office Supplies,1581,857,North
4950,4951,Home Office,Furniture,2975,88,East
4951,4952,Consumer,Furniture,4960,424,North
4952,4953,Home Office,Office Supplies,4179,462,East
4953,4954,Consumer,Technology,1196,158,North
4954,4955,Consumer,Office Supplies,4407,648,West
4955,4956,Consumer,Furniture,823,679,South
4956,4957,Corporate,Office Supplies,3339,800,East
4957,4958,Corporate,Furniture,2478,47,East
4958,4959,Consumer,Office Supplies,4946,166,East
4959,4960,Consumer,Technology,3314,342,West
4960,4961,Corporate,Office Supplies,2971,297,South
4961,4962,Home Office,Technology,4589,121,North
4962,4963,Consumer,Technology,4707,711,North
4963,4964,Home Office,Office Supplies,4881,627,South
4964,4965,Corporate,Technology,4019,100,North
4965,4966,Consumer,Technology,1820,875,East
4966,4967,Home Office,Furniture,3499,822,South
4967,4968,Home Office,Furniture,1957,58,West
4968,4969,Home Office,Technology,2865,170,South
4969,4970,Corporate,Office Supplies,2496,525,East
4970,4971,Corporate,Technology,3864,411,South
4971,4972,Home Office,Office Supplies,4121,719,West
4972,4973,Home Office,Furniture,3986,329,West
4973,4974,Corporate,Office Supplies,2662,933,South
4974,4975,Home Office,Technology,2546,373,South
4975,4976,Home Office,Technology,3767,898,North
4976,4977,Corporate,Technology,2361,451,North
4977,4978,Home Office,Technology,3717,484,East
4978,4979,Home Office,Technology,1412,775,North
4979,4980,Home Office,Office Supplies,1964,611,East
4980,4981,Corporate,Technology,2405,321,East
4981,4982,Home Office,Furniture,1907,541,South
4982,4983,Corporate,Technology,2841,598,North
4983,4984,Corporate,Office Supplies,3436,229,West
4984,4985,Consumer,Technology,1097,683,West
4985,4986,Consumer,Technology,2419,506,South
4986,4987,Home Office,Office Supplies,3307,352,West
4987,4988,Corporate,Technology,698,915,West
4988,4989,Consumer,Office Supplies,1183,636,South
4989,4990,Home Office,Technology,3681,103,West
4990,4991,Consumer,Furniture,3186,927,South
4991,4992,Consumer,Technology,2402,142,East
4992,4993,Corporate,Office Supplies,2884,510,North
4993,4994,Corporate,Furniture,821,181,West
4994,4995,Consumer,Office Supplies,1254,635,South
4995,4996,Consumer,Technology,116,18,West
4996,4997,Corporate,Furniture,1091,820,North
4997,4998,Home Office,Office Supplies,2332,781,West
4998,4999,Corporate,Furniture,3562,691,East
4999,5000,Consumer,Furniture,1546,330,South
5000,5001,Home Office,Office Supplies,1565,107,North
5001,5002,Consumer,Furniture,3867,178,East
5002,5003,Home Office,Office Supplies,3727,969,West
5003,5004,Consumer,Furniture,3183,320,West
5004,5005,Home Office,Furniture,1643,739,West
5005,5006,Home Office,Furniture,179,923,North
5006,5007,Consumer,Technology,3387,921,South
5007,5008,Home Office,Technology,1371,352,North
5008,5009,Corporate,Office Supplies,1664,439,East
5009,5010,Consumer,Furniture,1813,941,South
5010,5011,Corporate,Office Supplies,1109,867,North
5011,5012,Consumer,Technology,872,971,West
5012,5013,Home Office,Technology,582,565,East
5013,5014,Home Office,Technology,2492,509,West
5014,5015,Home Office,Technology,3279,782,North
5015,5016,Consumer,Office Supplies,1681,294,East
5016,5017,Corporate,Furniture,2621,647,South
5017,5018,Corporate,Office Supplies,1205,269,South
5018,5019,Consumer,Furniture,3809,504,North
5019,5020,Consumer,Technology,3461,364,North
5020,5021,Corporate,Furniture,4370,223,South
5021,5022,Corporate,Technology,941,826,South
5022,5023,Corporate,Office Supplies,3634,209,North
5023,5024,Corporate,Furniture,1972,245,South
5024,5025,Consumer,Office Supplies,3605,862,East
5025,5026,Consumer,Technology,3420,145,North
5026,5027,Home Office,Office Supplies,2828,899,East
5027,5028,Corporate,Technology,1054,957,West
5028,5029,Home Office,Technology,1695,637,East
5029,5030,Consumer,Technology,2388,974,North
5030,5031,Consumer,Office Supplies,4535,926,West
5031,5032,Home Office,Office Supplies,843,676,South
5032,5033,Corporate,Furniture,1594,431,East
5033,5034,Corporate,Furniture,3446,910,East
5034,5035,Corporate,Office Supplies,4210,350,North
5035,5036,Corporate,Office Supplies,2088,838,South
5036,5037,Home Office,Office Supplies,307,913,North
5037,5038,Home Office,Office Supplies,1183,351,South
5038,5039,Consumer,Technology,2512,539,North
5039,5040,Corporate,Technology,3411,397,South
5040,5041,Corporate,Technology,4110,13,West
5041,5042,Corporate,Office Supplies,496,686,North
5042,5043,Home Office,Technology,2057,648,West
5043,5044,Corporate,Technology,4989,408,North
5044,5045,Home Office,Furniture,308,431,North
5045,5046,Corporate,Furniture,532,420,North
5046,5047,Corporate,Technology,2756,222,East
5047,5048,Consumer,Technology,2536,569,North
5048,5049,Corporate,Technology,4778,567,South
5049,5050,Corporate,Office Supplies,4627,567,East
5050,5051,Consumer,Furniture,4546,57,South
5051,5052,Home Office,Furniture,233,196,South
5052,5053,Home Office,Furniture,738,511,South
5053,5054,Corporate,Technology,1328,641,South
5054,5055,Home Office,Office Supplies,3469,653,South
5055,5056,Corporate,Furniture,4312,980,West
5056,5057,Consumer,Furniture,4119,540,East
5057,5058,Consumer,Office Supplies,1390,962,South
5058,5059,Corporate,Technology,2296,796,West
5059,5060,Consumer,Technology,1803,484,West
5060,5061,Consumer,Furniture,2326,753,South
5061,5062,Corporate,Furniture,2295,51,North
5062,5063,Corporate,Office Supplies,4660,613,South
5063,5064,Consumer,Furniture,1075,270,West
5064,5065,Home Office,Office Supplies,1128,57,South
5065,5066,Home Office,Furniture,625,930,West
5066,5067,Corporate,Furniture,2427,972,South
5067,5068,Corporate,Furniture,2646,803,West
5068,5069,Home Office,Technology,935,595,South
5069,5070,Consumer,Office Supplies,2583,737,North
5070,5071,Home Office,Office Supplies,2963,455,North
5071,5072,Home Office,Technology,2834,230,West
5072,5073,Home Office,Technology,1638,630,North
5073,5074,Home Office,Technology,2010,656,North
5074,5075,Corporate,Office Supplies,4149,949,East
5075,5076,Corporate,Furniture,2742,352,South
5076,5077,Consumer,Technology,1403,247,South
5077,5078,Consumer,Technology,231,164,North
5078,5079,Consumer,Technology,492,947,North
5079,5080,Consumer,Furniture,4676,850,West
5080,5081,Home Office,Furniture,3684,65,South
5081,5082,Corporate,Technology,2775,396,East
5082,5083,Corporate,Furniture,2566,903,East
5083,5084,Consumer,Technology,1325,918,North
5084,5085,Consumer,Furniture,2805,719,West
5085,5086,Home Office,Office Supplies,561,324,West
5086,5087,Home Office,Office Supplies,1901,47,South
5087,5088,Consumer,Furniture,3373,350,North
5088,5089,Corporate,Office Supplies,4085,860,North
5089,5090,Corporate,Office Supplies,251,738,West
5090,5091,Corporate,Office Supplies,2369,240,East
5091,5092,Consumer,Technology,4274,461,East
5092,5093,Corporate,Furniture,1885,351,South
5093,5094,Home Office,Furniture,3560,462,North
5094,5095,Home Office,Furniture,1936,266,North
5095,5096,Consumer,Office Supplies,1497,443,East
5096,5097,Home Office,Technology,1175,218,North
5097,5098,Consumer,Furniture,4606,210,North
5098,5099,Corporate,Office Supplies,2108,146,West
5099,5100,Corporate,Technology,1593,649,South
5100,5101,Corporate,Technology,1235,574,South
5101,5102,Home Office,Furniture,1648,865,South
5102,5103,Consumer,Furniture,884,403,West
5103,5104,Corporate,Office Supplies,1520,605,South
5104,5105,Consumer,Furniture,4938,730,South
5105,5106,Corporate,Office Supplies,2535,854,East
5106,5107,Home Office,Technology,3581,806,East
5107,5108,Home Office,Technology,3751,45,South
5108,5109,Consumer,Technology,2163,224,West
5109,5110,Home Office,Technology,2120,36,West
5110,5111,Home Office,Furniture,4857,667,West
5111,5112,Consumer,Furniture,2249,27,North
5112,5113,Corporate,Office Supplies,1050,639,North
5113,5114,Home Office,Office Supplies,124,146,West
5114,5115,Consumer,Office Supplies,117,588,East
5115,5116,Home Office,Office Supplies,3925,912,North
5116,5117,Home Office,Office Supplies,669,835,West
5117,5118,Home Office,Technology,1455,984,North
5118,5119,Home Office,Technology,1692,39,North
5119,5120,Consumer,Technology,930,82,North
5120,5121,Consumer,Office Supplies,3182,132,North
5121,5122,Consumer,Technology,971,966,West
5122,5123,Home Office,Technology,934,996,North
5123,5124,Home Office,Technology,3412,237,South
5124,5125,Home Office,Technology,3216,347,West
5125,5126,Consumer,Furniture,1069,282,West
5126,5127,Home Office,Office Supplies,692,767,West
5127,5128,Corporate,Office Supplies,354,446,North
5128,5129,Home Office,Furniture,2214,911,West
5129,5130,Corporate,Technology,3065,48,East
5130,5131,Home Office,Technology,2761,930,South
5131,5132,Consumer,Technology,702,691,East
5132,5133,Home Office,Office Supplies,1165,435,South
5133,5134,Corporate,Office Supplies,1939,324,South
5134,5135,Corporate,Office Supplies,2531,623,North
5135,5136,Home Office,Office Supplies,1065,815,South
5136,5137,Corporate,Office Supplies,1837,518,South
5137,5138,Corporate,Furniture,584,936,East
5138,5139,Consumer,Office Supplies,4234,764,South
5139,5140,Home Office,Technology,110,166,West
5140,5141,Home Office,Office Supplies,4819,881,West
5141,5142,Home Office,Furniture,4604,786,South
5142,5143,Corporate,Technology,2127,266,West
5143,5144,Home Office,Furniture,3464,985,North
5144,5145,Home Office,Technology,3187,879,West
5145,5146,Consumer,Office Supplies,3138,864,North
5146,5147,Consumer,Furniture,704,644,South
5147,5148,Consumer,Technology,1068,465,North
5148,5149,Corporate,Office Supplies,4360,56,North
5149,5150,Home Office,Technology,536,341,South
5150,5151,Consumer,Furniture,2874,19,South
5151,5152,Consumer,Furniture,1909,153,North
5152,5153,Consumer,Furniture,2869,440,East
5153,5154,Home Office,Furniture,1929,820,South
5154,5155,Home Office,Office Supplies,392,161,South
5155,5156,Home Office,Technology,4051,496,East
5156,5157,Corporate,Office Supplies,561,145,West
5157,5158,Corporate,Furniture,3984,596,East
5158,5159,Consumer,Technology,3333,882,West
5159,5160,Home Office,Furniture,2191,35,East
5160,5161,Consumer,Office Supplies,4036,16,North
5161,5162,Home Office,Office Supplies,3039,600,South
5162,5163,Home Office,Office Supplies,4906,24,East
5163,5164,Home Office,Technology,188,441,South
5164,5165,Corporate,Technology,1763,908,West
5165,5166,Corporate,Furniture,3401,409,North
5166,5167,Home Office,Technology,2820,216,South
5167,5168,Consumer,Technology,3037,610,East
5168,5169,Home Office,Office Supplies,521,618,East
5169,5170,Home Office,Furniture,3849,919,North
5170,5171,Consumer,Office Supplies,4533,225,West
5171,5172,Home Office,Furniture,365,511,North
5172,5173,Consumer,Furniture,2950,468,North
5173,5174,Corporate,Technology,1478,268,South
5174,5175,Corporate,Office Supplies,1914,338,West
5175,5176,Consumer,Technology,2364,463,North
5176,5177,Corporate,Technology,4516,808,South
5177,5178,Corporate,Technology,949,384,South
5178,5179,Consumer,Furniture,4914,473,West
5179,5180,Corporate,Office Supplies,3836,84,West
5180,5181,Home Office,Office Supplies,1091,251,South
5181,5182,Home Office,Technology,3864,26,West
5182,5183,Consumer,Furniture,1908,698,South
5183,5184,Corporate,Office Supplies,3374,268,West
5184,5185,Home Office,Office Supplies,816,132,West
5185,5186,Home Office,Technology,995,988,West
5186,5187,Corporate,Furniture,1276,993,East
5187,5188,Corporate,Technology,3853,320,West
5188,5189,Home Office,Office Supplies,1876,120,East
5189,5190,Home Office,Furniture,2904,265,South
5190,5191,Consumer,Technology,3492,243,North
5191,5192,Consumer,Office Supplies,1559,977,North
5192,5193,Home Office,Technology,2643,506,North
5193,5194,Consumer,Technology,4737,877,South
5194,5195,Home Office,Technology,4830,49,West
5195,5196,Home Office,Furniture,3653,131,East
5196,5197,Consumer,Office Supplies,1449,459,South
5197,5198,Consumer,Office Supplies,3086,736,North
5198,5199,Corporate,Office Supplies,3430,817,North
5199,5200,Corporate,Office Supplies,4893,807,North
5200,5201,Corporate,Furniture,2222,802,North
5201,5202,Home Office,Technology,3728,528,East
5202,5203,Consumer,Office Supplies,597,101,North
5203,5204,Home Office,Furniture,3587,370,East
5204,5205,Consumer,Technology,821,955,North
5205,5206,Home Office,Furniture,1463,132,South
5206,5207,Corporate,Furniture,407,346,East
5207,5208,Corporate,Office Supplies,2851,617,East
5208,5209,Corporate,Office Supplies,983,522,South
5209,5210,Home Office,Technology,1364,612,North
5210,5211,Consumer,Technology,4448,437,North
5211,5212,Consumer,Office Supplies,2544,442,West
5212,5213,Corporate,Furniture,3133,16,West
5213,5214,Corporate,Office Supplies,1152,129,East
5214,5215,Corporate,Technology,593,396,West
5215,5216,Corporate,Furniture,2121,359,South
5216,5217,Consumer,Furniture,1847,650,South
5217,5218,Home Office,Furniture,3402,700,South
5218,5219,Home Office,Office Supplies,2379,107,East
5219,5220,Home Office,Office Supplies,1031,943,South
5220,5221,Home Office,Technology,2025,52,East
5221,5222,Corporate,Furniture,856,192,East
5222,5223,Corporate,Furniture,1154,706,South
5223,5224,Corporate,Office Supplies,4030,574,South
5224,5225,Home Office,Technology,4651,749,East
5225,5226,Corporate,Technology,4454,682,South
5226,5227,Corporate,Furniture,4626,244,West
5227,5228,Consumer,Office Supplies,3553,985,East
5228,5229,Consumer,Furniture,2616,455,North
5229,5230,Corporate,Office Supplies,2064,879,East
5230,5231,Consumer,Technology,746,916,South
5231,5232,Consumer,Furniture,4642,209,South
5232,5233,Corporate,Furniture,2930,957,East
5233,5234,Corporate,Furniture,294,522,East
5234,5235,Corporate,Technology,1245,535,North
5235,5236,Corporate,Furniture,2609,999,North
5236,5237,Home Office,Technology,4391,222,East
5237,5238,Home Office,Office Supplies,2183,387,South
5238,5239,Corporate,Technology,4840,798,East
5239,5240,Consumer,Office Supplies,3452,555,West
5240,5241,Corporate,Technology,421,495,West
5241,5242,Corporate,Technology,2387,995,South
5242,5243,Consumer,Furniture,3231,370,East
5243,5244,Home Office,Technology,4845,791,East
5244,5245,Corporate,Furniture,1802,177,West
5245,5246,Corporate,Office Supplies,2312,899,East
5246,5247,Home Office,Office Supplies,930,940,South
5247,5248,Home Office,Furniture,288,691,South
5248,5249,Consumer,Office Supplies,4152,603,North
5249,5250,Home Office,Technology,191,413,South
5250,5251,Home Office,Furniture,3977,837,East
5251,5252,Home Office,Furniture,2011,146,East
5252,5253,Consumer,Furniture,2436,242,West
5253,5254,Home Office,Office Supplies,1680,124,West
5254,5255,Home Office,Office Supplies,1508,261,South
5255,5256,Consumer,Technology,274,502,North
5256,5257,Home Office,Technology,573,298,East
5257,5258,Home Office,Furniture,3532,58,North
5258,5259,Consumer,Technology,369,461,East
5259,5260,Corporate,Office Supplies,2144,525,South
5260,5261,Consumer,Technology,3295,900,South
5261,5262,Home Office,Office Supplies,793,697,West
5262,5263,Home Office,Technology,4571,281,North
5263,5264,Home Office,Office Supplies,1515,440,West
5264,5265,Consumer,Office Supplies,2183,35,South
5265,5266,Home Office,Technology,1335,79,North
5266,5267,Home Office,Technology,4067,302,East
5267,5268,Consumer,Office Supplies,2071,415,West
5268,5269,Corporate,Furniture,233,243,South
5269,5270,Corporate,Technology,3012,240,East
5270,5271,Home Office,Office Supplies,4885,272,South
5271,5272,Consumer,Technology,940,947,East
5272,5273,Home Office,Technology,1561,807,West
5273,5274,Consumer,Technology,3572,595,East
5274,5275,Consumer,Technology,4943,130,North
5275,5276,Corporate,Technology,2975,472,East
5276,5277,Corporate,Furniture,2609,527,South
5277,5278,Consumer,Furniture,1065,33,East
5278,5279,Home Office,Furniture,2138,715,West
5279,5280,Corporate,Office Supplies,4340,689,South
5280,5281,Home Office,Furniture,1950,386,South
5281,5282,Corporate,Furniture,834,509,South
5282,5283,Corporate,Office Supplies,2553,920,South
5283,5284,Home Office,Furniture,3116,446,North
5284,5285,Corporate,Technology,3102,862,South
5285,5286,Corporate,Furniture,2415,731,South
5286,5287,Home Office,Furniture,4103,654,South
5287,5288,Corporate,Furniture,2413,866,West
5288,5289,Corporate,Technology,4723,813,West
5289,5290,Corporate,Technology,3263,979,South
5290,5291,Home Office,Technology,3419,508,North
5291,5292,Consumer,Technology,3561,183,East
5292,5293,Home Office,Office Supplies,529,672,North
5293,5294,Consumer,Technology,3088,609,South
5294,5295,Corporate,Technology,3896,822,South
5295,5296,Consumer,Technology,1696,518,North
5296,5297,Home Office,Technology,3462,787,South
5297,5298,Home Office,Office Supplies,2450,319,East
5298,5299,Corporate,Furniture,1879,79,West
5299,5300,Consumer,Furniture,4088,214,East
5300,5301,Corporate,Technology,2548,350,East
5301,5302,Corporate,Technology,2970,41,East
5302,5303,Home Office,Technology,3010,52,North
5303,5304,Consumer,Furniture,4713,127,North
5304,5305,Consumer,Furniture,4360,898,East
5305,5306,Consumer,Technology,2172,24,North
5306,5307,Consumer,Furniture,3907,331,South
5307,5308,Corporate,Office Supplies,4324,920,West
5308,5309,Corporate,Technology,2964,636,North
5309,5310,Home Office,Technology,3718,346,North
5310,5311,Corporate,Office Supplies,1117,541,East
5311,5312,Corporate,Office Supplies,4790,699,West
5312,5313,Home Office,Furniture,1432,783,South
5313,5314,Home Office,Office Supplies,2583,600,South
5314,5315,Home Office,Technology,281,390,West
5315,5316,Corporate,Furniture,4939,520,South
5316,5317,Corporate,Office Supplies,1938,922,West
5317,5318,Home Office,Furniture,2551,129,East
5318,5319,Home Office,Furniture,2052,35,South
5319,5320,Home Office,Furniture,4800,543,South
5320,5321,Corporate,Furniture,362,722,West
5321,5322,Corporate,Office Supplies,760,73,South
5322,5323,Consumer,Technology,1415,469,North
5323,5324,Corporate,Technology,3019,735,East
5324,5325,Corporate,Office Supplies,2294,323,South
5325,5326,Corporate,Technology,2172,992,South
5326,5327,Home Office,Furniture,2119,814,South
5327,5328,Corporate,Furniture,2840,599,West
5328,5329,Home Office,Furniture,915,225,East
5329,5330,Consumer,Office Supplies,4877,465,East
5330,5331,Consumer,Furniture,3518,995,South
5331,5332,Home Office,Furniture,4197,745,South
5332,5333,Home Office,Office Supplies,3817,898,West
5333,5334,Home Office,Furniture,4834,549,East
5334,5335,Corporate,Furniture,3729,991,North
5335,5336,Consumer,Technology,2853,826,South
5336,5337,Home Office,Office Supplies,3467,722,North
5337,5338,Corporate,Furniture,4785,588,North
5338,5339,Consumer,Furniture,301,482,East
5339,5340,Corporate,Furniture,1104,368,North
5340,5341,Consumer,Furniture,1412,135,South
5341,5342,Corporate,Technology,2125,981,South
5342,5343,Consumer,Technology,3233,870,West
5343,5344,Consumer,Technology,3673,716,East
5344,5345,Corporate,Technology,4321,946,East
5345,5346,Home Office,Office Supplies,3771,695,North
5346,5347,Consumer,Furniture,1896,96,South
5347,5348,Home Office,Technology,4374,352,South
5348,5349,Corporate,Furniture,1704,832,West
5349,5350,Home Office,Office Supplies,2002,987,North
5350,5351,Home Office,Furniture,4099,404,South
5351,5352,Home Office,Furniture,4688,493,East
5352,5353,Home Office,Technology,3604,675,West
5353,5354,Home Office,Technology,2719,465,East
5354,5355,Consumer,Office Supplies,2449,485,West
5355,5356,Consumer,Furniture,4464,219,East
5356,5357,Consumer,Technology,4819,534,North
5357,5358,Corporate,Technology,2772,685,South
5358,5359,Home Office,Technology,918,776,East
5359,5360,Consumer,Office Supplies,2777,905,North
5360,5361,Corporate,Furniture,647,585,East
5361,5362,Consumer,Technology,4532,316,North
5362,5363,Consumer,Furniture,458,85,West
5363,5364,Home Office,Office Supplies,3461,31,North
5364,5365,Corporate,Furniture,2024,69,East
5365,5366,Home Office,Technology,4555,395,South
5366,5367,Home Office,Furniture,4542,65,West
5367,5368,Consumer,Furniture,4747,177,West
5368,5369,Home Office,Office Supplies,2801,421,North
5369,5370,Corporate,Office Supplies,2030,726,East
5370,5371,Home Office,Furniture,521,874,North
5371,5372,Home Office,Furniture,435,780,West
5372,5373,Home Office,Furniture,1626,200,South
5373,5374,Consumer,Office Supplies,156,491,North
5374,5375,Corporate,Office Supplies,4050,928,East
5375,5376,Consumer,Furniture,3247,576,North
5376,5377,Consumer,Office Supplies,3637,425,North
5377,5378,Consumer,Technology,821,349,North
5378,5379,Consumer,Office Supplies,4177,805,South
5379,5380,Consumer,Office Supplies,485,901,East
5380,5381,Corporate,Office Supplies,2917,785,East
5381,5382,Home Office,Technology,2987,268,West
5382,5383,Consumer,Technology,2819,359,West
5383,5384,Consumer,Technology,359,610,North
5384,5385,Corporate,Furniture,4588,446,West
5385,5386,Corporate,Furniture,699,231,East
5386,5387,Home Office,Technology,3355,422,North
5387,5388,Corporate,Furniture,1139,359,West
5388,5389,Home Office,Furniture,4148,491,South
5389,5390,Consumer,Furniture,855,610,West
5390,5391,Consumer,Technology,3677,986,South
5391,5392,Home Office,Office Supplies,3257,68,West
5392,5393,Corporate,Technology,2858,161,East
5393,5394,Home Office,Technology,576,943,West
5394,5395,Corporate,Furniture,1699,549,South
5395,5396,Consumer,Furniture,2459,234,South
5396,5397,Corporate,Office Supplies,1361,327,West
5397,5398,Home Office,Office Supplies,1682,572,North
5398,5399,Home Office,Office Supplies,2938,784,South
5399,5400,Consumer,Office Supplies,4925,288,East
5400,5401,Corporate,Technology,3670,567,West
5401,5402,Corporate,Office Supplies,1598,483,South
5402,5403,Corporate,Technology,848,855,West
5403,5404,Consumer,Furniture,4911,627,West
5404,5405,Corporate,Office Supplies,2486,805,North
5405,5406,Home Office,Furniture,630,33,West
5406,5407,Corporate,Furniture,4887,528,West
5407,5408,Consumer,Technology,2309,377,West
5408,5409,Corporate,Office Supplies,4163,344,East
5409,5410,Corporate,Technology,3968,442,West
5410,5411,Home Office,Furniture,1208,12,East
5411,5412,Corporate,Office Supplies,589,267,West
5412,5413,Home Office,Furniture,104,272,North
5413,5414,Home Office,Furniture,175,130,North
5414,5415,Consumer,Office Supplies,2828,729,South
5415,5416,Home Office,Office Supplies,572,30,West
5416,5417,Home Office,Office Supplies,3309,914,North
5417,5418,Consumer,Technology,1481,149,North
5418,5419,Home Office,Technology,937,486,West
5419,5420,Consumer,Furniture,702,801,South
5420,5421,Corporate,Office Supplies,1286,298,East
5421,5422,Consumer,Furniture,1581,215,North
5422,5423,Home Office,Furniture,3372,52,North
5423,5424,Consumer,Furniture,331,859,East
5424,5425,Home Office,Furniture,427,127,North
5425,5426,Corporate,Furniture,1049,14,East
5426,5427,Consumer,Office Supplies,1986,216,East
5427,5428,Corporate,Technology,4195,644,South
5428,5429,Home Office,Office Supplies,2397,848,East
5429,5430,Home Office,Office Supplies,1407,354,East
5430,5431,Corporate,Office Supplies,297,151,East
5431,5432,Consumer,Technology,4611,381,East
5432,5433,Consumer,Technology,2879,241,North
5433,5434,Home Office,Technology,3436,173,East
5434,5435,Corporate,Office Supplies,1438,556,North
5435,5436,Corporate,Technology,1791,373,West
5436,5437,Consumer,Furniture,315,955,West
5437,5438,Consumer,Technology,1749,993,East
5438,5439,Consumer,Office Supplies,2962,344,South
5439,5440,Corporate,Office Supplies,709,20,South
5440,5441,Consumer,Furniture,2658,417,North
5441,5442,Consumer,Technology,1017,84,North
5442,5443,Home Office,Technology,4352,309,West
5443,5444,Consumer,Furniture,261,956,North
5444,5445,Consumer,Office Supplies,4237,922,South
5445,5446,Corporate,Office Supplies,2911,390,West
5446,5447,Corporate,Technology,3521,719,East
5447,5448,Home Office,Technology,4315,862,North
5448,5449,Consumer,Technology,1198,785,East
5449,5450,Home Office,Technology,2821,856,North
5450,5451,Corporate,Technology,2808,895,South
5451,5452,Home Office,Office Supplies,222,745,North
5452,5453,Corporate,Office Supplies,2800,643,South
5453,5454,Home Office,Office Supplies,3353,595,South
5454,5455,Home Office,Office Supplies,3161,37,East
5455,5456,Consumer,Furniture,4061,472,North
5456,5457,Home Office,Office Supplies,888,405,East
5457,5458,Consumer,Furniture,356,692,South
5458,5459,Consumer,Office Supplies,4125,987,South
5459,5460,Consumer,Technology,3754,385,South
5460,5461,Consumer,Technology,3351,430,South
5461,5462,Home Office,Technology,3689,373,West
5462,5463,Corporate,Furniture,4875,904,South
5463,5464,Corporate,Office Supplies,707,225,North
5464,5465,Corporate,Office Supplies,4526,840,South
5465,5466,Home Office,Furniture,4027,110,West
5466,5467,Consumer,Furniture,2252,767,North
5467,5468,Corporate,Furniture,646,102,West
5468,5469,Home Office,Furniture,4988,584,West
5469,5470,Consumer,Furniture,2004,275,North
5470,5471,Corporate,Technology,1782,215,West
5471,5472,Consumer,Office Supplies,588,89,South
5472,5473,Corporate,Furniture,1922,46,East
5473,5474,Corporate,Technology,3221,20,East
5474,5475,Corporate,Furniture,3874,636,East
5475,5476,Consumer,Technology,3172,99,North
5476,5477,Home Office,Furniture,3552,753,North
5477,5478,Consumer,Office Supplies,749,28,North
5478,5479,Corporate,Furniture,747,573,East
5479,5480,Consumer,Furniture,480,383,East
5480,5481,Home Office,Office Supplies,2166,795,North
5481,5482,Consumer,Office Supplies,1963,103,East
5482,5483,Home Office,Furniture,2390,41,West
5483,5484,Home Office,Office Supplies,4324,672,West
5484,5485,Consumer,Office Supplies,1299,149,East
5485,5486,Corporate,Technology,4604,579,North
5486,5487,Home Office,Office Supplies,4987,982,South
5487,5488,Consumer,Office Supplies,3090,30,South
5488,5489,Home Office,Furniture,1207,158,East
5489,5490,Corporate,Furniture,3547,230,South
5490,5491,Consumer,Technology,321,742,North
5491,5492,Consumer,Furniture,1539,763,West
5492,5493,Consumer,Office Supplies,717,228,West
5493,5494,Corporate,Office Supplies,2670,550,North
5494,5495,Home Office,Office Supplies,2855,984,South
5495,5496,Consumer,Furniture,2890,568,East
5496,5497,Home Office,Office Supplies,4042,917,West
5497,5498,Home Office,Office Supplies,3409,67,South
5498,5499,Corporate,Technology,4154,434,South
5499,5500,Consumer,Technology,324,284,West
5500,5501,Home Office,Technology,2341,149,West
5501,5502,Consumer,Furniture,4252,32,East
5502,5503,Consumer,Office Supplies,3796,910,North
5503,5504,Corporate,Office Supplies,3450,387,South
5504,5505,Consumer,Office Supplies,3927,931,East
5505,5506,Consumer,Technology,1503,382,West
5506,5507,Home Office,Office Supplies,4312,72,North
5507,5508,Corporate,Office Supplies,509,573,North
5508,5509,Consumer,Office Supplies,2016,787,South
5509,5510,Home Office,Office Supplies,3538,351,North
5510,5511,Corporate,Office Supplies,4167,176,West
5511,5512,Corporate,Furniture,2959,160,West
5512,5513,Home Office,Office Supplies,2083,532,West
5513,5514,Home Office,Furniture,2151,997,East
5514,5515,Home Office,Office Supplies,3801,616,West
5515,5516,Home Office,Furniture,122,593,East
5516,5517,Home Office,Office Supplies,3068,510,West
5517,5518,Consumer,Office Supplies,844,905,West
5518,5519,Consumer,Office Supplies,701,569,North
5519,5520,Corporate,Office Supplies,3135,357,South
5520,5521,Consumer,Technology,1942,281,West
5521,5522,Consumer,Office Supplies,2774,439,North
5522,5523,Consumer,Furniture,4276,952,North
5523,5524,Home Office,Technology,2762,616,South
5524,5525,Corporate,Technology,582,242,North
5525,5526,Corporate,Office Supplies,4136,569,North
5526,5527,Corporate,Furniture,2739,217,South
5527,5528,Corporate,Furniture,3411,462,East
5528,5529,Consumer,Technology,4228,748,South
5529,5530,Consumer,Furniture,4475,510,South
5530,5531,Home Office,Office Supplies,3925,930,West
5531,5532,Corporate,Office Supplies,2299,598,West
5532,5533,Consumer,Office Supplies,1782,870,East
5533,5534,Consumer,Office Supplies,4896,228,South
5534,5535,Home Office,Office Supplies,3708,881,South
5535,5536,Home Office,Technology,1118,90,East
5536,5537,Home Office,Office Supplies,4860,558,West
5537,5538,Consumer,Office Supplies,3070,623,South
5538,5539,Consumer,Technology,1411,712,East
5539,5540,Home Office,Technology,1518,550,West
5540,5541,Corporate,Technology,2600,835,North
5541,5542,Home Office,Furniture,2767,774,East
5542,5543,Home Office,Furniture,1486,260,East
5543,5544,Home Office,Office Supplies,1244,747,South
5544,5545,Home Office,Office Supplies,2163,615,North
5545,5546,Consumer,Office Supplies,4934,424,West
5546,5547,Corporate,Furniture,1646,95,North
5547,5548,Home Office,Office Supplies,2245,631,South
5548,5549,Corporate,Office Supplies,2263,226,South
5549,5550,Corporate,Furniture,3112,205,West
5550,5551,Corporate,Technology,4544,306,West
5551,5552,Home Office,Furniture,4427,955,West
5552,5553,Consumer,Office Supplies,3282,53,South
5553,5554,Home Office,Furniture,3523,402,West
5554,5555,Corporate,Technology,4101,452,West
5555,5556,Corporate,Technology,3659,99,West
5556,5557,Consumer,Technology,1656,996,East
5557,5558,Home Office,Technology,2786,164,West
5558,5559,Corporate,Technology,2432,987,South
5559,5560,Consumer,Technology,1756,487,East
5560,5561,Corporate,Office Supplies,644,630,South
5561,5562,Consumer,Office Supplies,491,68,North
5562,5563,Consumer,Furniture,2088,119,East
5563,5564,Home Office,Office Supplies,4185,488,West
5564,5565,Corporate,Technology,396,627,East
5565,5566,Home Office,Office Supplies,1186,908,South
5566,5567,Corporate,Furniture,4465,742,East
5567,5568,Home Office,Technology,3361,784,North
5568,5569,Corporate,Office Supplies,4705,603,West
5569,5570,Home Office,Office Supplies,1216,793,West
5570,5571,Consumer,Furniture,1176,58,North
5571,5572,Corporate,Technology,595,386,South
5572,5573,Corporate,Furniture,3095,41,East
5573,5574,Consumer,Technology,193,495,South
5574,5575,Home Office,Technology,4820,610,South
5575,5576,Corporate,Office Supplies,4424,949,South
5576,5577,Corporate,Furniture,820,540,West
5577,5578,Home Office,Furniture,4462,12,East
5578,5579,Consumer,Furniture,4476,387,West
5579,5580,Home Office,Technology,4126,581,West
5580,5581,Home Office,Furniture,4155,940,West
5581,5582,Home Office,Technology,1206,251,East
5582,5583,Corporate,Furniture,4032,550,North
5583,5584,Consumer,Furniture,3822,596,West
5584,5585,Consumer,Office Supplies,1471,591,West
5585,5586,Home Office,Furniture,522,604,West
5586,5587,Corporate,Office Supplies,2105,366,East
5587,5588,Home Office,Office Supplies,4649,694,East
5588,5589,Corporate,Technology,4702,932,South
5589,5590,Corporate,Furniture,4511,206,West
5590,5591,Corporate,Furniture,863,867,West
5591,5592,Corporate,Furniture,3468,428,East
5592,5593,Consumer,Office Supplies,997,668,East
5593,5594,Corporate,Furniture,1052,282,West
5594,5595,Corporate,Technology,3022,511,North
5595,5596,Home Office,Technology,4579,44,South
5596,5597,Home Office,Furniture,3297,634,South
5597,5598,Consumer,Office Supplies,4298,470,West
5598,5599,Home Office,Technology,999,727,South
5599,5600,Corporate,Technology,4123,679,South
5600,5601,Home Office,Office Supplies,4305,262,West
5601,5602,Consumer,Technology,3741,643,South
5602,5603,Home Office,Office Supplies,3643,521,East
5603,5604,Home Office,Technology,3741,57,West
5604,5605,Consumer,Office Supplies,4865,194,East
5605,5606,Consumer,Technology,3190,500,West
5606,5607,Corporate,Furniture,4579,282,East
5607,5608,Home Office,Technology,861,622,South
5608,5609,Corporate,Technology,2507,536,North
5609,5610,Home Office,Furniture,985,137,East
5610,5611,Home Office,Furniture,2743,219,East
5611,5612,Corporate,Furniture,3343,633,North
5612,5613,Home Office,Furniture,1335,791,North
5613,5614,Home Office,Office Supplies,3033,151,East
5614,5615,Home Office,Office Supplies,1568,182,East
5615,5616,Consumer,Technology,109,874,East
5616,5617,Corporate,Technology,891,687,West
5617,5618,Consumer,Technology,1762,456,East
5618,5619,Corporate,Office Supplies,843,128,East
5619,5620,Corporate,Technology,2528,724,North
5620,5621,Home Office,Technology,3593,20,North
5621,5622,Corporate,Office Supplies,4646,770,West
5622,5623,Consumer,Technology,1216,313,West
5623,5624,Consumer,Office Supplies,2541,769,South
5624,5625,Consumer,Office Supplies,1454,163,East
5625,5626,Corporate,Furniture,2580,332,East
5626,5627,Consumer,Furniture,3101,546,North
5627,5628,Corporate,Office Supplies,1286,986,South
5628,5629,Consumer,Office Supplies,4187,454,East
5629,5630,Consumer,Furniture,2931,351,South
5630,5631,Corporate,Technology,3761,230,West
5631,5632,Consumer,Technology,1848,119,East
5632,5633,Home Office,Technology,2963,419,East
5633,5634,Corporate,Office Supplies,1214,427,West
5634,5635,Corporate,Furniture,3364,611,East
5635,5636,Corporate,Technology,3190,514,West
5636,5637,Home Office,Furniture,1163,786,West
5637,5638,Corporate,Furniture,3848,49,South
5638,5639,Consumer,Office Supplies,4645,518,North
5639,5640,Consumer,Technology,2832,468,North
5640,5641,Consumer,Furniture,1972,272,West
5641,5642,Corporate,Office Supplies,4820,679,South
5642,5643,Consumer,Office Supplies,2069,127,West
5643,5644,Corporate,Office Supplies,984,459,South
5644,5645,Consumer,Technology,4063,777,South
5645,5646,Home Office,Technology,3778,423,North
5646,5647,Home Office,Office Supplies,418,717,North
5647,5648,Home Office,Technology,3916,835,South
5648,5649,Home Office,Technology,3817,832,North
5649,5650,Corporate,Furniture,3295,535,South
5650,5651,Consumer,Office Supplies,1474,470,East
5651,5652,Home Office,Office Supplies,587,127,West
5652,5653,Corporate,Technology,550,226,North
5653,5654,Home Office,Office Supplies,452,726,West
5654,5655,Home Office,Office Supplies,2040,86,North
5655,5656,Corporate,Office Supplies,2467,430,West
5656,5657,Corporate,Technology,3336,901,West
5657,5658,Consumer,Technology,347,181,North
5658,5659,Consumer,Technology,3603,399,North
5659,5660,Home Office,Furniture,667,35,North
5660,5661,Home Office,Office Supplies,783,137,North
5661,5662,Consumer,Furniture,743,383,South
5662,5663,Consumer,Technology,578,663,North
5663,5664,Corporate,Furniture,2860,913,North
5664,5665,Consumer,Office Supplies,4563,33,North
5665,5666,Consumer,Office Supplies,4552,479,East
5666,5667,Home Office,Technology,1468,753,West
5667,5668,Consumer,Technology,2326,432,North
5668,5669,Home Office,Furniture,3596,186,North
5669,5670,Consumer,Technology,3712,862,West
5670,5671,Corporate,Furniture,4107,756,West
5671,5672,Consumer,Office Supplies,1942,840,South
5672,5673,Consumer,Office Supplies,3477,547,West
5673,5674,Consumer,Office Supplies,2514,275,West
5674,5675,Home Office,Office Supplies,1159,982,East
5675,5676,Corporate,Office Supplies,1744,883,South
5676,5677,Consumer,Furniture,1911,638,East
5677,5678,Home Office,Office Supplies,2293,579,West
5678,5679,Corporate,Furniture,2527,279,North
5679,5680,Home Office,Office Supplies,267,338,South
5680,5681,Home Office,Furniture,4282,464,West
5681,5682,Corporate,Furniture,253,304,West
5682,5683,Consumer,Furniture,2644,131,North
5683,5684,Home Office,Technology,3968,168,North
5684,5685,Home Office,Furniture,414,187,North
5685,5686,Consumer,Furniture,822,665,South
5686,5687,Consumer,Office Supplies,3731,337,East
5687,5688,Corporate,Furniture,3445,889,South
5688,5689,Corporate,Furniture,2911,316,North
5689,5690,Corporate,Technology,2409,920,South
5690,5691,Consumer,Office Supplies,2601,98,North
5691,5692,Home Office,Technology,3433,760,East
5692,5693,Home Office,Technology,2123,47,South
5693,5694,Corporate,Technology,449,882,East
5694,5695,Consumer,Furniture,923,600,East
5695,5696,Home Office,Technology,537,866,North
5696,5697,Corporate,Technology,268,848,South
5697,5698,Home Office,Office Supplies,3919,355,South
5698,5699,Home Office,Office Supplies,3514,261,East
5699,5700,Consumer,Office Supplies,3401,849,North
5700,5701,Consumer,Office Supplies,4218,987,East
5701,5702,Home Office,Technology,3135,158,East
5702,5703,Corporate,Office Supplies,4476,25,East
5703,5704,Consumer,Furniture,3690,376,East
5704,5705,Home Office,Technology,2869,844,South
5705,5706,Consumer,Office Supplies,2400,842,West
5706,5707,Consumer,Technology,4599,790,South
5707,5708,Consumer,Office Supplies,2280,127,North
5708,5709,Home Office,Technology,3445,713,West
5709,5710,Corporate,Office Supplies,2765,326,East
5710,5711,Corporate,Furniture,331,297,South
5711,5712,Corporate,Office Supplies,2692,917,West
5712,5713,Consumer,Technology,4274,360,East
5713,5714,Home Office,Technology,1158,306,South
5714,5715,Consumer,Furniture,2642,203,West
5715,5716,Corporate,Technology,1233,401,South
5716,5717,Corporate,Furniture,3746,452,West
5717,5718,Home Office,Technology,2475,290,North
5718,5719,Consumer,Technology,3980,910,South
5719,5720,Corporate,Furniture,2837,310,South
5720,5721,Home Office,Technology,2531,907,West
5721,5722,Consumer,Technology,1487,435,North
5722,5723,Consumer,Furniture,3403,259,South
5723,5724,Corporate,Office Supplies,1537,943,North
5724,5725,Corporate,Furniture,3465,752,North
5725,5726,Consumer,Technology,4742,524,South
5726,5727,Consumer,Office Supplies,1829,695,East
5727,5728,Corporate,Office Supplies,2539,761,West
5728,5729,Consumer,Office Supplies,3273,415,South
5729,5730,Corporate,Furniture,4007,625,North
5730,5731,Consumer,Office Supplies,1416,810,West
5731,5732,Corporate,Office Supplies,784,253,South
5732,5733,Home Office,Office Supplies,2688,809,West
5733,5734,Corporate,Technology,3643,376,West
5734,5735,Corporate,Furniture,3187,794,North
5735,5736,Home Office,Furniture,1775,129,East
5736,5737,Consumer,Technology,2213,859,East
5737,5738,Home Office,Office Supplies,1057,449,West
5738,5739,Corporate,Technology,3643,780,North
5739,5740,Consumer,Technology,3194,513,North
5740,5741,Home Office,Office Supplies,4897,591,South
5741,5742,Consumer,Office Supplies,2907,442,West
5742,5743,Consumer,Furniture,920,192,South
5743,5744,Home Office,Office Supplies,987,470,North
5744,5745,Consumer,Technology,3828,768,West
5745,5746,Home Office,Technology,4093,127,East
5746,5747,Corporate,Office Supplies,3184,40,East
5747,5748,Consumer,Furniture,975,986,South
5748,5749,Corporate,Technology,4361,158,West
5749,5750,Corporate,Office Supplies,4096,537,North
5750,5751,Consumer,Furniture,656,282,South
5751,5752,Home Office,Furniture,2314,873,East
5752,5753,Consumer,Technology,808,394,North
5753,5754,Corporate,Technology,817,889,West
5754,5755,Corporate,Furniture,3765,111,East
5755,5756,Home Office,Furniture,2244,81,North
5756,5757,Consumer,Furniture,2119,714,East
5757,5758,Corporate,Office Supplies,3879,843,West
5758,5759,Corporate,Technology,390,632,South
5759,5760,Corporate,Furniture,2283,814,North
5760,5761,Home Office,Technology,3979,417,North
5761,5762,Corporate,Technology,3036,356,West
5762,5763,Corporate,Technology,2514,861,East
5763,5764,Consumer,Furniture,2395,376,East
5764,5765,Consumer,Office Supplies,2913,839,East
5765,5766,Corporate,Furniture,1337,798,North
5766,5767,Corporate,Technology,2217,627,North
5767,5768,Consumer,Furniture,4941,558,East
5768,5769,Home Office,Furniture,3143,300,North
5769,5770,Home Office,Technology,3187,431,South
5770,5771,Home Office,Technology,3658,190,West
5771,5772,Home Office,Furniture,798,664,West
5772,5773,Home Office,Furniture,2953,123,North
5773,5774,Home Office,Furniture,3908,247,South
5774,5775,Home Office,Furniture,4719,947,South
5775,5776,Home Office,Office Supplies,1945,103,East
5776,5777,Consumer,Furniture,4114,269,West
5777,5778,Home Office,Office Supplies,3282,116,West
5778,5779,Home Office,Technology,563,253,West
5779,5780,Home Office,Office Supplies,3960,432,North
5780,5781,Corporate,Technology,550,344,South
5781,5782,Consumer,Office Supplies,2015,32,East
5782,5783,Consumer,Technology,1023,882,North
5783,5784,Consumer,Furniture,3722,280,East
5784,5785,Home Office,Office Supplies,415,995,North
5785,5786,Home Office,Office Supplies,4866,149,West
5786,5787,Corporate,Technology,4893,475,East
5787,5788,Consumer,Technology,1476,463,South
5788,5789,Home Office,Office Supplies,2915,393,South
5789,5790,Consumer,Technology,1362,603,North
5790,5791,Corporate,Furniture,1227,386,West
5791,5792,Corporate,Office Supplies,3025,447,North
5792,5793,Corporate,Furniture,1152,865,East
5793,5794,Consumer,Office Supplies,4284,431,South
5794,5795,Home Office,Furniture,2522,165,South
5795,5796,Home Office,Office Supplies,3568,344,South
5796,5797,Corporate,Technology,4559,540,South
5797,5798,Home Office,Office Supplies,4121,590,East
5798,5799,Corporate,Furniture,4509,969,South
5799,5800,Consumer,Office Supplies,647,141,North
5800,5801,Corporate,Furniture,4991,777,South
5801,5802,Consumer,Furniture,3623,730,East
5802,5803,Corporate,Furniture,1629,510,West
5803,5804,Home Office,Technology,206,531,West
5804,5805,Home Office,Office Supplies,956,149,South
5805,5806,Corporate,Furniture,3084,974,West
5806,5807,Home Office,Technology,4486,144,East
5807,5808,Home Office,Furniture,4812,776,South
5808,5809,Home Office,Office Supplies,1350,821,East
5809,5810,Consumer,Technology,1711,416,West
5810,5811,Home Office,Furniture,1890,779,West
5811,5812,Consumer,Furniture,967,103,South
5812,5813,Corporate,Furniture,2869,893,West
5813,5814,Home Office,Office Supplies,4353,250,South
5814,5815,Home Office,Technology,427,758,South
5815,5816,Home Office,Technology,3916,174,North
5816,5817,Corporate,Technology,3248,334,North
5817,5818,Consumer,Furniture,3481,669,North
5818,5819,Consumer,Technology,2474,227,East
5819,5820,Home Office,Furniture,2655,949,West
5820,5821,Corporate,Office Supplies,1230,629,West
5821,5822,Corporate,Technology,4436,240,North
5822,5823,Corporate,Furniture,2582,591,South
5823,5824,Corporate,Technology,3199,742,South
5824,5825,Corporate,Technology,2851,595,South
5825,5826,Consumer,Office Supplies,3420,188,South
5826,5827,Consumer,Technology,1656,89,East
5827,5828,Consumer,Office Supplies,3643,363,West
5828,5829,Home Office,Technology,4608,680,North
5829,5830,Corporate,Technology,668,877,East
5830,5831,Home Office,Technology,1754,690,West
5831,5832,Corporate,Technology,3336,835,East
5832,5833,Consumer,Technology,3219,910,South
5833,5834,Home Office,Technology,3833,170,East
5834,5835,Consumer,Office Supplies,3329,436,East
5835,5836,Corporate,Office Supplies,250,412,South
5836,5837,Corporate,Furniture,2372,41,South
5837,5838,Corporate,Technology,4451,130,North
5838,5839,Consumer,Office Supplies,2208,736,North
5839,5840,Corporate,Technology,1895,524,West
5840,5841,Consumer,Technology,2527,394,North
5841,5842,Home Office,Office Supplies,3614,749,North
5842,5843,Corporate,Technology,448,434,West
5843,5844,Corporate,Office Supplies,2178,485,East
5844,5845,Corporate,Office Supplies,496,569,East
5845,5846,Home Office,Furniture,3076,176,East
5846,5847,Corporate,Furniture,2709,398,South
5847,5848,Consumer,Furniture,1258,342,West
5848,5849,Consumer,Furniture,245,532,East
5849,5850,Corporate,Technology,2326,759,North
5850,5851,Corporate,Technology,363,799,North
5851,5852,Home Office,Furniture,4399,762,North
5852,5853,Home Office,Office Supplies,3201,480,West
5853,5854,Home Office,Office Supplies,2206,713,West
5854,5855,Corporate,Office Supplies,3180,533,North
5855,5856,Home Office,Office Supplies,1087,62,South
5856,5857,Home Office,Technology,1447,576,South
5857,5858,Consumer,Office Supplies,1460,830,East
5858,5859,Home Office,Office Supplies,2938,30,East
5859,5860,Consumer,Furniture,1826,28,East
5860,5861,Consumer,Office Supplies,2389,974,East
5861,5862,Home Office,Technology,1007,865,East
5862,5863,Consumer,Office Supplies,1283,871,West
5863,5864,Corporate,Office Supplies,2924,465,West
5864,5865,Corporate,Technology,1358,331,South
5865,5866,Home Office,Furniture,298,836,South
5866,5867,Corporate,Technology,1156,442,West
5867,5868,Consumer,Furniture,2555,68,South
5868,5869,Corporate,Office Supplies,3465,160,North
5869,5870,Home Office,Furniture,1360,780,South
5870,5871,Home Office,Furniture,4078,449,North
5871,5872,Consumer,Furniture,2935,893,North
5872,5873,Home Office,Office Supplies,1413,67,East
5873,5874,Corporate,Furniture,2002,737,South
5874,5875,Home Office,Furniture,4075,583,North
5875,5876,Consumer,Office Supplies,677,667,South
5876,5877,Home Office,Technology,4530,966,South
5877,5878,Corporate,Technology,1120,903,West
5878,5879,Consumer,Technology,3753,760,West
5879,5880,Corporate,Office Supplies,3944,302,East
5880,5881,Consumer,Office Supplies,3673,191,South
5881,5882,Home Office,Technology,2393,890,West
5882,5883,Consumer,Furniture,710,616,North
5883,5884,Consumer,Technology,428,87,North
5884,5885,Home Office,Office Supplies,646,970,East
5885,5886,Corporate,Furniture,438,663,North
5886,5887,Home Office,Furniture,3281,114,South
5887,5888,Consumer,Office Supplies,3141,270,North
5888,5889,Home Office,Furniture,906,616,East
5889,5890,Consumer,Technology,1133,232,East
5890,5891,Home Office,Office Supplies,3373,999,North
5891,5892,Home Office,Office Supplies,4087,493,South
5892,5893,Corporate,Office Supplies,3433,711,West
5893,5894,Consumer,Office Supplies,2840,138,South
5894,5895,Corporate,Furniture,4625,328,South
5895,5896,Consumer,Office Supplies,1796,716,South
5896,5897,Home Office,Office Supplies,3750,518,North
5897,5898,Consumer,Furniture,2182,29,West
5898,5899,Corporate,Office Supplies,2098,820,South
5899,5900,Corporate,Furniture,4752,761,West
5900,5901,Corporate,Furniture,1785,244,East
5901,5902,Consumer,Office Supplies,4686,606,West
5902,5903,Corporate,Technology,1703,615,North
5903,5904,Corporate,Office Supplies,4449,563,East
5904,5905,Corporate,Technology,4212,885,East
5905,5906,Home Office,Furniture,360,359,South
5906,5907,Home Office,Technology,3896,462,West
5907,5908,Consumer,Office Supplies,2875,595,East
5908,5909,Consumer,Office Supplies,600,993,East
5909,5910,Corporate,Technology,1115,886,West
5910,5911,Home Office,Office Supplies,2433,518,West
5911,5912,Corporate,Technology,2154,636,East
5912,5913,Corporate,Furniture,4063,432,East
5913,5914,Home Office,Technology,3774,199,West
5914,5915,Home Office,Technology,4155,953,North
5915,5916,Home Office,Technology,2806,134,West
5916,5917,Consumer,Technology,2199,15,North
5917,5918,Consumer,Furniture,2665,467,East
5918,5919,Corporate,Furniture,3117,900,South
5919,5920,Consumer,Furniture,208,563,West
5920,5921,Home Office,Technology,3522,579,East
5921,5922,Home Office,Furniture,165,948,East
5922,5923,Consumer,Office Supplies,3181,531,South
5923,5924,Corporate,Furniture,4397,98,West
5924,5925,Corporate,Technology,3048,855,East
5925,5926,Consumer,Office Supplies,313,120,North
5926,5927,Corporate,Technology,4522,560,South
5927,5928,Corporate,Office Supplies,1140,406,North
5928,5929,Corporate,Technology,4718,980,West
5929,5930,Home Office,Technology,1087,688,North
5930,5931,Home Office,Office Supplies,3295,20,South
5931,5932,Consumer,Furniture,603,631,East
5932,5933,Home Office,Office Supplies,855,506,South
5933,5934,Corporate,Office Supplies,1441,25,East
5934,5935,Home Office,Office Supplies,2688,42,East
5935,5936,Consumer,Office Supplies,1481,754,North
5936,5937,Home Office,Office Supplies,3087,498,South
5937,5938,Corporate,Technology,2944,197,South
5938,5939,Corporate,Technology,2619,745,East
5939,5940,Consumer,Furniture,3826,580,South
5940,5941,Home Office,Furniture,1987,467,West
5941,5942,Home Office,Office Supplies,1423,60,West
5942,5943,Home Office,Furniture,3909,280,North
5943,5944,Corporate,Furniture,3847,473,North
5944,5945,Consumer,Office Supplies,2231,52,South
5945,5946,Home Office,Technology,2524,548,North
5946,5947,Corporate,Technology,3484,577,South
5947,5948,Corporate,Furniture,2351,130,North
5948,5949,Corporate,Technology,1108,634,West
5949,5950,Home Office,Technology,1417,325,East
5950,5951,Home Office,Furniture,3316,124,East
5951,5952,Home Office,Office Supplies,4734,630,West
5952,5953,Home Office,Furniture,116,463,East
5953,5954,Home Office,Furniture,4770,696,South
5954,5955,Home Office,Furniture,1902,633,South
5955,5956,Home Office,Office Supplies,2723,621,West
5956,5957,Home Office,Office Supplies,229,529,West
5957,5958,Home Office,Office Supplies,1573,968,West
5958,5959,Corporate,Office Supplies,1049,994,West
5959,5960,Home Office,Furniture,4096,656,East
5960,5961,Consumer,Technology,1168,772,East
5961,5962,Corporate,Furniture,4411,346,East
5962,5963,Home Office,Office Supplies,1723,249,South
5963,5964,Consumer,Technology,2995,743,North
5964,5965,Home Office,Furniture,2836,395,South
5965,5966,Consumer,Technology,2412,154,North
5966,5967,Consumer,Office Supplies,2046,386,West
5967,5968,Consumer,Technology,716,13,West
5968,5969,Consumer,Technology,1969,803,East
5969,5970,Corporate,Office Supplies,400,855,East
5970,5971,Corporate,Technology,1084,337,North
5971,5972,Consumer,Furniture,3791,206,North
5972,5973,Home Office,Technology,4601,398,East
5973,5974,Consumer,Furniture,3526,649,West
5974,5975,Corporate,Technology,260,270,East
5975,5976,Home Office,Technology,125,612,West
5976,5977,Corporate,Office Supplies,182,846,West
5977,5978,Corporate,Office Supplies,272,780,South
5978,5979,Home Office,Furniture,1098,943,South
5979,5980,Consumer,Office Supplies,3241,103,North
5980,5981,Consumer,Office Supplies,2982,266,West
5981,5982,Consumer,Office Supplies,4201,145,East
5982,5983,Consumer,Office Supplies,2943,534,West
5983,5984,Home Office,Office Supplies,4720,989,North
5984,5985,Home Office,Furniture,2210,719,West
5985,5986,Home Office,Furniture,3184,507,West
5986,5987,Corporate,Office Supplies,2145,187,North
5987,5988,Home Office,Office Supplies,860,121,West
5988,5989,Consumer,Furniture,304,273,South
5989,5990,Corporate,Technology,3202,423,North
5990,5991,Consumer,Furniture,2135,378,South
5991,5992,Consumer,Technology,1652,945,North
5992,5993,Home Office,Office Supplies,924,600,West
5993,5994,Home Office,Office Supplies,3056,387,South
5994,5995,Consumer,Furniture,3848,777,South
5995,5996,Consumer,Office Supplies,2545,595,East
5996,5997,Corporate,Technology,3996,392,South
5997,5998,Home Office,Technology,938,682,South
5998,5999,Corporate,Furniture,4795,520,West
5999,6000,Corporate,Technology,3783,722,South
6000,6001,Corporate,Furniture,2061,890,South
6001,6002,Consumer,Furniture,1037,829,South
6002,6003,Corporate,Technology,3031,386,West
6003,6004,Corporate,Technology,524,554,North
6004,6005,Consumer,Technology,3410,82,West
6005,6006,Home Office,Technology,3151,983,South
6006,6007,Home Office,Technology,3005,513,North
6007,6008,Corporate,Technology,2237,361,West
6008,6009,Consumer,Technology,4146,814,West
6009,6010,Home Office,Office Supplies,3310,719,North
6010,6011,Corporate,Furniture,2794,334,East
6011,6012,Corporate,Furniture,3695,397,South
6012,6013,Consumer,Technology,1367,837,East
6013,6014,Corporate,Furniture,3676,249,South
6014,6015,Home Office,Technology,521,985,South
6015,6016,Consumer,Office Supplies,3366,83,East
6016,6017,Home Office,Furniture,1757,40,East
6017,6018,Home Office,Furniture,2200,488,South
6018,6019,Home Office,Office Supplies,4039,23,North
6019,6020,Corporate,Office Supplies,784,726,North
6020,6021,Corporate,Office Supplies,2326,325,East
6021,6022,Home Office,Furniture,4488,77,East
6022,6023,Home Office,Furniture,2522,649,West
6023,6024,Consumer,Office Supplies,1177,547,North
6024,6025,Consumer,Office Supplies,4085,929,North
6025,6026,Corporate,Office Supplies,3940,705,South
6026,6027,Corporate,Office Supplies,3416,658,West
6027,6028,Consumer,Office Supplies,2943,300,South
6028,6029,Home Office,Technology,3539,627,West
6029,6030,Corporate,Office Supplies,4211,984,North
6030,6031,Home Office,Technology,4371,33,South
6031,6032,Consumer,Furniture,2003,424,West
6032,6033,Corporate,Furniture,4324,860,South
6033,6034,Corporate,Technology,3394,971,West
6034,6035,Consumer,Office Supplies,525,715,East
6035,6036,Corporate,Furniture,2501,690,South
6036,6037,Consumer,Office Supplies,849,45,East
6037,6038,Corporate,Office Supplies,4939,110,West
6038,6039,Consumer,Technology,4674,555,South
6039,6040,Corporate,Furniture,143,898,West
6040,6041,Home Office,Furniture,1659,48,West
6041,6042,Home Office,Technology,4294,220,East
6042,6043,Home Office,Office Supplies,3568,751,South
6043,6044,Corporate,Office Supplies,4051,800,North
6044,6045,Corporate,Furniture,4366,601,West
6045,6046,Home Office,Technology,247,759,East
6046,6047,Home Office,Technology,2270,181,North
6047,6048,Consumer,Office Supplies,211,847,East
6048,6049,Consumer,Office Supplies,4263,451,East
6049,6050,Consumer,Technology,927,68,East
6050,6051,Home Office,Furniture,1852,419,West
6051,6052,Home Office,Office Supplies,3039,543,North
6052,6053,Home Office,Technology,3828,374,West
6053,6054,Consumer,Technology,3716,376,West
6054,6055,Corporate,Technology,3823,353,South
6055,6056,Home Office,Furniture,2377,759,North
6056,6057,Corporate,Office Supplies,259,305,South
6057,6058,Corporate,Office Supplies,3465,350,East
6058,6059,Corporate,Office Supplies,2333,615,North
6059,6060,Consumer,Furniture,1113,765,North
6060,6061,Corporate,Office Supplies,651,532,West
6061,6062,Home Office,Office Supplies,1275,638,East
6062,6063,Consumer,Office Supplies,1263,274,West
6063,6064,Home Office,Office Supplies,1408,533,South
6064,6065,Home Office,Furniture,1592,675,East
6065,6066,Consumer,Technology,1341,47,West
6066,6067,Home Office,Technology,4631,140,West
6067,6068,Home Office,Office Supplies,4927,391,West
6068,6069,Consumer,Office Supplies,1877,234,East
6069,6070,Home Office,Office Supplies,159,152,South
6070,6071,Corporate,Furniture,1733,440,North
6071,6072,Home Office,Office Supplies,2551,398,West
6072,6073,Corporate,Furniture,435,63,East
6073,6074,Home Office,Office Supplies,930,33,North
6074,6075,Consumer,Office Supplies,1692,404,West
6075,6076,Consumer,Technology,4480,642,East
6076,6077,Home Office,Office Supplies,1059,128,South
6077,6078,Consumer,Furniture,4266,682,West
6078,6079,Home Office,Technology,1221,992,East
6079,6080,Consumer,Furniture,2323,595,West
6080,6081,Corporate,Technology,3916,194,East
6081,6082,Home Office,Furniture,1198,957,South
6082,6083,Corporate,Technology,242,201,South
6083,6084,Corporate,Furniture,3078,948,East
6084,6085,Home Office,Furniture,1146,741,North
6085,6086,Corporate,Office Supplies,1168,496,South
6086,6087,Home Office,Technology,4287,642,West
6087,6088,Corporate,Technology,3440,730,South
6088,6089,Home Office,Office Supplies,4873,393,West
6089,6090,Home Office,Furniture,3535,821,South
6090,6091,Consumer,Furniture,3879,355,South
6091,6092,Home Office,Technology,4577,482,West
6092,6093,Home Office,Furniture,1065,685,South
6093,6094,Corporate,Technology,1279,789,West
6094,6095,Home Office,Technology,2534,961,West
6095,6096,Consumer,Furniture,600,12,South
6096,6097,Corporate,Furniture,4654,59,South
6097,6098,Corporate,Furniture,149,934,West
6098,6099,Consumer,Office Supplies,1069,885,East
6099,6100,Corporate,Technology,1087,513,South
6100,6101,Corporate,Furniture,4727,993,North
6101,6102,Corporate,Office Supplies,1215,220,South
6102,6103,Corporate,Furniture,4032,982,East
6103,6104,Consumer,Technology,1579,537,East
6104,6105,Consumer,Office Supplies,4534,689,South
6105,6106,Corporate,Technology,3224,292,South
6106,6107,Corporate,Furniture,3667,388,North
6107,6108,Consumer,Furniture,1758,335,South
6108,6109,Consumer,Furniture,1976,307,East
6109,6110,Consumer,Office Supplies,2151,706,North
6110,6111,Corporate,Office Supplies,4476,147,South
6111,6112,Corporate,Office Supplies,2915,134,North
6112,6113,Home Office,Office Supplies,1070,943,North
6113,6114,Consumer,Furniture,307,401,East
6114,6115,Corporate,Furniture,359,411,East
6115,6116,Consumer,Furniture,4458,489,West
6116,6117,Corporate,Office Supplies,882,410,East
6117,6118,Consumer,Office Supplies,604,579,West
6118,6119,Corporate,Furniture,1673,371,East
6119,6120,Home Office,Furniture,4398,75,East
6120,6121,Home Office,Office Supplies,1859,437,West
6121,6122,Consumer,Technology,3894,861,West
6122,6123,Corporate,Furniture,3690,723,West
6123,6124,Corporate,Furniture,4240,530,North
6124,6125,Consumer,Furniture,1501,441,West
6125,6126,Corporate,Office Supplies,888,944,North
6126,6127,Consumer,Furniture,3429,114,North
6127,6128,Corporate,Furniture,2944,98,West
6128,6129,Consumer,Furniture,4085,610,West
6129,6130,Corporate,Furniture,4112,865,West
6130,6131,Consumer,Furniture,2192,15,East
6131,6132,Corporate,Technology,3067,167,East
6132,6133,Home Office,Technology,1169,388,West
6133,6134,Corporate,Furniture,1775,339,South
6134,6135,Consumer,Furniture,2712,112,West
6135,6136,Home Office,Furniture,4496,232,South
6136,6137,Corporate,Furniture,387,411,East
6137,6138,Home Office,Office Supplies,885,692,East
6138,6139,Corporate,Office Supplies,2416,554,South
6139,6140,Home Office,Office Supplies,2938,518,East
6140,6141,Consumer,Technology,3737,702,West
6141,6142,Corporate,Furniture,2728,193,South
6142,6143,Corporate,Office Supplies,1365,924,South
6143,6144,Consumer,Furniture,3083,96,North
6144,6145,Home Office,Furniture,3115,590,East
6145,6146,Consumer,Technology,170,389,South
6146,6147,Consumer,Technology,2560,547,South
6147,6148,Home Office,Office Supplies,711,422,South
6148,6149,Consumer,Office Supplies,3623,929,East
6149,6150,Corporate,Technology,3802,527,South
6150,6151,Corporate,Technology,2676,777,South
6151,6152,Corporate,Furniture,290,703,West
6152,6153,Consumer,Furniture,1847,304,West
6153,6154,Corporate,Office Supplies,2225,269,North
6154,6155,Corporate,Office Supplies,1728,393,South
6155,6156,Corporate,Technology,3472,835,East
6156,6157,Corporate,Office Supplies,3096,313,North
6157,6158,Corporate,Furniture,116,325,North
6158,6159,Corporate,Technology,1697,755,North
6159,6160,Consumer,Furniture,1166,803,South
6160,6161,Corporate,Technology,3239,728,North
6161,6162,Corporate,Technology,3551,86,East
6162,6163,Home Office,Furniture,2359,689,West
6163,6164,Consumer,Office Supplies,2350,863,West
6164,6165,Consumer,Office Supplies,2873,388,South
6165,6166,Consumer,Office Supplies,4304,470,East
6166,6167,Consumer,Office Supplies,383,65,East
6167,6168,Corporate,Furniture,3088,816,East
6168,6169,Corporate,Technology,4932,90,South
6169,6170,Home Office,Furniture,702,688,East
6170,6171,Home Office,Office Supplies,1463,185,West
6171,6172,Consumer,Office Supplies,3452,802,East
6172,6173,Home Office,Furniture,4175,939,East
6173,6174,Home Office,Technology,4686,392,South
6174,6175,Consumer,Furniture,900,158,North
6175,6176,Consumer,Furniture,859,777,North
6176,6177,Home Office,Furniture,1593,290,South
6177,6178,Corporate,Technology,4900,354,South
6178,6179,Home Office,Furniture,4034,799,South
6179,6180,Home Office,Furniture,914,800,South
6180,6181,Corporate,Office Supplies,4998,418,East
6181,6182,Corporate,Furniture,472,727,East
6182,6183,Consumer,Office Supplies,3098,983,North
6183,6184,Consumer,Office Supplies,2991,931,South
6184,6185,Home Office,Office Supplies,3891,39,South
6185,6186,Corporate,Technology,3419,739,East
6186,6187,Consumer,Office Supplies,2289,431,South
6187,6188,Home Office,Furniture,2549,991,West
6188,6189,Corporate,Furniture,4067,240,East
6189,6190,Home Office,Office Supplies,922,368,West
6190,6191,Consumer,Office Supplies,321,171,East
6191,6192,Consumer,Furniture,4037,738,East
6192,6193,Corporate,Office Supplies,1487,237,East
6193,6194,Home Office,Technology,3988,854,North
6194,6195,Corporate,Office Supplies,2260,230,North
6195,6196,Consumer,Technology,3370,755,East
6196,6197,Consumer,Technology,2025,82,East
6197,6198,Home Office,Technology,4793,408,East
6198,6199,Home Office,Office Supplies,3051,104,East
6199,6200,Home Office,Technology,4680,949,South
6200,6201,Corporate,Technology,4093,484,South
6201,6202,Home Office,Office Supplies,2698,104,South
6202,6203,Home Office,Technology,1766,915,North
6203,6204,Consumer,Office Supplies,3181,764,West
6204,6205,Consumer,Furniture,3985,894,East
6205,6206,Home Office,Technology,4857,814,South
6206,6207,Home Office,Office Supplies,2214,784,South
6207,6208,Consumer,Furniture,2852,133,South
6208,6209,Home Office,Technology,3268,809,East
6209,6210,Corporate,Technology,1654,509,East
6210,6211,Corporate,Office Supplies,1180,788,West
6211,6212,Corporate,Furniture,4034,953,North
6212,6213,Home Office,Office Supplies,187,630,West
6213,6214,Consumer,Technology,2800,869,East
6214,6215,Home Office,Technology,2803,973,West
6215,6216,Home Office,Technology,3059,57,South
6216,6217,Consumer,Technology,2518,822,West
6217,6218,Consumer,Furniture,2522,104,South
6218,6219,Consumer,Furniture,4247,486,West
6219,6220,Corporate,Office Supplies,1847,42,South
6220,6221,Home Office,Office Supplies,140,127,West
6221,6222,Consumer,Office Supplies,2238,653,North
6222,6223,Home Office,Technology,138,260,West
6223,6224,Corporate,Office Supplies,3184,312,East
6224,6225,Corporate,Furniture,3779,131,East
6225,6226,Consumer,Office Supplies,2251,227,South
6226,6227,Consumer,Office Supplies,4037,62,East
6227,6228,Home Office,Furniture,2190,135,South
6228,6229,Consumer,Furniture,308,168,North
6229,6230,Home Office,Technology,699,680,East
6230,6231,Consumer,Furniture,704,804,East
6231,6232,Home Office,Furniture,2623,610,South
6232,6233,Home Office,Office Supplies,3809,185,North
6233,6234,Home Office,Furniture,2256,301,North
6234,6235,Home Office,Technology,313,954,West
6235,6236,Corporate,Office Supplies,1676,168,South
6236,6237,Home Office,Technology,2918,500,South
6237,6238,Consumer,Furniture,2224,770,North
6238,6239,Corporate,Technology,368,366,South
6239,6240,Corporate,Technology,2508,643,East
6240,6241,Home Office,Furniture,2677,246,East
6241,6242,Corporate,Furniture,4878,437,East
6242,6243,Home Office,Office Supplies,4357,134,South
6243,6244,Consumer,Office Supplies,4660,324,West
6244,6245,Home Office,Office Supplies,922,288,West
6245,6246,Corporate,Furniture,3735,876,North
6246,6247,Consumer,Technology,2695,845,South
6247,6248,Home Office,Technology,4053,613,North
6248,6249,Consumer,Office Supplies,3931,947,South
6249,6250,Consumer,Office Supplies,2199,114,West
6250,6251,Corporate,Furniture,4683,51,East
6251,6252,Consumer,Technology,3702,406,South
6252,6253,Corporate,Office Supplies,3567,650,West
6253,6254,Consumer,Furniture,750,469,West
6254,6255,Home Office,Office Supplies,1734,500,West
6255,6256,Consumer,Furniture,4914,574,East
6256,6257,Home Office,Technology,1267,177,West
6257,6258,Home Office,Furniture,4176,611,North
6258,6259,Consumer,Office Supplies,298,768,West
6259,6260,Home Office,Office Supplies,1455,183,West
6260,6261,Consumer,Technology,3605,381,South
6261,6262,Consumer,Technology,902,608,South
6262,6263,Home Office,Office Supplies,800,890,South
6263,6264,Home Office,Office Supplies,602,159,West
6264,6265,Corporate,Office Supplies,4664,258,West
6265,6266,Home Office,Technology,2513,636,North
6266,6267,Corporate,Office Supplies,4819,189,East
6267,6268,Home Office,Technology,3067,129,West
6268,6269,Consumer,Office Supplies,2970,37,East
6269,6270,Home Office,Furniture,4858,830,West
6270,6271,Consumer,Furniture,4946,126,East
6271,6272,Consumer,Office Supplies,3567,712,South
6272,6273,Consumer,Furniture,1518,666,West
6273,6274,Corporate,Technology,1198,841,North
6274,6275,Home Office,Furniture,3269,271,East
6275,6276,Consumer,Furniture,482,663,South
6276,6277,Consumer,Technology,4040,635,North
6277,6278,Corporate,Furniture,1493,905,South
6278,6279,Home Office,Furniture,3427,794,West
6279,6280,Home Office,Office Supplies,1752,47,North
6280,6281,Corporate,Technology,4371,206,East
6281,6282,Corporate,Technology,4423,534,East
6282,6283,Home Office,Office Supplies,2494,633,North
6283,6284,Corporate,Office Supplies,2138,446,East
6284,6285,Home Office,Furniture,2085,658,South
6285,6286,Home Office,Furniture,1362,693,North
6286,6287,Consumer,Furniture,1811,648,East
6287,6288,Consumer,Office Supplies,449,883,South
6288,6289,Home Office,Technology,4126,419,East
6289,6290,Home Office,Furniture,540,342,South
6290,6291,Home Office,Office Supplies,2908,540,West
6291,6292,Home Office,Technology,2662,953,South
6292,6293,Home Office,Office Supplies,3252,474,East
6293,6294,Home Office,Furniture,1484,729,South
6294,6295,Corporate,Office Supplies,387,167,East
6295,6296,Home Office,Office Supplies,2155,169,North
6296,6297,Corporate,Office Supplies,1097,343,North
6297,6298,Corporate,Office Supplies,2433,761,West
6298,6299,Home Office,Technology,1522,385,South
6299,6300,Home Office,Furniture,173,88,West
6300,6301,Corporate,Technology,1562,853,North
6301,6302,Corporate,Office Supplies,3294,878,South
6302,6303,Home Office,Office Supplies,2305,852,South
6303,6304,Home Office,Furniture,529,206,West
6304,6305,Corporate,Furniture,1571,129,West
6305,6306,Corporate,Technology,3581,769,South
6306,6307,Corporate,Technology,3280,660,South
6307,6308,Consumer,Furniture,1830,235,South
6308,6309,Corporate,Technology,135,604,West
6309,6310,Consumer,Office Supplies,1120,419,East
6310,6311,Home Office,Office Supplies,2097,547,North
6311,6312,Home Office,Furniture,2860,649,North
6312,6313,Corporate,Technology,3217,922,West
6313,6314,Home Office,Office Supplies,2635,744,South
6314,6315,Home Office,Furniture,4814,348,North
6315,6316,Home Office,Technology,4365,565,North
6316,6317,Home Office,Office Supplies,245,605,North
6317,6318,Consumer,Technology,4615,928,North
6318,6319,Consumer,Technology,4768,546,South
6319,6320,Corporate,Technology,1126,229,West
6320,6321,Corporate,Furniture,3765,302,South
6321,6322,Corporate,Office Supplies,1386,213,South
6322,6323,Home Office,Furniture,2946,889,North
6323,6324,Home Office,Office Supplies,420,714,North
6324,6325,Consumer,Office Supplies,4195,523,South
6325,6326,Consumer,Furniture,2393,211,South
6326,6327,Corporate,Furniture,1712,875,South
6327,6328,Consumer,Office Supplies,576,41,East
6328,6329,Consumer,Office Supplies,3264,98,North
6329,6330,Consumer,Office Supplies,1926,211,West
6330,6331,Consumer,Technology,882,960,West
6331,6332,Consumer,Office Supplies,4728,699,West
6332,6333,Corporate,Furniture,2047,714,East
6333,6334,Corporate,Furniture,3431,681,East
6334,6335,Consumer,Furniture,4774,302,West
6335,6336,Corporate,Office Supplies,1693,725,West
6336,6337,Home Office,Office Supplies,1847,762,West
6337,6338,Consumer,Technology,2133,124,South
6338,6339,Home Office,Technology,356,731,North
6339,6340,Corporate,Furniture,3091,231,East
6340,6341,Corporate,Technology,1517,918,East
6341,6342,Home Office,Technology,4214,191,South
6342,6343,Corporate,Furniture,209,780,East
6343,6344,Consumer,Office Supplies,2652,478,West
6344,6345,Home Office,Technology,1157,435,East
6345,6346,Consumer,Office Supplies,4450,983,South
6346,6347,Home Office,Furniture,4833,561,North
6347,6348,Corporate,Furniture,2142,851,West
6348,6349,Home Office,Technology,2281,843,East
6349,6350,Home Office,Furniture,4592,69,West
6350,6351,Consumer,Furniture,3658,494,North
6351,6352,Corporate,Furniture,1721,20,East
6352,6353,Consumer,Technology,3758,641,West
6353,6354,Corporate,Technology,2794,394,South
6354,6355,Consumer,Technology,3984,419,South
6355,6356,Home Office,Furniture,4880,51,North
6356,6357,Consumer,Office Supplies,3384,711,North
6357,6358,Corporate,Furniture,2266,132,North
6358,6359,Corporate,Technology,3986,710,East
6359,6360,Home Office,Office Supplies,4497,261,North
6360,6361,Corporate,Office Supplies,4422,982,East
6361,6362,Consumer,Technology,4551,613,West
6362,6363,Home Office,Office Supplies,4896,493,South
6363,6364,Corporate,Office Supplies,3492,222,West
6364,6365,Corporate,Technology,2370,839,South
6365,6366,Consumer,Office Supplies,3811,723,North
6366,6367,Consumer,Office Supplies,1686,277,West
6367,6368,Home Office,Technology,1314,676,West
6368,6369,Corporate,Office Supplies,1745,716,North
6369,6370,Consumer,Office Supplies,1450,549,West
6370,6371,Home Office,Office Supplies,3298,715,East
6371,6372,Corporate,Office Supplies,464,933,South
6372,6373,Corporate,Technology,4039,744,North
6373,6374,Home Office,Furniture,4714,628,East
6374,6375,Home Office,Furniture,3299,670,East
6375,6376,Consumer,Office Supplies,1726,144,North
6376,6377,Corporate,Technology,3301,507,West
6377,6378,Corporate,Technology,1745,616,South
6378,6379,Corporate,Office Supplies,1081,791,East
6379,6380,Home Office,Furniture,2495,944,West
6380,6381,Consumer,Office Supplies,2136,895,North
6381,6382,Corporate,Technology,3652,135,North
6382,6383,Home Office,Technology,1021,368,South
6383,6384,Corporate,Furniture,3846,512,North
6384,6385,Consumer,Technology,3758,850,South
6385,6386,Corporate,Technology,3882,992,North
6386,6387,Consumer,Technology,4095,327,North
6387,6388,Consumer,Furniture,4556,21,East
6388,6389,Corporate,Technology,4377,486,West
6389,6390,Corporate,Office Supplies,1574,303,East
6390,6391,Consumer,Furniture,4758,963,South
6391,6392,Home Office,Office Supplies,4509,449,East
6392,6393,Consumer,Office Supplies,2168,816,North
6393,6394,Corporate,Furniture,3867,863,North
6394,6395,Corporate,Office Supplies,2952,525,West
6395,6396,Home Office,Furniture,502,825,South
6396,6397,Consumer,Office Supplies,1247,400,North
6397,6398,Consumer,Furniture,712,325,West
6398,6399,Consumer,Technology,1976,689,West
6399,6400,Corporate,Technology,1713,17,North
6400,6401,Consumer,Office Supplies,3117,517,North
6401,6402,Home Office,Technology,4888,133,South
6402,6403,Corporate,Furniture,1834,381,West
6403,6404,Corporate,Office Supplies,3648,323,West
6404,6405,Consumer,Technology,3019,194,West
6405,6406,Home Office,Technology,2250,556,South
6406,6407,Corporate,Office Supplies,2480,594,West
6407,6408,Corporate,Technology,1910,892,East
6408,6409,Consumer,Technology,3301,534,East
6409,6410,Consumer,Office Supplies,852,48,West
6410,6411,Home Office,Technology,2572,93,East
6411,6412,Consumer,Technology,1441,30,East
6412,6413,Home Office,Technology,604,262,South
6413,6414,Corporate,Technology,3582,312,West
6414,6415,Home Office,Office Supplies,2069,988,South
6415,6416,Home Office,Furniture,4149,267,West
6416,6417,Home Office,Furniture,4247,821,North
6417,6418,Corporate,Technology,3737,551,East
6418,6419,Consumer,Technology,2522,992,South
6419,6420,Corporate,Furniture,4584,649,South
6420,6421,Consumer,Technology,773,832,North
6421,6422,Home Office,Furniture,692,561,North
6422,6423,Home Office,Office Supplies,2879,470,East
6423,6424,Home Office,Office Supplies,3768,618,East
6424,6425,Home Office,Office Supplies,2652,233,West
6425,6426,Home Office,Office Supplies,4278,101,West
6426,6427,Consumer,Office Supplies,3238,289,North
6427,6428,Consumer,Office Supplies,4609,179,East
6428,6429,Home Office,Furniture,2600,805,East
6429,6430,Corporate,Technology,2893,743,North
6430,6431,Corporate,Furniture,4393,638,North
6431,6432,Home Office,Office Supplies,1812,257,South
6432,6433,Consumer,Technology,2445,370,North
6433,6434,Corporate,Technology,399,358,South
6434,6435,Corporate,Office Supplies,4324,875,West
6435,6436,Corporate,Office Supplies,2006,444,North
6436,6437,Home Office,Office Supplies,2585,415,North
6437,6438,Corporate,Office Supplies,306,610,North
6438,6439,Corporate,Office Supplies,393,87,South
6439,6440,Corporate,Office Supplies,1973,467,North
6440,6441,Corporate,Technology,3858,595,North
6441,6442,Consumer,Office Supplies,2188,401,East
6442,6443,Home Office,Office Supplies,1872,23,East
6443,6444,Home Office,Technology,2963,54,East
6444,6445,Consumer,Furniture,4821,47,North
6445,6446,Consumer,Office Supplies,4473,425,East
6446,6447,Home Office,Technology,3526,254,West
6447,6448,Corporate,Technology,628,71,East
6448,6449,Corporate,Furniture,2233,502,North
6449,6450,Home Office,Office Supplies,2024,617,East
6450,6451,Corporate,Office Supplies,4888,332,East
6451,6452,Consumer,Office Supplies,1460,261,East
6452,6453,Corporate,Technology,962,477,West
6453,6454,Corporate,Office Supplies,3316,70,West
6454,6455,Corporate,Office Supplies,2462,790,South
6455,6456,Home Office,Office Supplies,4420,128,North
6456,6457,Consumer,Office Supplies,3594,96,West
6457,6458,Corporate,Furniture,2067,604,West
6458,6459,Home Office,Furniture,167,89,West
6459,6460,Corporate,Furniture,1742,237,North
6460,6461,Consumer,Office Supplies,1120,492,South
6461,6462,Corporate,Office Supplies,3243,824,North
6462,6463,Consumer,Technology,1570,632,East
6463,6464,Corporate,Technology,1482,891,South
6464,6465,Consumer,Technology,3030,319,East
6465,6466,Corporate,Office Supplies,1436,592,West
6466,6467,Consumer,Furniture,3266,957,North
6467,6468,Corporate,Furniture,1342,494,East
6468,6469,Corporate,Furniture,1805,849,South
6469,6470,Home Office,Office Supplies,3299,34,East
6470,6471,Home Office,Furniture,2694,800,East
6471,6472,Consumer,Technology,4037,211,West
6472,6473,Corporate,Technology,1779,935,East
6473,6474,Consumer,Furniture,1415,234,East
6474,6475,Home Office,Technology,4926,788,West
6475,6476,Consumer,Furniture,667,519,South
6476,6477,Consumer,Furniture,2804,940,West
6477,6478,Home Office,Technology,2551,804,East
6478,6479,Corporate,Technology,1848,638,North
6479,6480,Consumer,Technology,4791,588,West
6480,6481,Home Office,Technology,747,568,West
6481,6482,Corporate,Furniture,2293,762,East
6482,6483,Home Office,Technology,2908,699,North
6483,6484,Consumer,Technology,224,529,South
6484,6485,Corporate,Office Supplies,1637,192,North
6485,6486,Corporate,Technology,4675,86,West
6486,6487,Home Office,Technology,4907,435,North
6487,6488,Home Office,Furniture,2070,76,South
6488,6489,Home Office,Furniture,2862,669,North
6489,6490,Corporate,Office Supplies,1917,503,North
6490,6491,Corporate,Technology,914,694,North
6491,6492,Consumer,Technology,3201,556,West
6492,6493,Corporate,Technology,4251,86,East
6493,6494,Consumer,Technology,1754,925,East
6494,6495,Home Office,Technology,231,801,North
6495,6496,Home Office,Technology,330,706,West
6496,6497,Corporate,Office Supplies,494,64,West
6497,6498,Home Office,Technology,3673,914,West
6498,6499,Home Office,Technology,1081,615,East
6499,6500,Corporate,Technology,1032,482,West
6500,6501,Consumer,Office Supplies,1509,665,North
6501,6502,Corporate,Technology,3055,256,East
6502,6503,Consumer,Office Supplies,4728,448,West
6503,6504,Corporate,Furniture,4750,721,North
6504,6505,Corporate,Technology,2841,757,East
6505,6506,Home Office,Office Supplies,3038,323,West
6506,6507,Corporate,Furniture,3520,329,South
6507,6508,Corporate,Office Supplies,2604,229,North
6508,6509,Consumer,Office Supplies,3133,853,South
6509,6510,Home Office,Furniture,4079,380,East
6510,6511,Consumer,Technology,3923,225,West
6511,6512,Consumer,Technology,4580,58,North
6512,6513,Home Office,Office Supplies,811,806,North
6513,6514,Home Office,Furniture,3076,472,North
6514,6515,Home Office,Technology,1571,127,South
6515,6516,Corporate,Office Supplies,3799,91,West
6516,6517,Home Office,Furniture,3286,272,West
6517,6518,Home Office,Office Supplies,4849,598,West
6518,6519,Home Office,Furniture,1242,732,South
6519,6520,Consumer,Technology,4081,505,East
6520,6521,Consumer,Technology,2668,643,South
6521,6522,Corporate,Office Supplies,1708,846,East
6522,6523,Consumer,Technology,4733,611,South
6523,6524,Corporate,Technology,3922,779,West
6524,6525,Consumer,Furniture,1997,682,West
6525,6526,Home Office,Technology,2292,185,West
6526,6527,Consumer,Furniture,4172,814,South
6527,6528,Corporate,Furniture,1191,98,North
6528,6529,Consumer,Office Supplies,799,648,South
6529,6530,Home Office,Furniture,4192,994,East
6530,6531,Corporate,Technology,2001,368,South
6531,6532,Home Office,Furniture,2278,295,East
6532,6533,Home Office,Furniture,832,306,South
6533,6534,Corporate,Office Supplies,612,269,North
6534,6535,Home Office,Technology,2787,860,North
6535,6536,Home Office,Technology,4196,484,West
6536,6537,Consumer,Technology,3856,765,North
6537,6538,Home Office,Furniture,531,632,South
6538,6539,Home Office,Technology,4594,944,North
6539,6540,Home Office,Technology,907,545,West
6540,6541,Home Office,Furniture,1379,571,South
6541,6542,Corporate,Office Supplies,2321,46,East
6542,6543,Consumer,Office Supplies,954,190,South
6543,6544,Home Office,Furniture,3312,774,West
6544,6545,Home Office,Office Supplies,2686,34,North
6545,6546,Corporate,Office Supplies,4940,358,North
6546,6547,Home Office,Office Supplies,2868,646,South
6547,6548,Corporate,Technology,4438,552,East
6548,6549,Consumer,Office Supplies,3440,758,East
6549,6550,Consumer,Technology,3328,236,East
6550,6551,Home Office,Office Supplies,1719,357,East
6551,6552,Home Office,Technology,375,47,South
6552,6553,Home Office,Furniture,4203,392,North
6553,6554,Corporate,Furniture,3963,579,East
6554,6555,Home Office,Office Supplies,814,245,South
6555,6556,Home Office,Technology,2180,190,South
6556,6557,Consumer,Furniture,909,123,South
6557,6558,Home Office,Furniture,3826,315,East
6558,6559,Consumer,Furniture,4078,141,East
6559,6560,Home Office,Furniture,961,357,South
6560,6561,Consumer,Office Supplies,136,189,South
6561,6562,Home Office,Technology,3911,424,South
6562,6563,Consumer,Furniture,2181,992,North
6563,6564,Corporate,Office Supplies,554,599,North
6564,6565,Consumer,Furniture,4639,741,West
6565,6566,Consumer,Furniture,3408,663,West
6566,6567,Consumer,Furniture,4407,394,East
6567,6568,Home Office,Furniture,3311,521,North
6568,6569,Home Office,Office Supplies,2755,52,West
6569,6570,Home Office,Technology,1081,489,South
6570,6571,Corporate,Office Supplies,4491,127,South
6571,6572,Corporate,Office Supplies,251,580,East
6572,6573,Consumer,Office Supplies,3394,70,East
6573,6574,Corporate,Furniture,699,562,West
6574,6575,Consumer,Technology,1422,795,South
6575,6576,Consumer,Furniture,1611,197,East
6576,6577,Consumer,Office Supplies,2358,462,East
6577,6578,Corporate,Furniture,331,856,North
6578,6579,Home Office,Technology,2842,196,West
6579,6580,Corporate,Technology,4562,947,East
6580,6581,Consumer,Furniture,4676,473,West
6581,6582,Consumer,Office Supplies,671,749,South
6582,6583,Corporate,Furniture,1302,173,West
6583,6584,Consumer,Office Supplies,1607,433,East
6584,6585,Consumer,Technology,1712,807,North
6585,6586,Corporate,Furniture,3666,111,West
6586,6587,Corporate,Technology,4140,992,West
6587,6588,Corporate,Office Supplies,1670,276,South
6588,6589,Consumer,Office Supplies,1139,645,North
6589,6590,Consumer,Furniture,1525,162,West
6590,6591,Home Office,Furniture,4181,438,North
6591,6592,Home Office,Furniture,270,700,East
6592,6593,Corporate,Technology,288,436,North
6593,6594,Home Office,Office Supplies,4981,587,East
6594,6595,Consumer,Office Supplies,4778,620,South
6595,6596,Home Office,Technology,699,952,South
6596,6597,Consumer,Furniture,4117,545,South
6597,6598,Corporate,Furniture,3432,342,East
6598,6599,Corporate,Technology,3676,770,West
6599,6600,Consumer,Office Supplies,2489,686,East
6600,6601,Home Office,Office Supplies,1053,905,North
6601,6602,Corporate,Office Supplies,1725,449,North
6602,6603,Corporate,Office Supplies,1970,615,East
6603,6604,Home Office,Technology,4361,980,South
6604,6605,Home Office,Office Supplies,2124,864,South
6605,6606,Consumer,Technology,4429,133,North
6606,6607,Home Office,Furniture,740,311,North
6607,6608,Home Office,Technology,1927,677,West
6608,6609,Home Office,Office Supplies,4802,358,West
6609,6610,Consumer,Furniture,639,258,West
6610,6611,Consumer,Technology,2465,957,North
6611,6612,Corporate,Technology,4538,280,West
6612,6613,Consumer,Technology,3601,438,North
6613,6614,Corporate,Furniture,4047,579,North
6614,6615,Home Office,Technology,3126,716,East
6615,6616,Corporate,Office Supplies,4832,722,West
6616,6617,Corporate,Furniture,3637,593,East
6617,6618,Home Office,Furniture,4274,256,East
6618,6619,Corporate,Technology,2596,490,West
6619,6620,Consumer,Office Supplies,4386,107,North
6620,6621,Consumer,Furniture,4839,338,North
6621,6622,Consumer,Technology,2189,602,North
6622,6623,Consumer,Office Supplies,3421,434,West
6623,6624,Corporate,Technology,3681,586,North
6624,6625,Corporate,Technology,2649,433,East
6625,6626,Home Office,Furniture,1316,14,South
6626,6627,Corporate,Furniture,4985,999,West
6627,6628,Corporate,Technology,4078,468,South
6628,6629,Corporate,Furniture,841,805,East
6629,6630,Home Office,Furniture,4285,815,South
6630,6631,Consumer,Office Supplies,1814,602,East
6631,6632,Corporate,Office Supplies,4144,507,South
6632,6633,Home Office,Technology,747,96,South
6633,6634,Home Office,Technology,2897,411,North
6634,6635,Home Office,Technology,918,302,South
6635,6636,Consumer,Technology,342,932,East
6636,6637,Corporate,Office Supplies,4414,290,East
6637,6638,Home Office,Furniture,4204,206,East
6638,6639,Consumer,Office Supplies,4625,773,West
6639,6640,Home Office,Technology,3977,92,East
6640,6641,Home Office,Technology,112,36,West
6641,6642,Home Office,Office Supplies,3117,854,East
6642,6643,Home Office,Office Supplies,789,703,West
6643,6644,Home Office,Technology,3238,144,South
6644,6645,Consumer,Furniture,3840,99,South
6645,6646,Corporate,Technology,776,215,East
6646,6647,Corporate,Office Supplies,3674,36,West
6647,6648,Corporate,Technology,4403,387,North
6648,6649,Corporate,Technology,1423,580,North
6649,6650,Consumer,Furniture,2965,593,North
6650,6651,Consumer,Technology,1102,424,South
6651,6652,Consumer,Technology,2602,236,South
6652,6653,Home Office,Technology,1865,612,West
6653,6654,Home Office,Office Supplies,1653,77,East
6654,6655,Home Office,Office Supplies,2391,371,South
6655,6656,Corporate,Furniture,2085,269,East
6656,6657,Home Office,Technology,4966,667,North
6657,6658,Corporate,Office Supplies,337,72,North
6658,6659,Home Office,Furniture,3417,864,East
6659,6660,Corporate,Technology,2492,981,West
6660,6661,Home Office,Furniture,3655,701,North
6661,6662,Home Office,Furniture,1684,989,West
6662,6663,Consumer,Furniture,1407,632,North
6663,6664,Home Office,Furniture,2185,712,South
6664,6665,Home Office,Furniture,1919,950,North
6665,6666,Consumer,Furniture,131,917,West
6666,6667,Corporate,Furniture,391,401,South
6667,6668,Consumer,Technology,3786,255,North
6668,6669,Consumer,Technology,4487,287,South
6669,6670,Corporate,Furniture,1742,356,South
6670,6671,Home Office,Technology,677,946,North
6671,6672,Corporate,Furniture,4009,381,East
6672,6673,Home Office,Technology,1323,818,East
6673,6674,Home Office,Office Supplies,4176,858,West
6674,6675,Corporate,Furniture,2752,132,West
6675,6676,Consumer,Office Supplies,546,66,North
6676,6677,Corporate,Furniture,3519,169,South
6677,6678,Home Office,Furniture,4473,136,South
6678,6679,Corporate,Office Supplies,3141,746,East
6679,6680,Corporate,Office Supplies,2679,616,East
6680,6681,Home Office,Office Supplies,1522,320,South
6681,6682,Consumer,Furniture,2709,527,South
6682,6683,Corporate,Office Supplies,3181,944,West
6683,6684,Home Office,Office Supplies,158,274,South
6684,6685,Home Office,Technology,3259,755,South
6685,6686,Corporate,Technology,558,297,North
6686,6687,Consumer,Office Supplies,203,429,South
6687,6688,Corporate,Office Supplies,888,905,East
6688,6689,Consumer,Office Supplies,841,537,East
6689,6690,Consumer,Office Supplies,3506,149,West
6690,6691,Consumer,Technology,1672,818,West
6691,6692,Consumer,Furniture,2801,716,North
6692,6693,Corporate,Office Supplies,4750,707,West
6693,6694,Home Office,Office Supplies,4823,996,South
6694,6695,Home Office,Technology,3512,484,South
6695,6696,Home Office,Office Supplies,3076,914,North
6696,6697,Home Office,Office Supplies,2234,646,East
6697,6698,Home Office,Technology,527,538,South
6698,6699,Home Office,Office Supplies,2044,887,South
6699,6700,Corporate,Office Supplies,1371,398,North
6700,6701,Consumer,Technology,4681,520,East
6701,6702,Home Office,Furniture,4799,547,West
6702,6703,Corporate,Office Supplies,511,222,South
6703,6704,Home Office,Office Supplies,2031,906,East
6704,6705,Home Office,Furniture,2595,522,North
6705,6706,Consumer,Technology,346,812,North
6706,6707,Consumer,Furniture,2917,274,East
6707,6708,Consumer,Office Supplies,2271,352,North
6708,6709,Home Office,Furniture,3431,47,West
6709,6710,Home Office,Technology,3024,242,East
6710,6711,Home Office,Office Supplies,2160,269,West
6711,6712,Consumer,Technology,3434,317,North
6712,6713,Corporate,Technology,4995,412,West
6713,6714,Home Office,Furniture,1044,270,West
6714,6715,Home Office,Furniture,2347,485,West
6715,6716,Home Office,Technology,1362,759,West
6716,6717,Corporate,Technology,275,115,East
6717,6718,Home Office,Office Supplies,1152,256,North
6718,6719,Corporate,Technology,2824,313,North
6719,6720,Home Office,Technology,2682,352,South
6720,6721,Corporate,Furniture,1417,456,West
6721,6722,Home Office,Technology,4672,47,West
6722,6723,Consumer,Technology,3467,829,South
6723,6724,Consumer,Furniture,1774,864,South
6724,6725,Consumer,Office Supplies,433,55,West
6725,6726,Consumer,Furniture,1364,731,North
6726,6727,Home Office,Furniture,3277,614,South
6727,6728,Consumer,Technology,3045,229,West
6728,6729,Corporate,Technology,4880,265,North
6729,6730,Consumer,Office Supplies,4756,146,East
6730,6731,Consumer,Technology,4318,240,South
6731,6732,Consumer,Office Supplies,2765,827,South
6732,6733,Home Office,Office Supplies,515,723,North
6733,6734,Consumer,Office Supplies,807,587,East
6734,6735,Corporate,Office Supplies,2784,982,North
6735,6736,Consumer,Technology,3466,47,South
6736,6737,Consumer,Furniture,3603,164,East
6737,6738,Consumer,Furniture,4542,512,West
6738,6739,Corporate,Technology,2659,114,South
6739,6740,Consumer,Technology,4071,264,North
6740,6741,Corporate,Office Supplies,4730,413,North
6741,6742,Corporate,Technology,3057,497,North
6742,6743,Consumer,Furniture,1829,967,North
6743,6744,Corporate,Technology,2001,467,North
6744,6745,Home Office,Technology,4859,537,South
6745,6746,Consumer,Office Supplies,1141,600,East
6746,6747,Consumer,Office Supplies,126,534,North
6747,6748,Corporate,Office Supplies,2683,379,North
6748,6749,Corporate,Office Supplies,1152,111,West
6749,6750,Consumer,Furniture,1774,925,West
6750,6751,Home Office,Technology,3155,673,East
6751,6752,Corporate,Technology,1758,699,South
6752,6753,Corporate,Office Supplies,4835,912,South
6753,6754,Home Office,Furniture,4051,608,East
6754,6755,Home Office,Furniture,3288,609,East
6755,6756,Consumer,Technology,1841,550,East
6756,6757,Home Office,Office Supplies,4187,521,North
6757,6758,Consumer,Technology,4237,398,South
6758,6759,Home Office,Technology,3331,372,East
6759,6760,Corporate,Furniture,1814,940,West
6760,6761,Consumer,Furniture,3296,842,North
6761,6762,Consumer,Technology,3431,621,North
6762,6763,Consumer,Office Supplies,3447,124,North
6763,6764,Home Office,Office Supplies,2086,731,North
6764,6765,Corporate,Technology,3644,975,East
6765,6766,Consumer,Technology,801,352,North
6766,6767,Consumer,Office Supplies,1554,83,West
6767,6768,Consumer,Office Supplies,3886,144,West
6768,6769,Consumer,Office Supplies,2571,949,East
6769,6770,Corporate,Technology,4360,977,North
6770,6771,Home Office,Furniture,3144,790,West
6771,6772,Corporate,Office Supplies,3983,871,South
6772,6773,Consumer,Office Supplies,3040,987,North
6773,6774,Corporate,Office Supplies,1920,599,East
6774,6775,Consumer,Technology,2902,980,South
6775,6776,Home Office,Furniture,3895,389,North
6776,6777,Home Office,Furniture,2563,499,South
6777,6778,Home Office,Office Supplies,3471,134,North
6778,6779,Consumer,Technology,435,47,North
6779,6780,Corporate,Furniture,2024,790,West
6780,6781,Home Office,Technology,3960,319,South
6781,6782,Consumer,Furniture,2888,115,South
6782,6783,Consumer,Office Supplies,4225,565,East
6783,6784,Corporate,Technology,3706,234,East
6784,6785,Home Office,Office Supplies,1640,251,South
6785,6786,Consumer,Furniture,674,406,West
6786,6787,Corporate,Furniture,320,162,West
6787,6788,Home Office,Office Supplies,2113,545,North
6788,6789,Corporate,Furniture,2741,645,East
6789,6790,Corporate,Office Supplies,853,806,East
6790,6791,Consumer,Office Supplies,1120,975,East
6791,6792,Consumer,Office Supplies,1588,411,North
6792,6793,Consumer,Furniture,2061,869,West
6793,6794,Corporate,Technology,3583,782,East
6794,6795,Consumer,Office Supplies,537,155,North
6795,6796,Corporate,Technology,578,200,South
6796,6797,Corporate,Furniture,882,902,West
6797,6798,Consumer,Furniture,4267,686,South
6798,6799,Home Office,Technology,4777,592,East
6799,6800,Home Office,Office Supplies,319,960,North
6800,6801,Home Office,Furniture,1127,210,West
6801,6802,Corporate,Office Supplies,389,876,East
6802,6803,Corporate,Office Supplies,479,21,West
6803,6804,Corporate,Technology,4073,61,North
6804,6805,Consumer,Furniture,2951,962,North
6805,6806,Corporate,Technology,1478,777,East
6806,6807,Consumer,Furniture,2058,311,West
6807,6808,Consumer,Technology,2227,881,North
6808,6809,Home Office,Furniture,165,309,West
6809,6810,Home Office,Furniture,2283,929,West
6810,6811,Home Office,Furniture,4594,530,South
6811,6812,Consumer,Office Supplies,3874,149,East
6812,6813,Consumer,Office Supplies,4542,109,East
6813,6814,Consumer,Technology,4019,494,West
6814,6815,Corporate,Technology,877,146,South
6815,6816,Consumer,Furniture,2666,880,West
6816,6817,Home Office,Furniture,2003,375,East
6817,6818,Home Office,Office Supplies,2861,893,East
6818,6819,Consumer,Office Supplies,3951,543,West
6819,6820,Consumer,Office Supplies,178,516,West
6820,6821,Home Office,Technology,1681,666,West
6821,6822,Consumer,Office Supplies,2262,170,East
6822,6823,Home Office,Technology,1085,770,West
6823,6824,Corporate,Office Supplies,1585,184,West
6824,6825,Home Office,Office Supplies,2720,97,North
6825,6826,Corporate,Furniture,1064,408,East
6826,6827,Consumer,Technology,2647,998,West
6827,6828,Consumer,Office Supplies,928,489,South
6828,6829,Corporate,Furniture,3273,554,East
6829,6830,Consumer,Technology,2773,486,West
6830,6831,Corporate,Technology,1818,792,West
6831,6832,Consumer,Office Supplies,2532,292,North
6832,6833,Home Office,Technology,1328,747,North
6833,6834,Consumer,Furniture,2510,966,East
6834,6835,Home Office,Furniture,3878,461,North
6835,6836,Home Office,Technology,1940,633,North
6836,6837,Corporate,Furniture,597,91,East
6837,6838,Consumer,Technology,636,222,South
6838,6839,Corporate,Furniture,3405,825,West
6839,6840,Consumer,Technology,1264,529,West
6840,6841,Home Office,Technology,2071,143,North
6841,6842,Home Office,Technology,3627,456,West
6842,6843,Consumer,Furniture,399,127,North
6843,6844,Consumer,Technology,2486,605,East
6844,6845,Corporate,Technology,4498,779,East
6845,6846,Consumer,Office Supplies,4063,252,East
6846,6847,Consumer,Office Supplies,4787,758,West
6847,6848,Consumer,Technology,4271,159,North
6848,6849,Corporate,Office Supplies,3959,895,North
6849,6850,Consumer,Technology,1013,542,West
6850,6851,Home Office,Office Supplies,4975,655,East
6851,6852,Corporate,Furniture,3795,388,South
6852,6853,Corporate,Furniture,1020,617,North
6853,6854,Home Office,Technology,1623,975,North
6854,6855,Home Office,Technology,1849,534,West
6855,6856,Home Office,Furniture,3717,522,South
6856,6857,Consumer,Furniture,2800,671,East
6857,6858,Home Office,Office Supplies,1105,126,North
6858,6859,Consumer,Technology,1801,673,West
6859,6860,Corporate,Furniture,3402,585,South
6860,6861,Corporate,Furniture,903,946,West
6861,6862,Home Office,Technology,3466,999,South
6862,6863,Consumer,Office Supplies,2992,671,West
6863,6864,Home Office,Office Supplies,3598,326,South
6864,6865,Home Office,Office Supplies,3262,885,North
6865,6866,Consumer,Office Supplies,214,21,South
6866,6867,Home Office,Furniture,3429,99,East
6867,6868,Corporate,Technology,4568,397,North
6868,6869,Home Office,Technology,2237,92,East
6869,6870,Consumer,Furniture,4952,985,North
6870,6871,Consumer,Furniture,130,771,South
6871,6872,Corporate,Furniture,1905,905,North
6872,6873,Consumer,Technology,3669,405,West
6873,6874,Consumer,Technology,1536,554,South
6874,6875,Corporate,Technology,4885,670,West
6875,6876,Home Office,Office Supplies,3528,649,West
6876,6877,Corporate,Furniture,556,109,West
6877,6878,Home Office,Furniture,548,466,West
6878,6879,Corporate,Furniture,167,883,East
6879,6880,Home Office,Technology,4189,337,South
6880,6881,Corporate,Furniture,1962,733,West
6881,6882,Home Office,Furniture,1902,83,East
6882,6883,Corporate,Office Supplies,4662,105,North
6883,6884,Home Office,Technology,3531,101,West
6884,6885,Corporate,Furniture,227,339,West
6885,6886,Consumer,Technology,4928,849,East
6886,6887,Home Office,Technology,3925,957,North
6887,6888,Corporate,Technology,1367,184,North
6888,6889,Home Office,Office Supplies,4110,746,East
6889,6890,Home Office,Technology,1142,324,West
6890,6891,Corporate,Technology,3838,696,South
6891,6892,Home Office,Technology,467,577,East
6892,6893,Corporate,Furniture,2704,506,South
6893,6894,Consumer,Office Supplies,2740,278,West
6894,6895,Home Office,Furniture,158,437,West
6895,6896,Consumer,Office Supplies,4356,44,North
6896,6897,Home Office,Office Supplies,202,128,West
6897,6898,Home Office,Technology,4607,380,North
6898,6899,Home Office,Technology,885,934,North
6899,6900,Corporate,Furniture,4378,577,West
6900,6901,Consumer,Office Supplies,4045,910,North
6901,6902,Home Office,Technology,2546,460,West
6902,6903,Corporate,Technology,1056,318,North
6903,6904,Home Office,Technology,2802,366,North
6904,6905,Corporate,Technology,536,385,West
6905,6906,Home Office,Furniture,2465,837,South
6906,6907,Consumer,Furniture,4801,114,East
6907,6908,Consumer,Technology,596,399,West
6908,6909,Home Office,Technology,1466,185,North
6909,6910,Corporate,Technology,2965,115,East
6910,6911,Home Office,Technology,1951,601,South
6911,6912,Corporate,Technology,1122,172,West
6912,6913,Home Office,Office Supplies,3230,923,North
6913,6914,Corporate,Office Supplies,2944,276,North
6914,6915,Consumer,Office Supplies,1589,572,West
6915,6916,Home Office,Office Supplies,2434,898,North
6916,6917,Consumer,Technology,4532,288,East
6917,6918,Consumer,Office Supplies,3489,312,North
6918,6919,Home Office,Office Supplies,302,596,East
6919,6920,Home Office,Furniture,330,964,East
6920,6921,Corporate,Office Supplies,3734,962,West
6921,6922,Corporate,Office Supplies,3228,870,North
6922,6923,Consumer,Technology,2791,136,East
6923,6924,Corporate,Office Supplies,3591,255,North
6924,6925,Corporate,Office Supplies,3062,833,East
6925,6926,Home Office,Technology,2427,243,South
6926,6927,Corporate,Office Supplies,4661,676,West
6927,6928,Consumer,Technology,2884,594,West
6928,6929,Corporate,Office Supplies,903,940,West
6929,6930,Consumer,Furniture,4461,448,East
6930,6931,Home Office,Furniture,3823,146,South
6931,6932,Consumer,Office Supplies,3001,795,East
6932,6933,Corporate,Furniture,275,565,West
6933,6934,Home Office,Technology,1544,768,East
6934,6935,Corporate,Office Supplies,4103,158,West
6935,6936,Home Office,Technology,3632,65,North
6936,6937,Home Office,Furniture,4449,697,East
6937,6938,Corporate,Technology,1643,365,North
6938,6939,Corporate,Furniture,2254,266,East
6939,6940,Home Office,Furniture,2205,932,West
6940,6941,Home Office,Furniture,3513,822,North
6941,6942,Corporate,Technology,3461,72,East
6942,6943,Consumer,Furniture,4279,835,West
6943,6944,Corporate,Office Supplies,1240,945,East
6944,6945,Home Office,Furniture,4907,72,North
6945,6946,Corporate,Office Supplies,1861,815,East
6946,6947,Consumer,Office Supplies,2040,38,East
6947,6948,Corporate,Office Supplies,1906,561,North
6948,6949,Home Office,Office Supplies,3273,668,West
6949,6950,Corporate,Technology,756,609,East
6950,6951,Home Office,Office Supplies,2603,577,East
6951,6952,Home Office,Furniture,758,309,South
6952,6953,Corporate,Office Supplies,2938,714,South
6953,6954,Home Office,Furniture,4336,621,West
6954,6955,Home Office,Technology,2553,224,North
6955,6956,Consumer,Office Supplies,1154,150,West
6956,6957,Consumer,Furniture,3141,935,West
6957,6958,Consumer,Technology,4103,516,West
6958,6959,Consumer,Technology,2438,570,East
6959,6960,Home Office,Furniture,210,508,East
6960,6961,Corporate,Office Supplies,1818,636,West
6961,6962,Home Office,Technology,4391,511,West
6962,6963,Home Office,Furniture,225,750,South
6963,6964,Home Office,Office Supplies,361,773,North
6964,6965,Corporate,Technology,3034,596,West
6965,6966,Consumer,Furniture,2302,200,South
6966,6967,Home Office,Technology,1704,720,West
6967,6968,Home Office,Technology,4303,684,North
6968,6969,Consumer,Furniture,2182,660,West
6969,6970,Home Office,Technology,4042,58,North
6970,6971,Corporate,Furniture,754,372,East
6971,6972,Home Office,Office Supplies,2563,888,North
6972,6973,Home Office,Furniture,384,636,West
6973,6974,Consumer,Office Supplies,2665,689,South
6974,6975,Home Office,Technology,3901,505,East
6975,6976,Home Office,Furniture,126,286,South
6976,6977,Corporate,Furniture,2374,56,West
6977,6978,Consumer,Furniture,3967,780,East
6978,6979,Consumer,Furniture,4072,935,South
6979,6980,Corporate,Office Supplies,1691,225,West
6980,6981,Home Office,Office Supplies,3481,239,South
6981,6982,Consumer,Technology,1228,648,North
6982,6983,Consumer,Technology,4213,332,North
6983,6984,Home Office,Technology,2236,839,West
6984,6985,Home Office,Technology,256,430,South
6985,6986,Consumer,Furniture,1389,234,West
6986,6987,Home Office,Office Supplies,2281,671,South
6987,6988,Consumer,Office Supplies,2611,296,East
6988,6989,Home Office,Office Supplies,1871,55,West
6989,6990,Home Office,Office Supplies,1255,981,West
6990,6991,Corporate,Technology,2888,822,South
6991,6992,Home Office,Furniture,3076,23,West
6992,6993,Corporate,Office Supplies,3599,642,East
6993,6994,Home Office,Furniture,3013,917,South
6994,6995,Consumer,Furniture,303,384,South
6995,6996,Consumer,Furniture,1922,712,South
6996,6997,Home Office,Furniture,1459,996,East
6997,6998,Home Office,Office Supplies,2644,342,East
6998,6999,Consumer,Office Supplies,541,865,West
6999,7000,Home Office,Office Supplies,1415,175,South
7000,7001,Corporate,Technology,4137,516,East
7001,7002,Corporate,Office Supplies,1248,126,North
7002,7003,Corporate,Technology,1298,952,West
7003,7004,Corporate,Technology,3016,645,East
7004,7005,Corporate,Technology,3985,575,East
7005,7006,Home Office,Office Supplies,4275,448,East
7006,7007,Home Office,Office Supplies,2959,313,West
7007,7008,Corporate,Office Supplies,3062,466,East
7008,7009,Home Office,Technology,1467,977,East
7009,7010,Home Office,Technology,4765,878,North
7010,7011,Corporate,Furniture,3009,280,North
7011,7012,Home Office,Technology,2316,720,North
7012,7013,Home Office,Technology,3505,225,East
7013,7014,Home Office,Office Supplies,3159,122,North
7014,7015,Corporate,Furniture,2383,25,South
7015,7016,Home Office,Furniture,4594,225,North
7016,7017,Consumer,Furniture,920,436,North
7017,7018,Consumer,Office Supplies,3160,144,East
7018,7019,Corporate,Furniture,2624,52,South
7019,7020,Consumer,Furniture,2732,773,North
7020,7021,Corporate,Office Supplies,2762,293,East
7021,7022,Consumer,Furniture,2925,843,South
7022,7023,Consumer,Technology,4553,107,North
7023,7024,Consumer,Technology,3229,69,East
7024,7025,Corporate,Technology,4114,239,South
7025,7026,Corporate,Technology,4716,905,North
7026,7027,Home Office,Technology,4588,652,South
7027,7028,Corporate,Technology,1766,394,South
7028,7029,Consumer,Technology,3500,168,East
7029,7030,Consumer,Technology,3682,833,West
7030,7031,Corporate,Technology,2300,480,South
7031,7032,Corporate,Office Supplies,992,605,South
7032,7033,Corporate,Office Supplies,4050,217,South
7033,7034,Home Office,Technology,1083,183,South
7034,7035,Consumer,Office Supplies,682,809,South
7035,7036,Home Office,Office Supplies,4215,90,West
7036,7037,Home Office,Technology,2740,27,East
7037,7038,Consumer,Technology,2073,717,West
7038,7039,Consumer,Office Supplies,3517,300,East
7039,7040,Corporate,Technology,4214,369,West
7040,7041,Corporate,Technology,2515,877,East
7041,7042,Home Office,Technology,988,288,North
7042,7043,Corporate,Technology,1983,984,South
7043,7044,Corporate,Office Supplies,4921,406,East
7044,7045,Consumer,Furniture,3922,983,East
7045,7046,Consumer,Office Supplies,246,775,South
7046,7047,Corporate,Furniture,1816,151,North
7047,7048,Consumer,Furniture,2577,686,South
7048,7049,Corporate,Furniture,1563,526,East
7049,7050,Consumer,Office Supplies,2345,260,East
7050,7051,Consumer,Office Supplies,1410,671,South
7051,7052,Consumer,Office Supplies,4760,549,West
7052,7053,Consumer,Office Supplies,468,246,South
7053,7054,Corporate,Office Supplies,1363,141,East
7054,7055,Home Office,Furniture,2949,315,East
7055,7056,Consumer,Office Supplies,2847,367,East
7056,7057,Corporate,Furniture,2665,294,North
7057,7058,Corporate,Office Supplies,1918,302,South
7058,7059,Consumer,Office Supplies,1987,172,North
7059,7060,Home Office,Technology,3883,925,South
7060,7061,Consumer,Furniture,159,428,North
7061,7062,Corporate,Office Supplies,644,748,West
7062,7063,Home Office,Office Supplies,3164,477,East
7063,7064,Corporate,Office Supplies,1330,651,East
7064,7065,Consumer,Technology,658,893,South
7065,7066,Home Office,Furniture,1612,579,East
7066,7067,Corporate,Office Supplies,769,516,North
7067,7068,Corporate,Office Supplies,357,667,West
7068,7069,Corporate,Office Supplies,1170,487,North
7069,7070,Consumer,Technology,1150,371,North
7070,7071,Home Office,Office Supplies,4138,321,South
7071,7072,Consumer,Furniture,4122,643,East
7072,7073,Consumer,Furniture,244,713,North
7073,7074,Consumer,Furniture,2734,254,South
7074,7075,Home Office,Furniture,2669,486,North
7075,7076,Consumer,Office Supplies,900,624,North
7076,7077,Consumer,Technology,1585,900,North
7077,7078,Consumer,Technology,3848,445,South
7078,7079,Consumer,Technology,2529,259,West
7079,7080,Corporate,Office Supplies,2923,31,North
7080,7081,Consumer,Technology,772,486,North
7081,7082,Corporate,Furniture,4074,581,South
7082,7083,Consumer,Office Supplies,3589,759,East
7083,7084,Home Office,Technology,4522,915,West
7084,7085,Corporate,Furniture,1514,861,South
7085,7086,Corporate,Furniture,3468,520,East
7086,7087,Corporate,Office Supplies,4825,905,South
7087,7088,Corporate,Office Supplies,3994,345,South
7088,7089,Home Office,Technology,3946,655,West
7089,7090,Consumer,Technology,2128,858,West
7090,7091,Corporate,Technology,1294,783,West
7091,7092,Home Office,Office Supplies,2124,351,West
7092,7093,Corporate,Technology,1457,347,East
7093,7094,Consumer,Technology,2910,489,North
7094,7095,Corporate,Furniture,668,933,South
7095,7096,Home Office,Furniture,2045,51,West
7096,7097,Consumer,Furniture,446,83,North
7097,7098,Home Office,Technology,507,818,East
7098,7099,Consumer,Office Supplies,4328,840,West
7099,7100,Consumer,Furniture,3853,31,South
7100,7101,Consumer,Office Supplies,713,229,North
7101,7102,Corporate,Technology,205,88,West
7102,7103,Home Office,Technology,2318,244,South
7103,7104,Home Office,Furniture,3899,166,North
7104,7105,Home Office,Office Supplies,4457,336,South
7105,7106,Consumer,Furniture,4013,123,East
7106,7107,Corporate,Technology,593,811,West
7107,7108,Consumer,Office Supplies,3968,617,West
7108,7109,Home Office,Furniture,4485,651,South
7109,7110,Corporate,Technology,3434,931,North
7110,7111,Corporate,Furniture,4020,630,West
7111,7112,Corporate,Office Supplies,1968,596,South
7112,7113,Home Office,Office Supplies,1538,994,East
7113,7114,Corporate,Office Supplies,1452,284,West
7114,7115,Corporate,Office Supplies,144,390,South
7115,7116,Consumer,Office Supplies,2480,29,North
7116,7117,Consumer,Furniture,4660,682,West
7117,7118,Corporate,Furniture,299,218,West
7118,7119,Corporate,Furniture,4524,893,East
7119,7120,Consumer,Furniture,2387,615,South
7120,7121,Consumer,Technology,4993,603,North
7121,7122,Consumer,Technology,4897,873,East
7122,7123,Home Office,Furniture,2730,625,East
7123,7124,Home Office,Technology,2868,758,East
7124,7125,Consumer,Technology,2507,781,South
7125,7126,Corporate,Office Supplies,3891,169,South
7126,7127,Consumer,Furniture,3393,924,West
7127,7128,Home Office,Technology,2946,908,South
7128,7129,Corporate,Technology,3411,869,East
7129,7130,Home Office,Furniture,2651,582,South
7130,7131,Corporate,Office Supplies,1537,47,North
7131,7132,Home Office,Furniture,226,127,West
7132,7133,Corporate,Office Supplies,1720,399,East
7133,7134,Corporate,Technology,3419,833,West
7134,7135,Corporate,Office Supplies,581,689,South
7135,7136,Corporate,Office Supplies,4478,386,West
7136,7137,Home Office,Furniture,2221,858,West
7137,7138,Home Office,Technology,3235,883,South
7138,7139,Corporate,Furniture,2920,385,West
7139,7140,Corporate,Furniture,2471,590,South
7140,7141,Home Office,Technology,338,604,East
7141,7142,Corporate,Furniture,1520,756,West
7142,7143,Corporate,Furniture,440,51,North
7143,7144,Corporate,Office Supplies,3450,620,North
7144,7145,Consumer,Furniture,3093,479,East
7145,7146,Corporate,Technology,1586,993,South
7146,7147,Consumer,Furniture,4657,467,South
7147,7148,Corporate,Office Supplies,4175,139,West
7148,7149,Home Office,Furniture,4993,37,West
7149,7150,Consumer,Furniture,832,754,North
7150,7151,Consumer,Furniture,3578,750,North
7151,7152,Corporate,Office Supplies,261,638,South
7152,7153,Corporate,Technology,2595,922,North
7153,7154,Consumer,Technology,231,335,South
7154,7155,Home Office,Office Supplies,1957,518,East
7155,7156,Home Office,Office Supplies,1342,628,East
7156,7157,Corporate,Furniture,3588,900,North
7157,7158,Home Office,Technology,771,334,West
7158,7159,Home Office,Office Supplies,604,816,North
7159,7160,Corporate,Technology,2256,912,North
7160,7161,Home Office,Furniture,1361,169,North
7161,7162,Corporate,Office Supplies,392,525,West
7162,7163,Consumer,Technology,3750,670,North
7163,7164,Corporate,Technology,4382,755,West
7164,7165,Consumer,Furniture,1159,263,North
7165,7166,Consumer,Office Supplies,2403,937,West
7166,7167,Home Office,Technology,2895,257,West
7167,7168,Home Office,Furniture,1301,859,West
7168,7169,Home Office,Technology,3413,362,West
7169,7170,Corporate,Furniture,2188,407,West
7170,7171,Home Office,Technology,3528,591,East
7171,7172,Consumer,Technology,2260,212,South
7172,7173,Home Office,Furniture,818,311,South
7173,7174,Home Office,Office Supplies,1946,157,West
7174,7175,Corporate,Furniture,977,230,South
7175,7176,Corporate,Office Supplies,3367,707,West
7176,7177,Consumer,Technology,4597,876,North
7177,7178,Corporate,Technology,163,857,East
7178,7179,Home Office,Furniture,2799,569,North
7179,7180,Corporate,Furniture,3033,272,North
7180,7181,Consumer,Office Supplies,472,305,West
7181,7182,Home Office,Office Supplies,4127,324,North
7182,7183,Consumer,Office Supplies,405,301,East
7183,7184,Corporate,Furniture,2614,693,North
7184,7185,Corporate,Technology,1031,885,East
7185,7186,Consumer,Furniture,2090,40,East
7186,7187,Home Office,Technology,3756,691,West
7187,7188,Corporate,Furniture,1515,53,East
7188,7189,Corporate,Furniture,461,948,North
7189,7190,Home Office,Office Supplies,2868,564,West
7190,7191,Corporate,Technology,815,952,East
7191,7192,Consumer,Furniture,1745,143,East
7192,7193,Corporate,Furniture,642,358,South
7193,7194,Corporate,Technology,1647,228,West
7194,7195,Home Office,Furniture,2341,459,South
7195,7196,Consumer,Technology,751,513,East
7196,7197,Home Office,Office Supplies,1150,95,South
7197,7198,Corporate,Office Supplies,4842,260,North
7198,7199,Corporate,Technology,1952,274,North
7199,7200,Home Office,Office Supplies,3101,532,East
7200,7201,Home Office,Technology,3184,89,South
7201,7202,Home Office,Furniture,2196,630,South
7202,7203,Consumer,Furniture,902,470,West
7203,7204,Corporate,Technology,2754,639,North
7204,7205,Home Office,Furniture,1780,261,North
7205,7206,Corporate,Office Supplies,1707,27,West
7206,7207,Consumer,Furniture,3622,265,North
7207,7208,Consumer,Furniture,2157,254,South
7208,7209,Consumer,Technology,2821,162,South
7209,7210,Consumer,Office Supplies,4921,618,North
7210,7211,Corporate,Furniture,2663,509,West
7211,7212,Consumer,Furniture,3712,467,East
7212,7213,Consumer,Technology,302,707,East
7213,7214,Home Office,Technology,1041,551,East
7214,7215,Consumer,Office Supplies,688,124,East
7215,7216,Home Office,Furniture,670,762,South
7216,7217,Consumer,Technology,3104,778,East
7217,7218,Consumer,Technology,295,456,South
7218,7219,Home Office,Technology,1445,362,South
7219,7220,Consumer,Office Supplies,517,634,East
7220,7221,Corporate,Technology,1742,856,East
7221,7222,Corporate,Office Supplies,1465,550,East
7222,7223,Consumer,Office Supplies,108,331,North
7223,7224,Corporate,Furniture,631,468,North
7224,7225,Home Office,Furniture,4344,958,West
7225,7226,Consumer,Office Supplies,1652,235,South
7226,7227,Consumer,Furniture,1135,765,East
7227,7228,Home Office,Furniture,4671,370,North
7228,7229,Home Office,Technology,1717,540,West
7229,7230,Home Office,Furniture,3816,843,South
7230,7231,Consumer,Office Supplies,1176,121,South
7231,7232,Home Office,Furniture,4401,221,South
7232,7233,Home Office,Technology,4115,242,North
7233,7234,Corporate,Office Supplies,3062,957,East
7234,7235,Corporate,Furniture,4940,168,East
7235,7236,Consumer,Office Supplies,1012,581,South
7236,7237,Corporate,Furniture,4249,894,South
7237,7238,Corporate,Technology,4170,333,West
7238,7239,Home Office,Furniture,3661,102,West
7239,7240,Home Office,Office Supplies,443,257,South
7240,7241,Corporate,Office Supplies,1292,679,West
7241,7242,Corporate,Office Supplies,2032,150,North
7242,7243,Corporate,Furniture,802,920,South
7243,7244,Consumer,Furniture,1998,413,West
7244,7245,Consumer,Furniture,3693,939,South
7245,7246,Consumer,Technology,298,741,East
7246,7247,Corporate,Technology,3332,413,North
7247,7248,Corporate,Technology,2922,827,South
7248,7249,Consumer,Office Supplies,4584,610,East
7249,7250,Consumer,Office Supplies,573,676,South
7250,7251,Corporate,Office Supplies,4960,423,East
7251,7252,Home Office,Office Supplies,1754,449,West
7252,7253,Consumer,Office Supplies,691,242,East
7253,7254,Corporate,Furniture,1948,989,North
7254,7255,Corporate,Office Supplies,3141,202,North
7255,7256,Home Office,Furniture,267,108,West
7256,7257,Corporate,Technology,4479,960,South
7257,7258,Corporate,Technology,3370,122,North
7258,7259,Consumer,Technology,4107,628,West
7259,7260,Consumer,Technology,4110,545,North
7260,7261,Home Office,Technology,3948,290,West
7261,7262,Home Office,Office Supplies,2281,958,North
7262,7263,Corporate,Office Supplies,1754,725,West
7263,7264,Consumer,Office Supplies,4317,532,North
7264,7265,Home Office,Technology,932,359,South
7265,7266,Home Office,Technology,1121,325,East
7266,7267,Home Office,Furniture,2093,726,North
7267,7268,Corporate,Office Supplies,3592,952,West
7268,7269,Consumer,Technology,994,930,South
7269,7270,Home Office,Technology,1615,509,North
7270,7271,Consumer,Technology,3770,546,West
7271,7272,Home Office,Furniture,388,922,East
7272,7273,Home Office,Technology,1176,661,West
7273,7274,Consumer,Furniture,1471,644,North
7274,7275,Consumer,Furniture,1174,445,West
7275,7276,Consumer,Office Supplies,3059,532,West
7276,7277,Corporate,Technology,139,787,East
7277,7278,Home Office,Furniture,4374,602,North
7278,7279,Corporate,Technology,3722,453,North
7279,7280,Consumer,Office Supplies,282,831,East
7280,7281,Home Office,Office Supplies,1859,630,South
7281,7282,Corporate,Furniture,1869,217,West
7282,7283,Home Office,Office Supplies,4900,840,West
7283,7284,Corporate,Office Supplies,596,765,West
7284,7285,Consumer,Office Supplies,696,285,North
7285,7286,Corporate,Technology,2608,506,North
7286,7287,Home Office,Technology,3926,782,West
7287,7288,Home Office,Furniture,4669,306,North
7288,7289,Home Office,Furniture,784,383,East
7289,7290,Home Office,Office Supplies,418,584,East
7290,7291,Consumer,Office Supplies,3726,193,North
7291,7292,Corporate,Furniture,1535,41,West
7292,7293,Consumer,Office Supplies,2503,292,West
7293,7294,Consumer,Furniture,2764,845,West
7294,7295,Consumer,Technology,4424,882,West
7295,7296,Home Office,Office Supplies,828,441,North
7296,7297,Home Office,Office Supplies,1387,528,South
7297,7298,Home Office,Office Supplies,4101,695,South
7298,7299,Corporate,Technology,660,471,West
7299,7300,Home Office,Technology,1475,880,West
7300,7301,Corporate,Office Supplies,1565,993,West
7301,7302,Home Office,Furniture,2606,377,South
7302,7303,Home Office,Technology,3986,667,East
7303,7304,Consumer,Office Supplies,124,261,South
7304,7305,Consumer,Office Supplies,1254,175,North
7305,7306,Consumer,Technology,4565,624,South
7306,7307,Corporate,Furniture,1559,714,North
7307,7308,Corporate,Office Supplies,4806,538,West
7308,7309,Home Office,Furniture,1320,611,North
7309,7310,Corporate,Furniture,2256,380,West
7310,7311,Home Office,Technology,3391,607,East
7311,7312,Corporate,Office Supplies,819,112,West
7312,7313,Corporate,Office Supplies,1205,603,West
7313,7314,Corporate,Furniture,3869,135,East
7314,7315,Consumer,Technology,2579,47,West
7315,7316,Corporate,Technology,2020,357,West
7316,7317,Consumer,Technology,3179,222,West
7317,7318,Consumer,Furniture,4831,328,South
7318,7319,Corporate,Furniture,3269,746,North
7319,7320,Home Office,Office Supplies,3272,743,West
7320,7321,Home Office,Technology,3430,435,South
7321,7322,Home Office,Furniture,4551,256,West
7322,7323,Corporate,Technology,2158,657,North
7323,7324,Home Office,Furniture,3421,295,West
7324,7325,Consumer,Office Supplies,1970,240,North
7325,7326,Home Office,Technology,3721,329,South
7326,7327,Corporate,Furniture,1245,521,South
7327,7328,Home Office,Technology,4091,530,West
7328,7329,Consumer,Furniture,3473,234,East
7329,7330,Corporate,Furniture,224,515,North
7330,7331,Home Office,Furniture,411,834,West
7331,7332,Corporate,Technology,874,116,South
7332,7333,Corporate,Furniture,3020,708,West
7333,7334,Corporate,Office Supplies,1931,742,North
7334,7335,Home Office,Technology,793,616,West
7335,7336,Corporate,Office Supplies,1476,716,North
7336,7337,Home Office,Office Supplies,1089,763,South
7337,7338,Consumer,Technology,2946,751,East
7338,7339,Home Office,Furniture,1852,340,East
7339,7340,Consumer,Office Supplies,3059,14,South
7340,7341,Home Office,Technology,2553,872,South
7341,7342,Corporate,Furniture,3143,477,West
7342,7343,Home Office,Technology,1816,525,South
7343,7344,Corporate,Technology,1726,785,South
7344,7345,Consumer,Technology,3188,947,North
7345,7346,Home Office,Furniture,3431,774,West
7346,7347,Corporate,Office Supplies,4128,172,North
7347,7348,Consumer,Office Supplies,989,662,West
7348,7349,Consumer,Technology,1478,910,West
7349,7350,Home Office,Technology,4684,817,East
7350,7351,Consumer,Furniture,4375,540,East
7351,7352,Corporate,Technology,1807,91,South
7352,7353,Consumer,Technology,2464,490,West
7353,7354,Consumer,Technology,331,902,South
7354,7355,Corporate,Office Supplies,1912,525,North
7355,7356,Consumer,Technology,1712,649,South
7356,7357,Consumer,Office Supplies,4526,196,North
7357,7358,Consumer,Furniture,4756,155,East
7358,7359,Consumer,Furniture,3096,161,East
7359,7360,Corporate,Office Supplies,347,372,North
7360,7361,Consumer,Office Supplies,4478,102,North
7361,7362,Corporate,Office Supplies,2179,40,North
7362,7363,Consumer,Office Supplies,3841,835,South
7363,7364,Consumer,Technology,4725,549,North
7364,7365,Consumer,Office Supplies,4576,658,West
7365,7366,Consumer,Office Supplies,162,950,North
7366,7367,Corporate,Office Supplies,4323,611,East
7367,7368,Corporate,Technology,1651,58,North
7368,7369,Corporate,Technology,3105,888,East
7369,7370,Home Office,Technology,3422,267,East
7370,7371,Consumer,Furniture,394,527,South
7371,7372,Consumer,Technology,4374,550,North
7372,7373,Corporate,Office Supplies,4424,419,East
7373,7374,Home Office,Technology,982,165,West
7374,7375,Consumer,Technology,493,784,North
7375,7376,Corporate,Office Supplies,2839,555,North
7376,7377,Consumer,Technology,3567,449,East
7377,7378,Consumer,Furniture,4267,246,South
7378,7379,Corporate,Technology,4513,659,South
7379,7380,Corporate,Furniture,4070,377,North
7380,7381,Consumer,Furniture,4790,66,North
7381,7382,Consumer,Furniture,4574,184,South
7382,7383,Corporate,Office Supplies,4331,223,South
7383,7384,Consumer,Technology,2877,36,West
7384,7385,Consumer,Furniture,3792,816,North
7385,7386,Corporate,Furniture,1501,927,North
7386,7387,Consumer,Technology,1005,128,North
7387,7388,Consumer,Office Supplies,629,156,South
7388,7389,Home Office,Office Supplies,4718,877,East
7389,7390,Corporate,Furniture,3821,274,West
7390,7391,Home Office,Office Supplies,486,412,South
7391,7392,Home Office,Technology,2721,267,South
7392,7393,Home Office,Office Supplies,672,869,West
7393,7394,Consumer,Technology,743,198,North
7394,7395,Consumer,Furniture,4171,836,East
7395,7396,Home Office,Technology,1392,752,West
7396,7397,Home Office,Furniture,3695,991,East
7397,7398,Home Office,Technology,4742,508,North
7398,7399,Consumer,Technology,2585,719,East
7399,7400,Home Office,Office Supplies,654,248,North
7400,7401,Home Office,Technology,2258,336,South
7401,7402,Corporate,Furniture,3493,79,North
7402,7403,Corporate,Technology,2674,938,West
7403,7404,Consumer,Furniture,2324,773,West
7404,7405,Corporate,Furniture,3709,983,North
7405,7406,Corporate,Technology,4819,714,North
7406,7407,Corporate,Office Supplies,2088,34,South
7407,7408,Consumer,Technology,1043,591,South
7408,7409,Corporate,Technology,4668,165,North
7409,7410,Consumer,Office Supplies,1093,667,East
7410,7411,Home Office,Furniture,3559,840,South
7411,7412,Corporate,Technology,1221,228,West
7412,7413,Consumer,Office Supplies,3546,570,South
7413,7414,Corporate,Office Supplies,4365,388,South
7414,7415,Home Office,Furniture,155,901,South
7415,7416,Consumer,Office Supplies,1856,203,South
7416,7417,Consumer,Furniture,757,49,North
7417,7418,Consumer,Technology,359,606,South
7418,7419,Home Office,Office Supplies,4836,352,East
7419,7420,Home Office,Technology,2709,512,South
7420,7421,Home Office,Office Supplies,4009,459,South
7421,7422,Consumer,Office Supplies,503,345,West
7422,7423,Home Office,Technology,894,13,South
7423,7424,Corporate,Office Supplies,1661,811,West
7424,7425,Home Office,Technology,1283,768,West
7425,7426,Consumer,Technology,2741,526,North
7426,7427,Corporate,Furniture,2764,506,West
7427,7428,Home Office,Technology,4909,235,West
7428,7429,Corporate,Furniture,3707,159,East
7429,7430,Corporate,Technology,2057,247,East
7430,7431,Consumer,Office Supplies,2193,669,West
7431,7432,Corporate,Technology,1852,112,North
7432,7433,Corporate,Office Supplies,3662,184,East
7433,7434,Consumer,Furniture,1794,470,East
7434,7435,Consumer,Office Supplies,955,757,North
7435,7436,Consumer,Technology,1395,43,South
7436,7437,Corporate,Office Supplies,4855,693,East
7437,7438,Corporate,Furniture,3721,527,West
7438,7439,Corporate,Office Supplies,4306,449,West
7439,7440,Consumer,Office Supplies,1138,294,West
7440,7441,Home Office,Technology,4696,234,North
7441,7442,Corporate,Technology,4613,574,West
7442,7443,Home Office,Office Supplies,4470,266,South
7443,7444,Consumer,Furniture,3547,68,North
7444,7445,Corporate,Office Supplies,3532,953,East
7445,7446,Home Office,Furniture,3848,255,North
7446,7447,Corporate,Furniture,2341,528,West
7447,7448,Corporate,Furniture,3630,223,North
7448,7449,Corporate,Office Supplies,4994,937,North
7449,7450,Home Office,Furniture,2063,599,North
7450,7451,Consumer,Office Supplies,3115,710,North
7451,7452,Corporate,Furniture,3667,962,South
7452,7453,Consumer,Furniture,3970,828,North
7453,7454,Consumer,Office Supplies,4964,225,West
7454,7455,Home Office,Technology,1584,412,East
7455,7456,Home Office,Technology,4334,292,South
7456,7457,Consumer,Office Supplies,2439,840,North
7457,7458,Corporate,Office Supplies,434,965,East
7458,7459,Home Office,Technology,1958,582,South
7459,7460,Corporate,Technology,1307,582,West
7460,7461,Corporate,Technology,1024,224,West
7461,7462,Corporate,Office Supplies,3045,391,East
7462,7463,Consumer,Furniture,4539,54,North
7463,7464,Corporate,Office Supplies,4852,926,East
7464,7465,Consumer,Technology,3685,181,South
7465,7466,Consumer,Furniture,4456,230,East
7466,7467,Corporate,Office Supplies,4127,394,East
7467,7468,Corporate,Technology,4364,104,North
7468,7469,Corporate,Office Supplies,4855,868,West
7469,7470,Corporate,Furniture,4395,53,North
7470,7471,Consumer,Technology,4777,237,West
7471,7472,Corporate,Office Supplies,4761,583,North
7472,7473,Corporate,Furniture,3942,326,West
7473,7474,Consumer,Furniture,2498,740,North
7474,7475,Home Office,Office Supplies,127,344,West
7475,7476,Home Office,Furniture,4050,610,West
7476,7477,Consumer,Technology,1998,633,West
7477,7478,Home Office,Furniture,4827,728,West
7478,7479,Consumer,Office Supplies,2527,476,North
7479,7480,Corporate,Technology,1725,888,South
7480,7481,Corporate,Furniture,2675,827,West
7481,7482,Home Office,Furniture,2136,724,West
7482,7483,Corporate,Technology,1410,306,West
7483,7484,Home Office,Technology,3455,554,West
7484,7485,Home Office,Furniture,3820,498,West
7485,7486,Corporate,Technology,2374,224,East
7486,7487,Corporate,Office Supplies,2174,533,East
7487,7488,Home Office,Furniture,188,11,West
7488,7489,Corporate,Office Supplies,3904,884,West
7489,7490,Consumer,Furniture,221,670,West
7490,7491,Corporate,Office Supplies,132,663,South
7491,7492,Corporate,Office Supplies,4798,811,North
7492,7493,Consumer,Technology,795,216,West
7493,7494,Corporate,Furniture,3941,350,South
7494,7495,Corporate,Technology,624,713,South
7495,7496,Home Office,Technology,346,416,West
7496,7497,Corporate,Furniture,4026,862,North
7497,7498,Corporate,Office Supplies,3201,315,East
7498,7499,Consumer,Furniture,2196,516,West
7499,7500,Home Office,Furniture,2062,919,West
7500,7501,Home Office,Furniture,3059,478,East
7501,7502,Home Office,Technology,2327,773,North
7502,7503,Corporate,Furniture,1493,725,East
7503,7504,Home Office,Furniture,2007,883,West
7504,7505,Consumer,Furniture,2123,567,West
7505,7506,Home Office,Office Supplies,4933,895,South
7506,7507,Consumer,Office Supplies,2578,504,East
7507,7508,Home Office,Office Supplies,4559,270,South
7508,7509,Home Office,Office Supplies,1081,587,South
7509,7510,Consumer,Technology,3323,671,South
7510,7511,Home Office,Technology,326,591,South
7511,7512,Home Office,Furniture,1366,373,East
7512,7513,Home Office,Technology,2157,523,East
7513,7514,Corporate,Office Supplies,2351,550,East
7514,7515,Consumer,Furniture,3041,777,West
7515,7516,Home Office,Furniture,256,582,North
7516,7517,Consumer,Office Supplies,2173,621,South
7517,7518,Consumer,Office Supplies,4163,905,West
7518,7519,Consumer,Office Supplies,860,464,East
7519,7520,Home Office,Technology,873,153,East
7520,7521,Home Office,Furniture,1652,201,West
7521,7522,Consumer,Office Supplies,1057,874,South
7522,7523,Corporate,Furniture,353,362,East
7523,7524,Consumer,Furniture,1669,791,South
7524,7525,Corporate,Technology,3318,308,South
7525,7526,Consumer,Furniture,4313,469,North
7526,7527,Consumer,Office Supplies,3336,436,East
7527,7528,Consumer,Office Supplies,4745,847,West
7528,7529,Home Office,Furniture,907,832,North
7529,7530,Corporate,Furniture,1881,725,South
7530,7531,Corporate,Technology,1321,766,West
7531,7532,Consumer,Office Supplies,3763,40,North
7532,7533,Home Office,Office Supplies,3300,341,North
7533,7534,Home Office,Furniture,979,979,North
7534,7535,Corporate,Furniture,100,945,South
7535,7536,Home Office,Furniture,266,420,South
7536,7537,Corporate,Office Supplies,2163,61,East
7537,7538,Corporate,Furniture,2804,393,North
7538,7539,Corporate,Technology,211,252,West
7539,7540,Home Office,Technology,3539,784,South
7540,7541,Corporate,Furniture,1225,695,North
7541,7542,Corporate,Technology,2741,621,West
7542,7543,Consumer,Technology,1529,426,South
7543,7544,Corporate,Technology,2143,484,West
7544,7545,Corporate,Technology,4702,401,West
7545,7546,Consumer,Technology,1734,398,East
7546,7547,Consumer,Office Supplies,770,582,South
7547,7548,Home Office,Furniture,3211,977,South
7548,7549,Corporate,Technology,1790,881,South
7549,7550,Home Office,Furniture,4057,709,South
7550,7551,Home Office,Technology,1064,478,East
7551,7552,Consumer,Office Supplies,380,417,East
7552,7553,Home Office,Office Supplies,4546,528,North
7553,7554,Corporate,Technology,2066,198,South
7554,7555,Consumer,Technology,2908,604,West
7555,7556,Corporate,Technology,2064,360,East
7556,7557,Corporate,Office Supplies,4923,941,West
7557,7558,Consumer,Office Supplies,3490,292,West
7558,7559,Corporate,Furniture,922,645,West
7559,7560,Consumer,Office Supplies,1537,166,North
7560,7561,Corporate,Technology,2161,608,North
7561,7562,Consumer,Furniture,3965,157,South
7562,7563,Home Office,Office Supplies,4394,79,East
7563,7564,Corporate,Office Supplies,4873,981,South
7564,7565,Consumer,Technology,4136,379,North
7565,7566,Corporate,Furniture,1564,597,North
7566,7567,Corporate,Office Supplies,177,635,West
7567,7568,Corporate,Office Supplies,2259,524,South
7568,7569,Consumer,Technology,4730,243,West
7569,7570,Home Office,Furniture,3287,688,North
7570,7571,Home Office,Furniture,1265,620,South
7571,7572,Home Office,Furniture,889,645,South
7572,7573,Consumer,Furniture,1663,476,East
7573,7574,Home Office,Technology,1422,566,North
7574,7575,Consumer,Office Supplies,1602,903,North
7575,7576,Corporate,Office Supplies,1591,845,East
7576,7577,Corporate,Furniture,1759,296,North
7577,7578,Home Office,Furniture,1415,627,West
7578,7579,Consumer,Furniture,3162,303,West
7579,7580,Corporate,Office Supplies,224,490,West
7580,7581,Consumer,Office Supplies,3162,143,South
7581,7582,Consumer,Furniture,618,17,West
7582,7583,Corporate,Technology,2170,37,North
7583,7584,Consumer,Office Supplies,4357,792,East
7584,7585,Corporate,Office Supplies,2776,744,West
7585,7586,Corporate,Furniture,2653,529,West
7586,7587,Corporate,Technology,4035,319,South
7587,7588,Consumer,Furniture,1144,655,North
7588,7589,Corporate,Furniture,1887,550,East
7589,7590,Consumer,Technology,3635,636,North
7590,7591,Corporate,Technology,4678,503,West
7591,7592,Corporate,Technology,2066,43,North
7592,7593,Home Office,Office Supplies,2456,16,East
7593,7594,Home Office,Furniture,2350,49,West
7594,7595,Home Office,Office Supplies,3587,339,North
7595,7596,Consumer,Technology,241,918,East
7596,7597,Consumer,Office Supplies,1103,71,West
7597,7598,Corporate,Technology,2254,95,West
7598,7599,Corporate,Technology,2114,734,North
7599,7600,Corporate,Furniture,4724,125,South
7600,7601,Corporate,Furniture,3708,586,South
7601,7602,Consumer,Furniture,1068,306,East
7602,7603,Corporate,Office Supplies,4025,388,North
7603,7604,Corporate,Furniture,4058,691,East
7604,7605,Home Office,Technology,2835,637,North
7605,7606,Corporate,Furniture,904,331,East
7606,7607,Corporate,Office Supplies,1434,637,East
7607,7608,Corporate,Furniture,4084,742,North
7608,7609,Consumer,Furniture,767,404,South
7609,7610,Home Office,Furniture,484,366,East
7610,7611,Corporate,Office Supplies,3224,571,North
7611,7612,Corporate,Technology,1708,848,North
7612,7613,Home Office,Technology,3354,428,North
7613,7614,Corporate,Technology,3540,487,West
7614,7615,Consumer,Furniture,2848,345,North
7615,7616,Corporate,Furniture,112,600,North
7616,7617,Consumer,Office Supplies,3107,29,West
7617,7618,Consumer,Technology,2307,421,West
7618,7619,Corporate,Furniture,4267,900,South
7619,7620,Home Office,Furniture,2245,558,North
7620,7621,Consumer,Furniture,1965,268,East
7621,7622,Home Office,Office Supplies,200,614,West
7622,7623,Corporate,Technology,4179,708,West
7623,7624,Consumer,Office Supplies,4476,366,South
7624,7625,Corporate,Technology,1412,210,South
7625,7626,Home Office,Technology,2896,420,South
7626,7627,Corporate,Furniture,4804,297,North
7627,7628,Corporate,Furniture,549,57,North
7628,7629,Consumer,Furniture,3539,774,North
7629,7630,Corporate,Furniture,3601,567,West
7630,7631,Corporate,Furniture,3267,379,South
7631,7632,Corporate,Technology,220,240,West
7632,7633,Consumer,Furniture,3537,104,East
7633,7634,Home Office,Furniture,3956,312,North
7634,7635,Home Office,Office Supplies,1175,227,West
7635,7636,Corporate,Office Supplies,4513,561,East
7636,7637,Consumer,Technology,2822,396,West
7637,7638,Corporate,Technology,801,724,East
7638,7639,Home Office,Office Supplies,3448,637,West
7639,7640,Consumer,Office Supplies,3768,934,West
7640,7641,Home Office,Furniture,3365,100,North
7641,7642,Home Office,Furniture,120,67,West
7642,7643,Consumer,Technology,2546,443,West
7643,7644,Consumer,Office Supplies,2349,531,South
7644,7645,Corporate,Technology,2613,777,West
7645,7646,Corporate,Furniture,3322,838,North
7646,7647,Home Office,Technology,1282,770,West
7647,7648,Consumer,Technology,2457,492,North
7648,7649,Consumer,Technology,2651,376,South
7649,7650,Corporate,Furniture,2173,898,North
7650,7651,Home Office,Technology,165,838,South
7651,7652,Home Office,Furniture,4458,416,South
7652,7653,Corporate,Office Supplies,571,527,South
7653,7654,Consumer,Technology,2314,340,South
7654,7655,Corporate,Technology,3325,709,South
7655,7656,Corporate,Furniture,442,244,North
7656,7657,Corporate,Technology,817,892,South
7657,7658,Corporate,Furniture,2560,420,South
7658,7659,Consumer,Technology,3836,192,South
7659,7660,Corporate,Office Supplies,3355,296,South
7660,7661,Consumer,Office Supplies,3365,132,South
7661,7662,Corporate,Office Supplies,4189,167,East
7662,7663,Home Office,Technology,2630,332,West
7663,7664,Consumer,Technology,3732,22,West
7664,7665,Home Office,Office Supplies,1155,836,South
7665,7666,Corporate,Office Supplies,114,575,South
7666,7667,Corporate,Furniture,3489,881,East
7667,7668,Corporate,Furniture,3414,798,South
7668,7669,Consumer,Office Supplies,116,564,East
7669,7670,Home Office,Office Supplies,2681,788,West
7670,7671,Consumer,Technology,1879,630,North
7671,7672,Consumer,Office Supplies,2049,844,West
7672,7673,Corporate,Furniture,180,687,North
7673,7674,Home Office,Furniture,3179,872,North
7674,7675,Corporate,Furniture,1118,929,North
7675,7676,Consumer,Furniture,879,627,South
7676,7677,Corporate,Furniture,1924,572,East
7677,7678,Home Office,Furniture,3964,213,North
7678,7679,Corporate,Office Supplies,2569,966,East
7679,7680,Home Office,Furniture,2613,311,West
7680,7681,Home Office,Furniture,2230,52,North
7681,7682,Corporate,Furniture,424,804,West
7682,7683,Consumer,Furniture,3590,606,East
7683,7684,Corporate,Office Supplies,776,738,East
7684,7685,Consumer,Technology,2111,679,West
7685,7686,Consumer,Technology,4988,871,East
7686,7687,Corporate,Technology,3716,515,West
7687,7688,Consumer,Technology,3233,648,East
7688,7689,Consumer,Furniture,2804,200,South
7689,7690,Corporate,Technology,1294,787,West
7690,7691,Corporate,Technology,3175,908,North
7691,7692,Corporate,Office Supplies,1004,982,North
7692,7693,Consumer,Office Supplies,4697,69,North
7693,7694,Home Office,Office Supplies,4994,804,East
7694,7695,Consumer,Furniture,3004,475,West
7695,7696,Home Office,Furniture,3400,388,East
7696,7697,Corporate,Furniture,1223,438,North
7697,7698,Home Office,Office Supplies,4416,71,South
7698,7699,Corporate,Technology,3157,929,North
7699,7700,Corporate,Office Supplies,2370,311,North
7700,7701,Home Office,Furniture,2824,647,North
7701,7702,Corporate,Office Supplies,2358,983,South
7702,7703,Home Office,Technology,3962,181,South
7703,7704,Corporate,Furniture,1030,514,West
7704,7705,Consumer,Technology,3746,72,South
7705,7706,Consumer,Technology,4457,781,West
7706,7707,Corporate,Furniture,1371,25,South
7707,7708,Corporate,Technology,3912,700,West
7708,7709,Home Office,Office Supplies,897,851,North
7709,7710,Consumer,Technology,3234,889,South
7710,7711,Home Office,Technology,3563,110,East
7711,7712,Corporate,Technology,2687,996,East
7712,7713,Corporate,Office Supplies,516,185,West
7713,7714,Home Office,Technology,4233,202,South
7714,7715,Corporate,Technology,2455,974,South
7715,7716,Consumer,Office Supplies,997,982,East
7716,7717,Home Office,Furniture,152,822,South
7717,7718,Consumer,Furniture,705,908,South
7718,7719,Consumer,Furniture,3777,282,West
7719,7720,Consumer,Technology,4647,476,North
7720,7721,Home Office,Furniture,560,942,East
7721,7722,Corporate,Office Supplies,874,782,North
7722,7723,Consumer,Technology,4130,184,South
7723,7724,Consumer,Technology,3427,243,South
7724,7725,Consumer,Technology,3422,821,West
7725,7726,Corporate,Furniture,2794,225,North
7726,7727,Corporate,Furniture,3618,500,North
7727,7728,Home Office,Furniture,584,426,West
7728,7729,Corporate,Technology,4287,768,North
7729,7730,Home Office,Office Supplies,1287,542,West
7730,7731,Home Office,Technology,3827,460,West
7731,7732,Home Office,Office Supplies,4096,845,South
7732,7733,Home Office,Technology,3092,764,South
7733,7734,Home Office,Office Supplies,1809,809,South
7734,7735,Consumer,Technology,2089,289,West
7735,7736,Corporate,Technology,4373,253,South
7736,7737,Consumer,Office Supplies,4445,684,East
7737,7738,Home Office,Office Supplies,4960,155,East
7738,7739,Corporate,Office Supplies,3738,76,South
7739,7740,Consumer,Office Supplies,2814,112,West
7740,7741,Consumer,Office Supplies,4286,319,East
7741,7742,Home Office,Office Supplies,438,931,South
7742,7743,Consumer,Office Supplies,1761,965,East
7743,7744,Consumer,Office Supplies,4364,646,East
7744,7745,Consumer,Technology,3794,126,East
7745,7746,Consumer,Office Supplies,4975,481,North
7746,7747,Consumer,Office Supplies,269,772,East
7747,7748,Home Office,Technology,4333,330,South
7748,7749,Home Office,Technology,3199,444,East
7749,7750,Consumer,Furniture,4714,379,South
7750,7751,Home Office,Furniture,3112,747,East
7751,7752,Home Office,Office Supplies,2710,709,East
7752,7753,Corporate,Office Supplies,2573,196,North
7753,7754,Consumer,Furniture,3861,597,East
7754,7755,Home Office,Furniture,2788,794,South
7755,7756,Home Office,Office Supplies,4904,478,North
7756,7757,Consumer,Furniture,1390,670,North
7757,7758,Corporate,Office Supplies,2135,716,East
7758,7759,Consumer,Technology,206,885,East
7759,7760,Corporate,Technology,2707,805,West
7760,7761,Consumer,Furniture,2285,482,East
7761,7762,Consumer,Technology,1788,565,West
7762,7763,Consumer,Technology,105,463,South
7763,7764,Consumer,Technology,622,455,East
7764,7765,Corporate,Technology,3443,691,East
7765,7766,Corporate,Office Supplies,3995,103,West
7766,7767,Home Office,Office Supplies,165,745,West
7767,7768,Consumer,Furniture,3510,799,North
7768,7769,Corporate,Technology,3081,47,North
7769,7770,Corporate,Technology,4693,791,East
7770,7771,Corporate,Technology,2915,491,South
7771,7772,Consumer,Furniture,2117,756,North
7772,7773,Home Office,Office Supplies,1842,120,North
7773,7774,Corporate,Technology,3609,899,North
7774,7775,Consumer,Office Supplies,4181,419,West
7775,7776,Corporate,Furniture,3634,177,East
7776,7777,Corporate,Office Supplies,2882,575,West
7777,7778,Home Office,Technology,462,406,South
7778,7779,Corporate,Office Supplies,3381,136,West
7779,7780,Corporate,Office Supplies,1734,999,East
7780,7781,Consumer,Furniture,624,796,West
7781,7782,Consumer,Furniture,1822,51,South
7782,7783,Home Office,Furniture,519,50,East
7783,7784,Consumer,Furniture,4328,571,East
7784,7785,Consumer,Office Supplies,3964,496,East
7785,7786,Home Office,Office Supplies,1167,908,East
7786,7787,Corporate,Furniture,1500,680,South
7787,7788,Home Office,Furniture,1519,853,East
7788,7789,Consumer,Technology,3233,408,South
7789,7790,Home Office,Technology,3736,191,South
7790,7791,Corporate,Furniture,4102,190,West
7791,7792,Home Office,Office Supplies,729,950,West
7792,7793,Consumer,Furniture,4516,687,East
7793,7794,Consumer,Office Supplies,1934,753,North
7794,7795,Home Office,Office Supplies,4231,727,North
7795,7796,Corporate,Technology,2453,876,East
7796,7797,Home Office,Furniture,3155,473,South
7797,7798,Corporate,Furniture,3040,59,West
7798,7799,Corporate,Office Supplies,111,417,East
7799,7800,Home Office,Furniture,2230,410,East
7800,7801,Corporate,Technology,3203,155,South
7801,7802,Consumer,Technology,1531,307,West
7802,7803,Home Office,Furniture,3257,154,North
7803,7804,Corporate,Furniture,1534,25,North
7804,7805,Consumer,Technology,1056,94,East
7805,7806,Home Office,Furniture,3958,225,East
7806,7807,Consumer,Office Supplies,4908,491,East
7807,7808,Consumer,Furniture,3734,61,East
7808,7809,Consumer,Office Supplies,4003,557,East
7809,7810,Corporate,Furniture,340,116,North
7810,7811,Home Office,Furniture,2055,228,East
7811,7812,Home Office,Technology,2112,944,West
7812,7813,Corporate,Office Supplies,4165,346,South
7813,7814,Home Office,Technology,2903,930,North
7814,7815,Consumer,Furniture,4003,380,South
7815,7816,Home Office,Technology,1124,819,South
7816,7817,Corporate,Furniture,700,263,East
7817,7818,Consumer,Furniture,2429,414,South
7818,7819,Corporate,Furniture,2798,589,West
7819,7820,Consumer,Office Supplies,4794,994,East
7820,7821,Consumer,Office Supplies,3126,708,North
7821,7822,Home Office,Office Supplies,1242,645,West
7822,7823,Consumer,Technology,1111,39,North
7823,7824,Corporate,Furniture,1203,194,East
7824,7825,Home Office,Technology,1746,298,East
7825,7826,Corporate,Technology,1800,368,North
7826,7827,Consumer,Furniture,318,483,South
7827,7828,Corporate,Technology,3688,994,North
7828,7829,Corporate,Furniture,826,574,West
7829,7830,Consumer,Furniture,4713,409,South
7830,7831,Home Office,Furniture,911,698,East
7831,7832,Corporate,Furniture,4809,993,West
7832,7833,Consumer,Technology,4621,142,West
7833,7834,Home Office,Technology,1683,511,East
7834,7835,Home Office,Technology,4137,512,South
7835,7836,Home Office,Office Supplies,982,883,East
7836,7837,Corporate,Technology,531,86,West
7837,7838,Corporate,Technology,4134,359,West
7838,7839,Corporate,Office Supplies,1047,69,West
7839,7840,Home Office,Furniture,4007,464,East
7840,7841,Corporate,Furniture,1767,888,North
7841,7842,Consumer,Furniture,3082,474,West
7842,7843,Corporate,Office Supplies,2639,320,West
7843,7844,Corporate,Technology,2213,100,South
7844,7845,Home Office,Technology,490,940,North
7845,7846,Corporate,Technology,182,974,South
7846,7847,Consumer,Technology,1102,307,West
7847,7848,Home Office,Office Supplies,580,334,North
7848,7849,Consumer,Technology,876,289,South
7849,7850,Home Office,Furniture,4189,720,East
7850,7851,Home Office,Office Supplies,1854,976,South
7851,7852,Corporate,Office Supplies,1348,127,North
7852,7853,Consumer,Furniture,1236,704,South
7853,7854,Home Office,Furniture,2799,919,North
7854,7855,Corporate,Technology,3356,576,North
7855,7856,Home Office,Furniture,1635,280,South
7856,7857,Home Office,Office Supplies,3344,526,South
7857,7858,Home Office,Office Supplies,622,110,East
7858,7859,Home Office,Office Supplies,1794,397,South
7859,7860,Home Office,Technology,2352,295,North
7860,7861,Home Office,Technology,4937,989,West
7861,7862,Corporate,Furniture,3709,62,South
7862,7863,Home Office,Technology,377,739,South
7863,7864,Consumer,Technology,247,850,North
7864,7865,Corporate,Office Supplies,4973,807,West
7865,7866,Consumer,Office Supplies,4614,249,East
7866,7867,Home Office,Furniture,2685,223,West
7867,7868,Consumer,Office Supplies,3754,625,North
7868,7869,Home Office,Technology,3720,370,North
7869,7870,Home Office,Furniture,2539,373,North
7870,7871,Corporate,Furniture,1039,743,North
7871,7872,Corporate,Office Supplies,3809,861,West
7872,7873,Home Office,Office Supplies,4437,869,West
7873,7874,Corporate,Office Supplies,1323,710,West
7874,7875,Consumer,Furniture,3463,336,South
7875,7876,Corporate,Office Supplies,3123,845,North
7876,7877,Corporate,Technology,1917,485,South
7877,7878,Consumer,Furniture,3472,832,South
7878,7879,Corporate,Office Supplies,783,620,South
7879,7880,Home Office,Technology,1332,106,East
7880,7881,Consumer,Technology,3485,336,South
7881,7882,Home Office,Office Supplies,716,82,North
7882,7883,Consumer,Technology,2173,265,South
7883,7884,Home Office,Furniture,3010,752,North
7884,7885,Home Office,Furniture,2117,179,East
7885,7886,Corporate,Technology,4323,342,West
7886,7887,Home Office,Furniture,4608,166,North
7887,7888,Corporate,Office Supplies,2284,428,South
7888,7889,Consumer,Technology,1457,950,North
7889,7890,Home Office,Furniture,4766,467,South
7890,7891,Home Office,Office Supplies,3163,743,West
7891,7892,Consumer,Office Supplies,2568,885,North
7892,7893,Consumer,Furniture,4020,867,South
7893,7894,Home Office,Technology,4336,108,North
7894,7895,Consumer,Office Supplies,2039,741,West
7895,7896,Corporate,Office Supplies,3956,934,West
7896,7897,Consumer,Office Supplies,150,253,West
7897,7898,Consumer,Office Supplies,3076,975,North
7898,7899,Home Office,Technology,1460,780,North
7899,7900,Corporate,Furniture,3836,486,South
7900,7901,Consumer,Furniture,3902,450,West
7901,7902,Corporate,Furniture,3902,203,South
7902,7903,Corporate,Office Supplies,465,384,North
7903,7904,Corporate,Technology,3055,671,East
7904,7905,Home Office,Furniture,3145,376,West
7905,7906,Consumer,Technology,2103,164,South
7906,7907,Home Office,Furniture,3001,508,West
7907,7908,Consumer,Office Supplies,357,543,South
7908,7909,Consumer,Furniture,3559,467,South
7909,7910,Home Office,Office Supplies,144,637,East
7910,7911,Corporate,Office Supplies,368,122,North
7911,7912,Corporate,Furniture,1434,954,West
7912,7913,Consumer,Technology,771,732,North
7913,7914,Home Office,Office Supplies,3738,33,South
7914,7915,Corporate,Technology,334,292,North
7915,7916,Corporate,Furniture,3307,301,East
7916,7917,Consumer,Office Supplies,2500,372,North
7917,7918,Consumer,Technology,1517,410,South
7918,7919,Home Office,Office Supplies,4470,577,South
7919,7920,Consumer,Furniture,3354,275,East
7920,7921,Corporate,Office Supplies,539,63,West
7921,7922,Corporate,Furniture,750,858,East
7922,7923,Corporate,Technology,133,629,West
7923,7924,Corporate,Office Supplies,2852,723,South
7924,7925,Home Office,Technology,3132,723,North
7925,7926,Home Office,Furniture,1210,431,South
7926,7927,Consumer,Furniture,3381,858,East
7927,7928,Consumer,Technology,561,904,East
7928,7929,Consumer,Technology,421,483,North
7929,7930,Home Office,Furniture,4610,739,East
7930,7931,Corporate,Technology,1974,252,South
7931,7932,Consumer,Furniture,3139,363,North
7932,7933,Corporate,Technology,2337,397,West
7933,7934,Consumer,Furniture,4121,187,East
7934,7935,Consumer,Furniture,1356,484,West
7935,7936,Consumer,Office Supplies,2539,582,North
7936,7937,Consumer,Furniture,4109,414,East
7937,7938,Consumer,Furniture,3340,45,North
7938,7939,Corporate,Office Supplies,4363,367,East
7939,7940,Consumer,Office Supplies,3402,567,East
7940,7941,Corporate,Technology,2811,616,East
7941,7942,Home Office,Technology,1509,336,North
7942,7943,Consumer,Furniture,2528,53,North
7943,7944,Corporate,Technology,1932,329,South
7944,7945,Home Office,Technology,2124,747,South
7945,7946,Home Office,Furniture,3446,667,North
7946,7947,Home Office,Office Supplies,4031,481,North
7947,7948,Corporate,Office Supplies,3011,278,East
7948,7949,Consumer,Furniture,4345,534,South
7949,7950,Consumer,Furniture,3313,34,South
7950,7951,Corporate,Furniture,2263,782,North
7951,7952,Consumer,Furniture,1552,649,South
7952,7953,Corporate,Furniture,2853,560,North
7953,7954,Consumer,Furniture,3001,166,South
7954,7955,Home Office,Technology,3171,885,West
7955,7956,Consumer,Technology,4146,194,West
7956,7957,Corporate,Technology,405,183,South
7957,7958,Corporate,Office Supplies,1484,938,North
7958,7959,Home Office,Furniture,3467,993,West
7959,7960,Corporate,Furniture,1674,403,East
7960,7961,Consumer,Technology,972,195,North
7961,7962,Consumer,Office Supplies,268,290,West
7962,7963,Home Office,Technology,1703,595,East
7963,7964,Corporate,Furniture,1130,304,West
7964,7965,Home Office,Furniture,1834,537,West
7965,7966,Consumer,Technology,4542,197,East
7966,7967,Home Office,Technology,3767,421,East
7967,7968,Corporate,Furniture,4930,981,South
7968,7969,Home Office,Technology,1376,693,West
7969,7970,Corporate,Furniture,642,195,East
7970,7971,Corporate,Technology,454,553,South
7971,7972,Consumer,Office Supplies,4908,584,East
7972,7973,Consumer,Furniture,4136,870,South
7973,7974,Consumer,Office Supplies,3539,310,South
7974,7975,Corporate,Technology,683,318,East
7975,7976,Home Office,Office Supplies,610,198,East
7976,7977,Corporate,Technology,1046,827,West
7977,7978,Consumer,Office Supplies,3573,420,West
7978,7979,Consumer,Office Supplies,1298,547,South
7979,7980,Home Office,Office Supplies,2971,396,East
7980,7981,Consumer,Furniture,4095,867,West
7981,7982,Consumer,Office Supplies,4021,560,South
7982,7983,Consumer,Technology,4273,202,West
7983,7984,Home Office,Technology,4635,172,South
7984,7985,Corporate,Furniture,3403,62,West
7985,7986,Consumer,Furniture,2547,484,East
7986,7987,Home Office,Technology,3384,183,North
7987,7988,Consumer,Office Supplies,1316,205,North
7988,7989,Home Office,Technology,1390,220,South
7989,7990,Consumer,Furniture,4321,799,North
7990,7991,Home Office,Furniture,601,709,North
7991,7992,Consumer,Technology,2971,399,South
7992,7993,Corporate,Office Supplies,486,317,North
7993,7994,Consumer,Office Supplies,511,466,West
7994,7995,Home Office,Furniture,2106,340,West
7995,7996,Consumer,Technology,2247,735,West
7996,7997,Corporate,Technology,3968,504,East
7997,7998,Consumer,Furniture,1438,338,West
7998,7999,Home Office,Technology,452,38,North
7999,8000,Home Office,Furniture,3288,692,North
8000,8001,Corporate,Office Supplies,1402,131,West
8001,8002,Home Office,Office Supplies,946,467,East
8002,8003,Consumer,Technology,625,427,West
8003,8004,Consumer,Office Supplies,2624,168,East
8004,8005,Consumer,Office Supplies,1978,607,East
8005,8006,Home Office,Furniture,4205,823,West
8006,8007,Consumer,Furniture,3730,525,East
8007,8008,Consumer,Technology,3909,11,North
8008,8009,Consumer,Furniture,2919,654,West
8009,8010,Corporate,Technology,3007,311,North
8010,8011,Home Office,Technology,3177,88,East
8011,8012,Home Office,Furniture,3930,668,South
8012,8013,Home Office,Office Supplies,1158,687,West
8013,8014,Corporate,Office Supplies,2589,324,South
8014,8015,Home Office,Office Supplies,3748,984,South
8015,8016,Corporate,Office Supplies,3364,759,South
8016,8017,Corporate,Technology,3701,337,South
8017,8018,Home Office,Office Supplies,2393,285,North
8018,8019,Consumer,Technology,774,725,West
8019,8020,Consumer,Furniture,1978,461,North
8020,8021,Home Office,Furniture,1111,574,East
8021,8022,Home Office,Technology,893,495,West
8022,8023,Corporate,Office Supplies,332,116,West
8023,8024,Home Office,Technology,3127,576,North
8024,8025,Corporate,Office Supplies,3709,255,East
8025,8026,Home Office,Office Supplies,2273,944,South
8026,8027,Consumer,Technology,3484,898,East
8027,8028,Consumer,Technology,4706,173,North
8028,8029,Home Office,Office Supplies,2428,963,North
8029,8030,Corporate,Technology,897,536,North
8030,8031,Consumer,Office Supplies,3784,10,South
8031,8032,Corporate,Technology,4587,872,West
8032,8033,Home Office,Furniture,4577,146,East
8033,8034,Home Office,Office Supplies,2689,160,East
8034,8035,Consumer,Furniture,4801,189,South
8035,8036,Home Office,Technology,4311,931,North
8036,8037,Consumer,Furniture,608,753,East
8037,8038,Corporate,Technology,1563,496,West
8038,8039,Consumer,Office Supplies,3462,709,East
8039,8040,Consumer,Technology,3210,27,North
8040,8041,Corporate,Technology,1147,234,East
8041,8042,Consumer,Office Supplies,4971,114,North
8042,8043,Consumer,Technology,4535,727,West
8043,8044,Home Office,Office Supplies,268,707,South
8044,8045,Corporate,Technology,1661,74,North
8045,8046,Consumer,Office Supplies,3272,342,North
8046,8047,Corporate,Furniture,674,381,East
8047,8048,Corporate,Technology,1842,216,South
8048,8049,Consumer,Technology,4670,238,North
8049,8050,Home Office,Technology,4116,590,East
8050,8051,Corporate,Office Supplies,2458,151,West
8051,8052,Consumer,Technology,4124,727,South
8052,8053,Corporate,Office Supplies,630,695,East
8053,8054,Home Office,Technology,1090,718,South
8054,8055,Home Office,Furniture,2220,340,North
8055,8056,Home Office,Technology,2541,937,East
8056,8057,Consumer,Furniture,2628,828,West
8057,8058,Consumer,Office Supplies,2620,718,West
8058,8059,Home Office,Furniture,4508,749,East
8059,8060,Consumer,Technology,1561,280,East
8060,8061,Home Office,Technology,1051,958,South
8061,8062,Consumer,Office Supplies,1064,720,East
8062,8063,Home Office,Technology,2234,334,South
8063,8064,Corporate,Technology,4554,999,North
8064,8065,Home Office,Office Supplies,794,536,East
8065,8066,Home Office,Office Supplies,2344,807,North
8066,8067,Consumer,Furniture,2903,855,West
8067,8068,Consumer,Office Supplies,4011,929,South
8068,8069,Consumer,Technology,3124,737,South
8069,8070,Consumer,Office Supplies,1508,556,West
8070,8071,Consumer,Technology,4693,78,North
8071,8072,Consumer,Furniture,3078,917,South
8072,8073,Corporate,Office Supplies,561,221,West
8073,8074,Home Office,Technology,1717,567,West
8074,8075,Home Office,Office Supplies,516,391,West
8075,8076,Home Office,Office Supplies,1488,974,East
8076,8077,Corporate,Office Supplies,4467,769,North
8077,8078,Home Office,Office Supplies,4587,429,West
8078,8079,Corporate,Furniture,2694,606,North
8079,8080,Corporate,Technology,4920,57,South
8080,8081,Corporate,Office Supplies,1846,240,East
8081,8082,Home Office,Technology,3601,588,West
8082,8083,Corporate,Furniture,2959,486,West
8083,8084,Home Office,Technology,4078,959,West
8084,8085,Home Office,Technology,4590,98,South
8085,8086,Consumer,Furniture,4857,740,East
8086,8087,Consumer,Office Supplies,952,941,North
8087,8088,Corporate,Technology,3390,61,North
8088,8089,Corporate,Technology,1811,543,North
8089,8090,Home Office,Office Supplies,2625,431,North
8090,8091,Corporate,Office Supplies,3746,620,North
8091,8092,Corporate,Technology,2130,455,North
8092,8093,Home Office,Furniture,336,970,North
8093,8094,Corporate,Office Supplies,1156,140,East
8094,8095,Corporate,Office Supplies,2360,609,East
8095,8096,Home Office,Furniture,2526,657,South
8096,8097,Home Office,Technology,1125,383,West
8097,8098,Consumer,Office Supplies,1008,560,East
8098,8099,Home Office,Technology,549,539,West
8099,8100,Consumer,Technology,668,114,South
8100,8101,Corporate,Technology,3598,396,East
8101,8102,Home Office,Furniture,2960,667,South
8102,8103,Home Office,Technology,2426,345,East
8103,8104,Home Office,Technology,4409,745,East
8104,8105,Corporate,Office Supplies,1408,126,North
8105,8106,Consumer,Office Supplies,817,10,West
8106,8107,Corporate,Furniture,1069,638,South
8107,8108,Corporate,Furniture,3445,905,North
8108,8109,Home Office,Office Supplies,2585,547,East
8109,8110,Consumer,Office Supplies,3755,445,East
8110,8111,Corporate,Furniture,2818,505,South
8111,8112,Home Office,Technology,1003,21,West
8112,8113,Corporate,Furniture,1550,303,South
8113,8114,Corporate,Technology,1555,517,East
8114,8115,Home Office,Office Supplies,4330,862,North
8115,8116,Home Office,Office Supplies,631,690,South
8116,8117,Consumer,Office Supplies,2367,574,North
8117,8118,Corporate,Technology,432,790,West
8118,8119,Home Office,Furniture,1421,769,West
8119,8120,Home Office,Technology,4152,137,North
8120,8121,Consumer,Furniture,1808,85,West
8121,8122,Consumer,Furniture,3626,278,North
8122,8123,Home Office,Furniture,500,155,North
8123,8124,Consumer,Office Supplies,3730,924,North
8124,8125,Home Office,Furniture,3137,412,West
8125,8126,Corporate,Office Supplies,4091,508,North
8126,8127,Consumer,Furniture,1578,975,West
8127,8128,Corporate,Furniture,2014,569,North
8128,8129,Corporate,Office Supplies,1157,208,North
8129,8130,Corporate,Office Supplies,3093,592,West
8130,8131,Home Office,Technology,141,933,North
8131,8132,Corporate,Furniture,4996,512,North
8132,8133,Corporate,Office Supplies,2270,613,West
8133,8134,Corporate,Technology,126,412,East
8134,8135,Home Office,Technology,3633,985,South
8135,8136,Corporate,Office Supplies,2718,218,West
8136,8137,Corporate,Furniture,1270,351,North
8137,8138,Consumer,Technology,3798,860,South
8138,8139,Home Office,Furniture,810,57,South
8139,8140,Corporate,Furniture,3299,550,North
8140,8141,Consumer,Technology,2523,185,North
8141,8142,Home Office,Office Supplies,2118,520,East
8142,8143,Home Office,Furniture,4860,28,North
8143,8144,Home Office,Office Supplies,4978,504,South
8144,8145,Home Office,Technology,2998,364,North
8145,8146,Home Office,Furniture,2147,568,South
8146,8147,Home Office,Office Supplies,1658,354,West
8147,8148,Corporate,Office Supplies,3694,69,West
8148,8149,Corporate,Furniture,1822,697,South
8149,8150,Corporate,Office Supplies,4152,776,West
8150,8151,Corporate,Office Supplies,1751,925,East
8151,8152,Consumer,Technology,1878,238,South
8152,8153,Corporate,Technology,783,156,South
8153,8154,Home Office,Office Supplies,1379,307,North
8154,8155,Corporate,Office Supplies,2394,342,East
8155,8156,Corporate,Furniture,2110,760,North
8156,8157,Home Office,Technology,1315,341,East
8157,8158,Corporate,Furniture,2682,442,East
8158,8159,Corporate,Office Supplies,1993,408,East
8159,8160,Corporate,Furniture,413,709,South
8160,8161,Consumer,Office Supplies,4094,845,West
8161,8162,Corporate,Technology,543,344,West
8162,8163,Home Office,Technology,1771,218,North
8163,8164,Home Office,Office Supplies,3016,420,North
8164,8165,Corporate,Technology,3366,596,West
8165,8166,Corporate,Office Supplies,4777,704,West
8166,8167,Corporate,Furniture,4743,608,East
8167,8168,Home Office,Office Supplies,3195,280,North
8168,8169,Home Office,Furniture,4660,189,North
8169,8170,Consumer,Office Supplies,1964,424,North
8170,8171,Consumer,Technology,815,766,North
8171,8172,Consumer,Office Supplies,991,355,West
8172,8173,Home Office,Office Supplies,3907,528,West
8173,8174,Consumer,Office Supplies,600,790,South
8174,8175,Corporate,Technology,2882,447,South
8175,8176,Corporate,Office Supplies,2740,22,West
8176,8177,Home Office,Technology,4602,413,East
8177,8178,Consumer,Office Supplies,1453,747,West
8178,8179,Corporate,Furniture,802,787,East
8179,8180,Home Office,Office Supplies,2433,763,North
8180,8181,Consumer,Furniture,2294,389,South
8181,8182,Corporate,Technology,2109,701,East
8182,8183,Consumer,Technology,483,430,North
8183,8184,Home Office,Office Supplies,2158,189,West
8184,8185,Consumer,Technology,2423,647,South
8185,8186,Home Office,Office Supplies,985,292,West
8186,8187,Consumer,Technology,1691,427,North
8187,8188,Corporate,Furniture,4498,365,North
8188,8189,Home Office,Technology,2351,711,West
8189,8190,Home Office,Furniture,4540,25,North
8190,8191,Home Office,Office Supplies,1883,324,North
8191,8192,Consumer,Office Supplies,4217,542,East
8192,8193,Consumer,Office Supplies,2683,25,West
8193,8194,Corporate,Furniture,1829,474,West
8194,8195,Home Office,Office Supplies,362,472,South
8195,8196,Home Office,Office Supplies,2731,790,East
8196,8197,Consumer,Furniture,3926,554,East
8197,8198,Consumer,Technology,2530,703,North
8198,8199,Corporate,Office Supplies,491,78,South
8199,8200,Corporate,Technology,3036,420,South
8200,8201,Consumer,Technology,3772,61,East
8201,8202,Home Office,Office Supplies,639,74,South
8202,8203,Corporate,Office Supplies,1215,821,East
8203,8204,Consumer,Furniture,983,935,South
8204,8205,Consumer,Furniture,4423,928,East
8205,8206,Home Office,Office Supplies,2519,856,East
8206,8207,Consumer,Technology,1499,749,North
8207,8208,Consumer,Furniture,1676,476,North
8208,8209,Corporate,Furniture,2184,743,South
8209,8210,Consumer,Office Supplies,4886,281,North
8210,8211,Consumer,Office Supplies,1635,448,West
8211,8212,Corporate,Office Supplies,4853,539,West
8212,8213,Home Office,Office Supplies,189,739,South
8213,8214,Home Office,Furniture,4290,282,East
8214,8215,Corporate,Furniture,1754,468,North
8215,8216,Corporate,Furniture,2001,829,South
8216,8217,Home Office,Technology,2779,182,West
8217,8218,Home Office,Furniture,2270,577,East
8218,8219,Home Office,Furniture,465,870,North
8219,8220,Home Office,Office Supplies,4060,959,East
8220,8221,Home Office,Furniture,2472,530,East
8221,8222,Corporate,Furniture,618,506,North
8222,8223,Consumer,Furniture,3810,922,North
8223,8224,Home Office,Office Supplies,929,804,West
8224,8225,Home Office,Furniture,2733,814,West
8225,8226,Consumer,Furniture,370,543,East
8226,8227,Consumer,Technology,3086,81,East
8227,8228,Consumer,Technology,3638,972,West
8228,8229,Consumer,Technology,4664,943,West
8229,8230,Consumer,Technology,4914,876,East
8230,8231,Consumer,Office Supplies,1107,849,South
8231,8232,Corporate,Technology,2417,181,South
8232,8233,Consumer,Furniture,704,644,South
8233,8234,Consumer,Technology,4573,612,North
8234,8235,Corporate,Office Supplies,276,745,West
8235,8236,Consumer,Technology,2421,301,South
8236,8237,Home Office,Technology,1814,875,South
8237,8238,Home Office,Office Supplies,736,261,West
8238,8239,Consumer,Office Supplies,2723,418,North
8239,8240,Corporate,Office Supplies,4255,819,South
8240,8241,Home Office,Office Supplies,2878,376,North
8241,8242,Corporate,Office Supplies,3852,265,North
8242,8243,Home Office,Office Supplies,760,534,East
8243,8244,Consumer,Furniture,4465,449,West
8244,8245,Corporate,Technology,3287,344,East
8245,8246,Corporate,Technology,4440,639,South
8246,8247,Corporate,Office Supplies,4855,444,East
8247,8248,Home Office,Office Supplies,184,699,West
8248,8249,Home Office,Furniture,3770,470,North
8249,8250,Home Office,Furniture,1006,317,North
8250,8251,Consumer,Office Supplies,3621,682,South
8251,8252,Home Office,Furniture,1975,104,West
8252,8253,Consumer,Furniture,4058,418,North
8253,8254,Corporate,Office Supplies,2236,889,South
8254,8255,Corporate,Office Supplies,2696,835,West
8255,8256,Consumer,Office Supplies,953,177,West
8256,8257,Home Office,Office Supplies,606,96,East
8257,8258,Consumer,Technology,507,943,North
8258,8259,Corporate,Technology,623,12,West
8259,8260,Corporate,Office Supplies,3150,381,North
8260,8261,Consumer,Furniture,2497,537,North
8261,8262,Home Office,Office Supplies,2999,651,West
8262,8263,Home Office,Technology,427,32,North
8263,8264,Consumer,Furniture,1935,107,East
8264,8265,Consumer,Technology,1409,679,South
8265,8266,Home Office,Office Supplies,4818,760,South
8266,8267,Corporate,Technology,2635,531,West
8267,8268,Consumer,Technology,2141,330,East
8268,8269,Home Office,Technology,2634,543,South
8269,8270,Home Office,Furniture,2292,829,East
8270,8271,Corporate,Technology,855,376,West
8271,8272,Corporate,Furniture,245,193,East
8272,8273,Corporate,Office Supplies,3922,426,West
8273,8274,Corporate,Office Supplies,3674,738,South
8274,8275,Corporate,Technology,1727,223,South
8275,8276,Consumer,Furniture,1958,857,South
8276,8277,Home Office,Office Supplies,4822,679,South
8277,8278,Consumer,Furniture,3698,219,North
8278,8279,Consumer,Furniture,729,929,East
8279,8280,Consumer,Technology,3266,142,East
8280,8281,Consumer,Technology,3618,62,East
8281,8282,Consumer,Furniture,4452,750,West
8282,8283,Corporate,Furniture,4014,704,South
8283,8284,Corporate,Technology,1004,32,South
8284,8285,Home Office,Furniture,2717,115,North
8285,8286,Consumer,Technology,2889,612,North
8286,8287,Home Office,Furniture,207,640,South
8287,8288,Corporate,Technology,1142,469,East
8288,8289,Corporate,Furniture,1488,659,East
8289,8290,Corporate,Technology,1776,491,South
8290,8291,Consumer,Furniture,4355,129,West
8291,8292,Consumer,Office Supplies,4295,682,East
8292,8293,Corporate,Office Supplies,364,217,South
8293,8294,Home Office,Furniture,3921,870,South
8294,8295,Home Office,Office Supplies,2897,327,North
8295,8296,Corporate,Furniture,3220,347,North
8296,8297,Home Office,Furniture,776,164,South
8297,8298,Corporate,Office Supplies,4994,784,West
8298,8299,Home Office,Furniture,3586,877,South
8299,8300,Corporate,Technology,2806,164,East
8300,8301,Home Office,Furniture,4069,851,West
8301,8302,Consumer,Furniture,707,403,West
8302,8303,Corporate,Office Supplies,3525,514,North
8303,8304,Corporate,Technology,2494,980,South
8304,8305,Home Office,Furniture,2959,322,North
8305,8306,Corporate,Furniture,4996,807,East
8306,8307,Corporate,Furniture,1260,268,North
8307,8308,Corporate,Furniture,1947,166,East
8308,8309,Consumer,Furniture,4157,23,South
8309,8310,Consumer,Furniture,1591,86,South
8310,8311,Home Office,Technology,2121,348,North
8311,8312,Consumer,Technology,4698,418,North
8312,8313,Home Office,Furniture,3115,403,North
8313,8314,Consumer,Furniture,4666,856,East
8314,8315,Home Office,Office Supplies,2837,229,West
8315,8316,Consumer,Technology,2148,753,West
8316,8317,Consumer,Technology,4305,442,North
8317,8318,Home Office,Furniture,4054,815,North
8318,8319,Corporate,Technology,993,464,South
8319,8320,Corporate,Technology,1187,663,North
8320,8321,Consumer,Office Supplies,4951,772,South
8321,8322,Home Office,Office Supplies,4248,935,East
8322,8323,Corporate,Technology,2409,817,East
8323,8324,Home Office,Technology,3700,149,East
8324,8325,Corporate,Technology,3033,997,East
8325,8326,Home Office,Furniture,2381,507,North
8326,8327,Consumer,Office Supplies,172,663,North
8327,8328,Home Office,Furniture,1480,650,South
8328,8329,Corporate,Office Supplies,583,845,North
8329,8330,Consumer,Office Supplies,1129,826,South
8330,8331,Home Office,Office Supplies,3881,539,East
8331,8332,Corporate,Technology,3879,764,South
8332,8333,Consumer,Office Supplies,1931,685,South
8333,8334,Home Office,Furniture,2120,841,North
8334,8335,Corporate,Office Supplies,878,105,East
8335,8336,Home Office,Furniture,3575,37,West
8336,8337,Home Office,Office Supplies,4823,997,North
8337,8338,Consumer,Office Supplies,3377,239,North
8338,8339,Consumer,Technology,509,425,West
8339,8340,Corporate,Furniture,1159,465,East
8340,8341,Consumer,Office Supplies,2409,34,West
8341,8342,Corporate,Office Supplies,1700,696,South
8342,8343,Home Office,Furniture,4643,413,West
8343,8344,Home Office,Office Supplies,2333,682,East
8344,8345,Corporate,Technology,1752,551,East
8345,8346,Home Office,Furniture,1397,174,West
8346,8347,Consumer,Technology,451,217,North
8347,8348,Home Office,Furniture,3322,958,West
8348,8349,Consumer,Furniture,2531,994,South
8349,8350,Corporate,Furniture,564,623,West
8350,8351,Corporate,Office Supplies,2613,382,West
8351,8352,Home Office,Furniture,3266,627,West
8352,8353,Home Office,Furniture,2309,851,South
8353,8354,Consumer,Furniture,655,78,West
8354,8355,Consumer,Technology,399,529,North
8355,8356,Home Office,Furniture,3966,644,South
8356,8357,Home Office,Office Supplies,455,362,North
8357,8358,Corporate,Furniture,663,110,South
8358,8359,Corporate,Furniture,4109,10,East
8359,8360,Corporate,Technology,4988,360,East
8360,8361,Home Office,Office Supplies,1122,16,South
8361,8362,Home Office,Office Supplies,1290,327,South
8362,8363,Home Office,Office Supplies,3310,632,South
8363,8364,Corporate,Furniture,2004,864,East
8364,8365,Home Office,Furniture,2136,518,South
8365,8366,Consumer,Office Supplies,1126,195,East
8366,8367,Home Office,Office Supplies,355,737,East
8367,8368,Home Office,Technology,2518,471,South
8368,8369,Home Office,Office Supplies,2663,352,South
8369,8370,Home Office,Furniture,3051,644,South
8370,8371,Home Office,Furniture,369,722,East
8371,8372,Consumer,Furniture,1027,17,West
8372,8373,Consumer,Technology,163,585,South
8373,8374,Home Office,Office Supplies,4655,145,West
8374,8375,Corporate,Furniture,1142,908,West
8375,8376,Home Office,Technology,4288,392,West
8376,8377,Home Office,Technology,4968,195,North
8377,8378,Home Office,Furniture,909,648,West
8378,8379,Corporate,Technology,2141,937,West
8379,8380,Corporate,Technology,3188,381,East
8380,8381,Corporate,Furniture,1746,973,North
8381,8382,Consumer,Technology,587,570,East
8382,8383,Corporate,Furniture,3181,175,East
8383,8384,Consumer,Furniture,1847,907,West
8384,8385,Consumer,Technology,848,648,East
8385,8386,Corporate,Furniture,3937,914,South
8386,8387,Corporate,Furniture,627,823,West
8387,8388,Corporate,Office Supplies,1267,330,South
8388,8389,Consumer,Furniture,4749,698,West
8389,8390,Home Office,Office Supplies,4710,724,West
8390,8391,Corporate,Office Supplies,3641,166,West
8391,8392,Corporate,Office Supplies,4572,867,North
8392,8393,Corporate,Office Supplies,3839,740,West
8393,8394,Consumer,Technology,583,294,South
8394,8395,Consumer,Technology,551,810,West
8395,8396,Home Office,Furniture,4169,37,West
8396,8397,Corporate,Furniture,4497,360,East
8397,8398,Consumer,Furniture,3233,92,West
8398,8399,Home Office,Technology,1873,633,West
8399,8400,Corporate,Office Supplies,1098,675,West
8400,8401,Consumer,Technology,2165,379,West
8401,8402,Corporate,Technology,497,550,West
8402,8403,Corporate,Furniture,1903,404,West
8403,8404,Consumer,Furniture,2251,489,North
8404,8405,Consumer,Furniture,2046,222,South
8405,8406,Consumer,Office Supplies,3817,623,North
8406,8407,Corporate,Office Supplies,3515,939,South
8407,8408,Corporate,Technology,1494,369,North
8408,8409,Home Office,Office Supplies,4228,223,West
8409,8410,Corporate,Furniture,2521,313,North
8410,8411,Consumer,Office Supplies,4019,164,South
8411,8412,Corporate,Office Supplies,3183,389,East
8412,8413,Home Office,Office Supplies,2888,209,East
8413,8414,Home Office,Office Supplies,1944,689,West
8414,8415,Consumer,Furniture,1904,247,West
8415,8416,Consumer,Furniture,989,680,South
8416,8417,Home Office,Technology,2603,714,East
8417,8418,Home Office,Technology,1993,176,West
8418,8419,Home Office,Technology,1766,235,North
8419,8420,Consumer,Office Supplies,4444,888,North
8420,8421,Home Office,Office Supplies,3165,260,East
8421,8422,Home Office,Furniture,3741,289,South
8422,8423,Consumer,Technology,3175,485,West
8423,8424,Corporate,Furniture,1359,507,West
8424,8425,Corporate,Technology,2320,973,West
8425,8426,Home Office,Technology,2518,987,East
8426,8427,Corporate,Technology,2938,742,North
8427,8428,Corporate,Office Supplies,2896,544,South
8428,8429,Corporate,Technology,886,710,East
8429,8430,Corporate,Technology,3467,420,East
8430,8431,Home Office,Office Supplies,2547,793,West
8431,8432,Corporate,Technology,3229,438,North
8432,8433,Corporate,Office Supplies,1998,548,South
8433,8434,Consumer,Office Supplies,4603,978,South
8434,8435,Home Office,Furniture,3684,910,West
8435,8436,Consumer,Office Supplies,4259,452,South
8436,8437,Consumer,Office Supplies,4049,977,North
8437,8438,Home Office,Office Supplies,2567,219,West
8438,8439,Corporate,Technology,2293,556,West
8439,8440,Consumer,Furniture,116,719,North
8440,8441,Home Office,Technology,3122,500,South
8441,8442,Corporate,Office Supplies,1366,480,North
8442,8443,Home Office,Office Supplies,578,695,South
8443,8444,Consumer,Furniture,4396,739,South
8444,8445,Corporate,Furniture,4077,577,South
8445,8446,Corporate,Office Supplies,3644,904,North
8446,8447,Home Office,Office Supplies,4374,673,North
8447,8448,Corporate,Technology,4648,915,East
8448,8449,Consumer,Office Supplies,585,472,North
8449,8450,Consumer,Technology,4188,559,West
8450,8451,Consumer,Furniture,4773,989,West
8451,8452,Home Office,Technology,437,486,West
8452,8453,Corporate,Office Supplies,960,207,West
8453,8454,Corporate,Technology,2103,953,East
8454,8455,Corporate,Technology,1571,530,North
8455,8456,Consumer,Furniture,2142,508,North
8456,8457,Corporate,Technology,3528,520,South
8457,8458,Consumer,Office Supplies,3220,699,North
8458,8459,Corporate,Technology,1619,334,South
8459,8460,Consumer,Technology,801,697,South
8460,8461,Corporate,Technology,4488,944,West
8461,8462,Home Office,Office Supplies,4135,476,East
8462,8463,Home Office,Technology,3844,782,East
8463,8464,Consumer,Office Supplies,1273,605,North
8464,8465,Consumer,Technology,1705,148,South
8465,8466,Corporate,Furniture,1979,251,West
8466,8467,Corporate,Furniture,3493,325,South
8467,8468,Home Office,Furniture,2224,676,West
8468,8469,Corporate,Office Supplies,4742,742,South
8469,8470,Consumer,Office Supplies,1546,144,North
8470,8471,Consumer,Office Supplies,3406,197,North
8471,8472,Consumer,Technology,3501,699,South
8472,8473,Consumer,Office Supplies,3883,588,East
8473,8474,Consumer,Office Supplies,2472,78,West
8474,8475,Home Office,Office Supplies,250,448,East
8475,8476,Home Office,Office Supplies,1759,86,East
8476,8477,Consumer,Furniture,978,409,South
8477,8478,Corporate,Technology,2419,383,West
8478,8479,Consumer,Furniture,2983,21,West
8479,8480,Home Office,Technology,4095,496,North
8480,8481,Consumer,Technology,2515,804,South
8481,8482,Home Office,Furniture,1615,767,South
8482,8483,Home Office,Office Supplies,3487,758,South
8483,8484,Consumer,Furniture,689,773,North
8484,8485,Consumer,Technology,687,426,North
8485,8486,Corporate,Technology,2719,216,West
8486,8487,Home Office,Office Supplies,1295,350,North
8487,8488,Corporate,Furniture,4453,629,South
8488,8489,Consumer,Technology,2426,730,South
8489,8490,Home Office,Furniture,2705,320,East
8490,8491,Corporate,Office Supplies,2638,317,North
8491,8492,Corporate,Office Supplies,665,302,South
8492,8493,Corporate,Technology,1856,634,South
8493,8494,Consumer,Office Supplies,4175,385,West
8494,8495,Consumer,Technology,1460,536,North
8495,8496,Consumer,Technology,2668,349,South
8496,8497,Home Office,Office Supplies,2473,92,West
8497,8498,Consumer,Office Supplies,1295,586,East
8498,8499,Home Office,Furniture,2231,461,East
8499,8500,Corporate,Furniture,2988,12,West
8500,8501,Corporate,Technology,1667,465,North
8501,8502,Consumer,Furniture,3510,882,South
8502,8503,Corporate,Technology,2467,245,North
8503,8504,Consumer,Office Supplies,3443,398,West
8504,8505,Home Office,Office Supplies,3197,402,South
8505,8506,Corporate,Furniture,1360,650,South
8506,8507,Consumer,Technology,1433,768,South
8507,8508,Corporate,Technology,4428,756,North
8508,8509,Corporate,Furniture,4744,39,North
8509,8510,Consumer,Technology,3436,592,West
8510,8511,Corporate,Technology,3184,991,East
8511,8512,Corporate,Office Supplies,3487,157,West
8512,8513,Corporate,Technology,4813,614,South
8513,8514,Corporate,Technology,2531,292,West
8514,8515,Home Office,Technology,1116,738,East
8515,8516,Corporate,Furniture,741,247,West
8516,8517,Corporate,Furniture,4162,748,East
8517,8518,Consumer,Furniture,415,740,East
8518,8519,Home Office,Technology,2403,328,South
8519,8520,Consumer,Technology,540,980,East
8520,8521,Consumer,Furniture,1238,346,North
8521,8522,Consumer,Furniture,1014,40,West
8522,8523,Home Office,Technology,2403,987,West
8523,8524,Consumer,Technology,4242,924,North
8524,8525,Consumer,Office Supplies,3521,635,North
8525,8526,Consumer,Furniture,2178,623,South
8526,8527,Corporate,Technology,4250,614,West
8527,8528,Consumer,Furniture,2300,216,North
8528,8529,Home Office,Furniture,4651,967,South
8529,8530,Home Office,Furniture,135,912,West
8530,8531,Corporate,Office Supplies,917,238,West
8531,8532,Home Office,Technology,2046,942,North
8532,8533,Home Office,Technology,4056,592,East
8533,8534,Corporate,Furniture,4451,351,East
8534,8535,Consumer,Technology,2325,469,North
8535,8536,Corporate,Office Supplies,3425,145,East
8536,8537,Consumer,Furniture,607,962,West
8537,8538,Consumer,Office Supplies,3845,987,South
8538,8539,Home Office,Office Supplies,4216,293,South
8539,8540,Corporate,Technology,3977,859,North
8540,8541,Home Office,Technology,4914,360,South
8541,8542,Home Office,Office Supplies,559,26,North
8542,8543,Consumer,Technology,1505,224,East
8543,8544,Home Office,Office Supplies,4195,404,West
8544,8545,Corporate,Office Supplies,2136,408,East
8545,8546,Home Office,Furniture,2777,423,North
8546,8547,Home Office,Office Supplies,1844,253,West
8547,8548,Consumer,Office Supplies,3083,104,West
8548,8549,Corporate,Technology,2458,642,West
8549,8550,Home Office,Furniture,1331,15,East
8550,8551,Consumer,Technology,1277,789,West
8551,8552,Home Office,Furniture,861,96,East
8552,8553,Corporate,Technology,4878,198,East
8553,8554,Home Office,Office Supplies,2454,624,West
8554,8555,Home Office,Furniture,4814,625,North
8555,8556,Consumer,Furniture,3826,429,West
8556,8557,Home Office,Furniture,1643,812,West
8557,8558,Consumer,Furniture,3777,76,East
8558,8559,Corporate,Technology,2033,627,West
8559,8560,Home Office,Technology,3268,257,North
8560,8561,Corporate,Furniture,3661,869,West
8561,8562,Corporate,Furniture,4202,216,North
8562,8563,Home Office,Furniture,3957,214,South
8563,8564,Consumer,Technology,4117,328,South
8564,8565,Corporate,Furniture,4544,92,South
8565,8566,Corporate,Furniture,3064,433,West
8566,8567,Home Office,Furniture,1130,91,East
8567,8568,Home Office,Technology,2647,808,North
8568,8569,Home Office,Office Supplies,2622,558,South
8569,8570,Home Office,Office Supplies,4719,734,North
8570,8571,Home Office,Technology,1975,496,East
8571,8572,Home Office,Office Supplies,689,142,North
8572,8573,Consumer,Furniture,2380,124,North
8573,8574,Corporate,Furniture,3201,386,South
8574,8575,Consumer,Technology,2514,986,North
8575,8576,Consumer,Technology,3997,220,South
8576,8577,Home Office,Office Supplies,3778,141,East
8577,8578,Corporate,Office Supplies,1943,383,South
8578,8579,Consumer,Furniture,4251,163,North
8579,8580,Home Office,Technology,2038,929,East
8580,8581,Home Office,Office Supplies,2294,432,West
8581,8582,Corporate,Office Supplies,4559,961,West
8582,8583,Consumer,Furniture,352,959,East
8583,8584,Consumer,Furniture,1566,815,East
8584,8585,Consumer,Furniture,835,375,North
8585,8586,Home Office,Furniture,439,703,West
8586,8587,Corporate,Office Supplies,3687,156,East
8587,8588,Corporate,Technology,1476,743,West
8588,8589,Consumer,Technology,4819,803,West
8589,8590,Home Office,Furniture,804,136,North
8590,8591,Consumer,Furniture,3824,317,East
8591,8592,Corporate,Office Supplies,4518,724,South
8592,8593,Home Office,Furniture,3008,127,East
8593,8594,Consumer,Technology,2074,582,West
8594,8595,Consumer,Furniture,1568,240,South
8595,8596,Home Office,Technology,2242,460,South
8596,8597,Corporate,Furniture,652,509,West
8597,8598,Home Office,Furniture,3591,671,South
8598,8599,Consumer,Technology,889,154,South
8599,8600,Consumer,Office Supplies,1273,916,East
8600,8601,Consumer,Office Supplies,652,632,West
8601,8602,Consumer,Furniture,3522,688,North
8602,8603,Corporate,Furniture,4311,710,South
8603,8604,Corporate,Technology,731,996,West
8604,8605,Consumer,Technology,369,58,East
8605,8606,Corporate,Furniture,960,116,East
8606,8607,Corporate,Technology,390,102,East
8607,8608,Corporate,Office Supplies,1557,645,South
8608,8609,Consumer,Office Supplies,729,838,North
8609,8610,Home Office,Technology,574,149,East
8610,8611,Home Office,Technology,4732,918,North
8611,8612,Home Office,Technology,4180,323,West
8612,8613,Consumer,Office Supplies,4880,20,East
8613,8614,Corporate,Furniture,1860,457,South
8614,8615,Corporate,Technology,3182,936,East
8615,8616,Consumer,Technology,4808,404,South
8616,8617,Consumer,Technology,4074,514,West
8617,8618,Home Office,Furniture,3498,387,North
8618,8619,Home Office,Technology,2423,370,North
8619,8620,Consumer,Technology,3661,692,North
8620,8621,Home Office,Office Supplies,2492,557,East
8621,8622,Corporate,Technology,3944,651,East
8622,8623,Consumer,Office Supplies,2515,864,West
8623,8624,Consumer,Furniture,3904,582,North
8624,8625,Corporate,Technology,4926,941,West
8625,8626,Corporate,Technology,1724,855,South
8626,8627,Corporate,Office Supplies,1608,570,East
8627,8628,Home Office,Furniture,4210,932,North
8628,8629,Consumer,Furniture,4953,405,East
8629,8630,Home Office,Office Supplies,103,195,North
8630,8631,Corporate,Furniture,3547,230,North
8631,8632,Home Office,Furniture,2680,527,East
8632,8633,Corporate,Furniture,3891,309,East
8633,8634,Home Office,Furniture,1260,184,West
8634,8635,Home Office,Furniture,933,800,East
8635,8636,Corporate,Furniture,2098,380,East
8636,8637,Home Office,Furniture,1302,979,East
8637,8638,Consumer,Furniture,2275,875,South
8638,8639,Home Office,Technology,1481,518,South
8639,8640,Home Office,Office Supplies,4273,885,South
8640,8641,Consumer,Furniture,2888,213,West
8641,8642,Corporate,Office Supplies,2921,617,West
8642,8643,Consumer,Furniture,4277,291,North
8643,8644,Home Office,Furniture,441,656,West
8644,8645,Corporate,Technology,1461,425,East
8645,8646,Home Office,Office Supplies,4291,42,North
8646,8647,Home Office,Office Supplies,4716,91,East
8647,8648,Consumer,Technology,1095,492,North
8648,8649,Consumer,Technology,456,157,West
8649,8650,Corporate,Office Supplies,285,616,South
8650,8651,Corporate,Furniture,1793,974,East
8651,8652,Corporate,Furniture,2690,957,North
8652,8653,Home Office,Office Supplies,1442,504,South
8653,8654,Consumer,Furniture,1791,179,East
8654,8655,Consumer,Technology,1182,732,East
8655,8656,Consumer,Technology,2157,906,South
8656,8657,Corporate,Technology,3004,712,West
8657,8658,Consumer,Office Supplies,3295,16,South
8658,8659,Consumer,Office Supplies,4551,389,West
8659,8660,Consumer,Office Supplies,3517,835,North
8660,8661,Corporate,Furniture,2480,863,West
8661,8662,Consumer,Office Supplies,116,443,North
8662,8663,Corporate,Office Supplies,423,43,North
8663,8664,Consumer,Technology,2170,572,North
8664,8665,Consumer,Furniture,1030,641,North
8665,8666,Consumer,Furniture,4654,147,East
8666,8667,Corporate,Technology,4752,376,North
8667,8668,Corporate,Furniture,1544,115,East
8668,8669,Consumer,Office Supplies,4136,803,East
8669,8670,Home Office,Furniture,502,41,North
8670,8671,Corporate,Technology,3502,645,West
8671,8672,Corporate,Furniture,4652,691,West
8672,8673,Consumer,Technology,1606,996,South
8673,8674,Home Office,Office Supplies,1621,967,East
8674,8675,Consumer,Office Supplies,3198,533,East
8675,8676,Corporate,Technology,2544,177,West
8676,8677,Corporate,Office Supplies,2287,864,East
8677,8678,Consumer,Office Supplies,2668,87,West
8678,8679,Consumer,Furniture,2893,555,South
8679,8680,Home Office,Office Supplies,191,218,North
8680,8681,Home Office,Technology,4862,847,North
8681,8682,Corporate,Office Supplies,1853,420,North
8682,8683,Home Office,Furniture,4992,17,South
8683,8684,Home Office,Technology,187,746,East
8684,8685,Corporate,Office Supplies,1741,236,South
8685,8686,Corporate,Office Supplies,3062,184,East
8686,8687,Corporate,Office Supplies,2242,90,East
8687,8688,Corporate,Technology,650,803,North
8688,8689,Consumer,Furniture,2546,66,West
8689,8690,Corporate,Technology,2051,144,West
8690,8691,Corporate,Technology,2390,247,North
8691,8692,Corporate,Furniture,3937,481,East
8692,8693,Home Office,Technology,723,226,South
8693,8694,Corporate,Technology,3857,748,North
8694,8695,Consumer,Office Supplies,4896,35,North
8695,8696,Consumer,Technology,3392,196,South
8696,8697,Corporate,Office Supplies,3932,891,East
8697,8698,Consumer,Technology,2711,639,North
8698,8699,Home Office,Office Supplies,261,718,North
8699,8700,Corporate,Office Supplies,2092,125,East
8700,8701,Consumer,Office Supplies,2182,824,South
8701,8702,Consumer,Furniture,3113,623,South
8702,8703,Corporate,Technology,136,901,West
8703,8704,Consumer,Technology,945,172,West
8704,8705,Corporate,Technology,2976,423,South
8705,8706,Consumer,Furniture,3446,187,West
8706,8707,Home Office,Office Supplies,4154,994,West
8707,8708,Consumer,Technology,4300,289,East
8708,8709,Consumer,Furniture,435,807,North
8709,8710,Corporate,Furniture,3197,221,West
8710,8711,Consumer,Technology,2443,63,West
8711,8712,Corporate,Office Supplies,1660,76,East
8712,8713,Home Office,Furniture,4264,553,South
8713,8714,Corporate,Technology,4346,772,West
8714,8715,Corporate,Office Supplies,761,529,North
8715,8716,Consumer,Furniture,4952,508,West
8716,8717,Home Office,Furniture,3839,955,North
8717,8718,Corporate,Technology,3283,440,South
8718,8719,Consumer,Technology,1585,736,West
8719,8720,Consumer,Office Supplies,2509,55,North
8720,8721,Corporate,Technology,4398,601,North
8721,8722,Consumer,Technology,2634,44,North
8722,8723,Corporate,Office Supplies,103,198,South
8723,8724,Corporate,Technology,3197,98,North
8724,8725,Corporate,Office Supplies,2948,344,East
8725,8726,Home Office,Office Supplies,126,956,South
8726,8727,Corporate,Office Supplies,1064,968,North
8727,8728,Consumer,Technology,3196,145,South
8728,8729,Home Office,Office Supplies,171,555,South
8729,8730,Consumer,Technology,3047,802,East
8730,8731,Home Office,Office Supplies,2415,122,North
8731,8732,Home Office,Technology,3997,181,South
8732,8733,Home Office,Office Supplies,4590,348,South
8733,8734,Home Office,Furniture,2511,564,North
8734,8735,Consumer,Furniture,216,903,East
8735,8736,Corporate,Furniture,2311,955,West
8736,8737,Consumer,Office Supplies,3024,534,North
8737,8738,Corporate,Technology,2937,183,West
8738,8739,Consumer,Office Supplies,676,646,North
8739,8740,Home Office,Office Supplies,871,341,North
8740,8741,Home Office,Office Supplies,299,216,South
8741,8742,Corporate,Office Supplies,1855,352,North
8742,8743,Corporate,Technology,279,958,East
8743,8744,Consumer,Office Supplies,2505,968,East
8744,8745,Corporate,Furniture,3423,113,North
8745,8746,Consumer,Furniture,4848,651,South
8746,8747,Corporate,Furniture,4873,49,South
8747,8748,Corporate,Office Supplies,2401,32,West
8748,8749,Corporate,Technology,3088,261,North
8749,8750,Home Office,Technology,1702,964,West
8750,8751,Home Office,Technology,1219,846,South
8751,8752,Consumer,Office Supplies,2314,299,East
8752,8753,Corporate,Technology,2011,211,South
8753,8754,Consumer,Furniture,3001,164,East
8754,8755,Corporate,Technology,1185,576,West
8755,8756,Home Office,Office Supplies,273,115,South
8756,8757,Home Office,Office Supplies,3632,269,East
8757,8758,Corporate,Technology,4819,973,West
8758,8759,Corporate,Office Supplies,1338,209,South
8759,8760,Home Office,Technology,3410,847,North
8760,8761,Home Office,Technology,4934,226,South
8761,8762,Consumer,Furniture,3913,420,West
8762,8763,Home Office,Office Supplies,3916,568,South
8763,8764,Corporate,Furniture,4870,891,West
8764,8765,Consumer,Office Supplies,2073,126,East
8765,8766,Corporate,Technology,3882,895,South
8766,8767,Consumer,Office Supplies,2344,433,West
8767,8768,Corporate,Technology,1757,221,West
8768,8769,Home Office,Office Supplies,512,164,North
8769,8770,Corporate,Furniture,3510,272,East
8770,8771,Consumer,Furniture,4192,516,North
8771,8772,Corporate,Technology,1482,160,North
8772,8773,Consumer,Furniture,1223,221,South
8773,8774,Corporate,Technology,4429,201,West
8774,8775,Home Office,Technology,4112,890,West
8775,8776,Home Office,Technology,2343,764,West
8776,8777,Corporate,Office Supplies,2689,107,South
8777,8778,Corporate,Technology,1878,550,South
8778,8779,Corporate,Furniture,1229,710,East
8779,8780,Consumer,Office Supplies,744,181,North
8780,8781,Corporate,Furniture,3622,380,East
8781,8782,Corporate,Technology,1657,718,East
8782,8783,Consumer,Technology,4601,164,South
8783,8784,Home Office,Furniture,2873,149,West
8784,8785,Corporate,Office Supplies,2885,922,South
8785,8786,Corporate,Furniture,1806,814,South
8786,8787,Home Office,Technology,2701,811,South
8787,8788,Home Office,Office Supplies,3743,265,East
8788,8789,Consumer,Technology,474,999,West
8789,8790,Corporate,Technology,1712,685,South
8790,8791,Corporate,Furniture,554,655,East
8791,8792,Consumer,Technology,4397,873,South
8792,8793,Home Office,Furniture,1575,425,North
8793,8794,Consumer,Office Supplies,953,338,West
8794,8795,Home Office,Technology,823,387,East
8795,8796,Consumer,Technology,1491,927,North
8796,8797,Home Office,Office Supplies,2487,275,South
8797,8798,Consumer,Furniture,361,550,North
8798,8799,Home Office,Technology,642,148,North
8799,8800,Home Office,Office Supplies,650,869,East
8800,8801,Home Office,Technology,3897,971,West
8801,8802,Home Office,Furniture,737,833,West
8802,8803,Home Office,Furniture,264,606,East
8803,8804,Corporate,Furniture,2905,521,South
8804,8805,Home Office,Furniture,720,258,North
8805,8806,Corporate,Office Supplies,1323,872,West
8806,8807,Home Office,Technology,3442,835,West
8807,8808,Corporate,Office Supplies,150,754,North
8808,8809,Corporate,Furniture,588,317,South
8809,8810,Consumer,Furniture,764,582,North
8810,8811,Home Office,Furniture,1346,794,East
8811,8812,Consumer,Furniture,2810,228,East
8812,8813,Consumer,Technology,4461,807,South
8813,8814,Home Office,Furniture,4268,770,West
8814,8815,Consumer,Technology,4052,593,West
8815,8816,Home Office,Furniture,2691,302,South
8816,8817,Consumer,Technology,980,910,South
8817,8818,Home Office,Technology,534,419,East
8818,8819,Home Office,Furniture,2084,207,East
8819,8820,Home Office,Office Supplies,4552,89,South
8820,8821,Corporate,Office Supplies,4213,394,West
8821,8822,Consumer,Office Supplies,3970,146,North
8822,8823,Corporate,Office Supplies,2722,222,North
8823,8824,Consumer,Office Supplies,1892,848,North
8824,8825,Consumer,Furniture,2898,628,East
8825,8826,Consumer,Furniture,3612,969,South
8826,8827,Corporate,Furniture,1593,216,West
8827,8828,Consumer,Furniture,2779,673,East
8828,8829,Corporate,Furniture,1725,142,South
8829,8830,Home Office,Furniture,2519,956,South
8830,8831,Consumer,Technology,3117,175,North
8831,8832,Consumer,Technology,1947,512,North
8832,8833,Home Office,Furniture,3346,934,West
8833,8834,Home Office,Furniture,1638,439,West
8834,8835,Consumer,Technology,1416,189,North
8835,8836,Home Office,Technology,1819,130,North
8836,8837,Corporate,Furniture,2050,183,South
8837,8838,Corporate,Technology,323,340,West
8838,8839,Consumer,Office Supplies,2126,77,South
8839,8840,Corporate,Office Supplies,1647,708,West
8840,8841,Corporate,Office Supplies,3878,147,West
8841,8842,Consumer,Technology,3823,875,East
8842,8843,Home Office,Furniture,1623,909,North
8843,8844,Consumer,Furniture,2803,317,East
8844,8845,Corporate,Furniture,2072,339,West
8845,8846,Consumer,Technology,4628,247,South
8846,8847,Consumer,Technology,4704,539,West
8847,8848,Corporate,Office Supplies,4703,85,East
8848,8849,Corporate,Technology,716,956,North
8849,8850,Consumer,Office Supplies,4615,160,South
8850,8851,Corporate,Office Supplies,4269,629,West
8851,8852,Corporate,Furniture,2721,674,West
8852,8853,Corporate,Technology,4341,325,North
8853,8854,Corporate,Furniture,2193,46,West
8854,8855,Corporate,Furniture,1864,973,West
8855,8856,Corporate,Technology,3276,854,North
8856,8857,Home Office,Technology,1232,667,East
8857,8858,Consumer,Office Supplies,4316,135,East
8858,8859,Corporate,Office Supplies,3670,806,East
8859,8860,Consumer,Office Supplies,1166,629,East
8860,8861,Home Office,Office Supplies,2246,295,South
8861,8862,Corporate,Furniture,805,249,South
8862,8863,Consumer,Furniture,2458,896,North
8863,8864,Corporate,Technology,3634,623,North
8864,8865,Corporate,Office Supplies,3912,229,North
8865,8866,Corporate,Office Supplies,2570,16,South
8866,8867,Corporate,Office Supplies,4167,225,West
8867,8868,Corporate,Furniture,3560,690,South
8868,8869,Corporate,Technology,3868,595,East
8869,8870,Corporate,Furniture,2034,302,East
8870,8871,Home Office,Technology,2419,548,West
8871,8872,Home Office,Technology,2972,798,North
8872,8873,Corporate,Furniture,309,493,South
8873,8874,Corporate,Furniture,4934,52,West
8874,8875,Home Office,Technology,2907,316,West
8875,8876,Home Office,Furniture,4354,102,South
8876,8877,Home Office,Furniture,4062,592,West
8877,8878,Corporate,Technology,4936,278,North
8878,8879,Consumer,Technology,2053,630,South
8879,8880,Consumer,Office Supplies,2490,702,South
8880,8881,Consumer,Furniture,3625,224,West
8881,8882,Consumer,Technology,4894,968,North
8882,8883,Corporate,Furniture,3314,123,North
8883,8884,Consumer,Furniture,2544,194,East
8884,8885,Home Office,Technology,2683,930,South
8885,8886,Home Office,Office Supplies,240,134,East
8886,8887,Consumer,Technology,4435,114,North
8887,8888,Home Office,Technology,391,246,North
8888,8889,Corporate,Furniture,2964,662,East
8889,8890,Consumer,Office Supplies,4277,814,South
8890,8891,Consumer,Technology,2707,167,East
8891,8892,Corporate,Furniture,4036,483,North
8892,8893,Home Office,Technology,3017,917,North
8893,8894,Corporate,Furniture,2318,514,West
8894,8895,Corporate,Technology,1897,970,West
8895,8896,Home Office,Office Supplies,1076,283,East
8896,8897,Corporate,Technology,679,899,West
8897,8898,Home Office,Furniture,2673,862,North
8898,8899,Home Office,Technology,2689,126,South
8899,8900,Corporate,Office Supplies,3383,895,South
8900,8901,Home Office,Office Supplies,1899,583,East
8901,8902,Corporate,Office Supplies,1561,545,West
8902,8903,Home Office,Office Supplies,4517,69,East
8903,8904,Consumer,Furniture,4168,410,West
8904,8905,Home Office,Technology,3047,883,South
8905,8906,Home Office,Office Supplies,813,837,West
8906,8907,Corporate,Technology,2523,786,West
8907,8908,Home Office,Furniture,1990,189,East
8908,8909,Consumer,Technology,3667,241,South
8909,8910,Consumer,Technology,1778,485,West
8910,8911,Home Office,Office Supplies,2247,664,South
8911,8912,Home Office,Office Supplies,1017,854,West
8912,8913,Consumer,Furniture,2366,933,South
8913,8914,Corporate,Technology,2624,254,West
8914,8915,Consumer,Furniture,1906,602,North
8915,8916,Consumer,Furniture,4151,647,South
8916,8917,Home Office,Furniture,659,658,North
8917,8918,Home Office,Office Supplies,728,577,North
8918,8919,Consumer,Office Supplies,3166,222,North
8919,8920,Corporate,Technology,2011,615,West
8920,8921,Consumer,Technology,3862,904,South
8921,8922,Consumer,Technology,3651,468,West
8922,8923,Corporate,Office Supplies,1908,999,West
8923,8924,Consumer,Office Supplies,2486,813,South
8924,8925,Consumer,Furniture,1995,137,East
8925,8926,Home Office,Office Supplies,4030,961,West
8926,8927,Corporate,Furniture,1106,226,North
8927,8928,Home Office,Furniture,148,720,West
8928,8929,Home Office,Office Supplies,1950,29,East
8929,8930,Corporate,Furniture,2029,576,North
8930,8931,Corporate,Furniture,2232,767,West
8931,8932,Consumer,Technology,1625,772,South
8932,8933,Home Office,Furniture,428,69,North
8933,8934,Corporate,Office Supplies,2757,684,East
8934,8935,Home Office,Office Supplies,4629,723,West
8935,8936,Home Office,Furniture,687,748,South
8936,8937,Corporate,Technology,3305,138,North
8937,8938,Consumer,Office Supplies,1698,983,North
8938,8939,Home Office,Office Supplies,3951,566,South
8939,8940,Corporate,Technology,2572,206,East
8940,8941,Consumer,Furniture,2917,945,North
8941,8942,Home Office,Office Supplies,4707,501,East
8942,8943,Corporate,Furniture,1508,687,East
8943,8944,Home Office,Furniture,1111,513,South
8944,8945,Corporate,Furniture,4759,256,North
8945,8946,Corporate,Furniture,4498,747,West
8946,8947,Home Office,Office Supplies,4144,801,South
8947,8948,Home Office,Technology,1429,269,South
8948,8949,Corporate,Office Supplies,2704,356,East
8949,8950,Consumer,Technology,2123,206,West
8950,8951,Home Office,Furniture,4607,116,South
8951,8952,Corporate,Technology,3285,790,East
8952,8953,Corporate,Furniture,4703,753,North
8953,8954,Consumer,Office Supplies,4251,926,East
8954,8955,Consumer,Office Supplies,2693,622,West
8955,8956,Consumer,Technology,3441,169,West
8956,8957,Home Office,Furniture,295,431,East
8957,8958,Corporate,Furniture,1890,616,North
8958,8959,Corporate,Technology,1206,937,West
8959,8960,Corporate,Furniture,2889,216,West
8960,8961,Consumer,Furniture,2284,322,North
8961,8962,Corporate,Furniture,638,441,South
8962,8963,Home Office,Office Supplies,4884,935,West
8963,8964,Consumer,Office Supplies,818,244,East
8964,8965,Consumer,Office Supplies,4095,336,North
8965,8966,Consumer,Furniture,405,943,West
8966,8967,Consumer,Office Supplies,487,488,South
8967,8968,Home Office,Furniture,824,437,West
8968,8969,Corporate,Furniture,2696,675,South
8969,8970,Home Office,Technology,2535,109,West
8970,8971,Corporate,Furniture,2440,247,West
8971,8972,Home Office,Office Supplies,278,116,East
8972,8973,Consumer,Office Supplies,2003,867,North
8973,8974,Consumer,Furniture,1804,373,North
8974,8975,Home Office,Office Supplies,3483,651,East
8975,8976,Home Office,Furniture,4275,820,North
8976,8977,Corporate,Technology,4642,502,North
8977,8978,Home Office,Furniture,4961,52,North
8978,8979,Home Office,Furniture,4765,584,West
8979,8980,Corporate,Technology,195,82,West
8980,8981,Corporate,Office Supplies,1383,707,South
8981,8982,Corporate,Technology,347,638,South
8982,8983,Home Office,Technology,1081,313,North
8983,8984,Corporate,Furniture,4463,14,North
8984,8985,Consumer,Furniture,1665,996,North
8985,8986,Consumer,Technology,2241,597,East
8986,8987,Consumer,Office Supplies,835,812,West
8987,8988,Home Office,Technology,3487,358,North
8988,8989,Consumer,Office Supplies,2759,409,North
8989,8990,Home Office,Technology,548,604,West
8990,8991,Home Office,Technology,1935,442,South
8991,8992,Consumer,Office Supplies,4815,581,North
8992,8993,Corporate,Technology,713,116,North
8993,8994,Home Office,Furniture,1533,126,North
8994,8995,Consumer,Technology,976,828,North
8995,8996,Home Office,Furniture,2675,392,West
8996,8997,Corporate,Office Supplies,1233,868,West
8997,8998,Corporate,Office Supplies,4970,91,West
8998,8999,Consumer,Furniture,771,836,South
8999,9000,Home Office,Technology,1730,841,North
9000,9001,Home Office,Furniture,3418,882,South
9001,9002,Home Office,Furniture,460,662,South
9002,9003,Home Office,Office Supplies,2492,743,West
9003,9004,Consumer,Furniture,4001,419,North
9004,9005,Corporate,Technology,897,79,North
9005,9006,Consumer,Furniture,1883,396,South
9006,9007,Home Office,Office Supplies,166,992,East
9007,9008,Home Office,Technology,3134,533,East
9008,9009,Corporate,Office Supplies,2190,306,North
9009,9010,Home Office,Furniture,2376,626,North
9010,9011,Consumer,Furniture,3615,728,South
9011,9012,Consumer,Office Supplies,333,74,South
9012,9013,Corporate,Office Supplies,1322,584,West
9013,9014,Consumer,Technology,2644,187,South
9014,9015,Consumer,Office Supplies,1155,952,South
9015,9016,Consumer,Office Supplies,4654,17,East
9016,9017,Consumer,Furniture,3447,168,East
9017,9018,Home Office,Furniture,1269,20,East
9018,9019,Consumer,Office Supplies,4201,794,East
9019,9020,Corporate,Office Supplies,593,420,South
9020,9021,Corporate,Furniture,3279,901,North
9021,9022,Consumer,Technology,3943,616,East
9022,9023,Corporate,Technology,1463,164,West
9023,9024,Consumer,Technology,3498,215,West
9024,9025,Corporate,Technology,1156,124,South
9025,9026,Corporate,Furniture,242,388,West
9026,9027,Consumer,Office Supplies,3415,608,East
9027,9028,Consumer,Technology,4931,833,North
9028,9029,Home Office,Furniture,2873,718,North
9029,9030,Consumer,Office Supplies,1984,359,East
9030,9031,Consumer,Technology,2364,107,West
9031,9032,Home Office,Office Supplies,2024,952,South
9032,9033,Consumer,Technology,4145,28,North
9033,9034,Consumer,Office Supplies,2581,322,East
9034,9035,Home Office,Technology,1990,936,East
9035,9036,Consumer,Technology,3225,537,West
9036,9037,Consumer,Office Supplies,1041,566,South
9037,9038,Home Office,Office Supplies,1715,676,South
9038,9039,Home Office,Office Supplies,2068,454,West
9039,9040,Corporate,Furniture,3322,931,East
9040,9041,Consumer,Furniture,4250,240,West
9041,9042,Corporate,Office Supplies,1571,678,West
9042,9043,Corporate,Furniture,1158,634,West
9043,9044,Home Office,Technology,1106,898,East
9044,9045,Consumer,Office Supplies,3290,368,North
9045,9046,Consumer,Furniture,1320,392,East
9046,9047,Home Office,Office Supplies,4761,521,North
9047,9048,Corporate,Technology,4966,53,North
9048,9049,Home Office,Technology,1897,374,West
9049,9050,Consumer,Furniture,2971,934,South
9050,9051,Home Office,Technology,613,886,West
9051,9052,Consumer,Office Supplies,1717,631,East
9052,9053,Corporate,Furniture,4617,120,South
9053,9054,Consumer,Office Supplies,4712,232,South
9054,9055,Corporate,Office Supplies,3857,395,East
9055,9056,Corporate,Office Supplies,2132,911,East
9056,9057,Consumer,Technology,3310,274,West
9057,9058,Consumer,Office Supplies,804,280,East
9058,9059,Corporate,Technology,1773,221,North
9059,9060,Home Office,Office Supplies,3799,505,North
9060,9061,Consumer,Technology,2191,323,South
9061,9062,Corporate,Technology,2948,779,West
9062,9063,Corporate,Technology,4414,396,West
9063,9064,Home Office,Office Supplies,4763,256,South
9064,9065,Consumer,Office Supplies,1877,957,East
9065,9066,Corporate,Technology,4453,576,West
9066,9067,Home Office,Office Supplies,992,830,South
9067,9068,Corporate,Technology,1071,359,South
9068,9069,Consumer,Office Supplies,202,81,North
9069,9070,Home Office,Technology,1207,305,South
9070,9071,Corporate,Technology,3346,222,East
9071,9072,Home Office,Furniture,3812,304,East
9072,9073,Consumer,Office Supplies,3517,180,East
9073,9074,Home Office,Office Supplies,4251,255,East
9074,9075,Consumer,Furniture,3759,150,South
9075,9076,Corporate,Technology,1019,625,West
9076,9077,Consumer,Technology,4652,626,South
9077,9078,Corporate,Furniture,4327,249,West
9078,9079,Corporate,Furniture,4688,942,West
9079,9080,Consumer,Technology,2257,320,West
9080,9081,Corporate,Office Supplies,681,425,North
9081,9082,Home Office,Furniture,895,407,East
9082,9083,Corporate,Furniture,3297,842,North
9083,9084,Consumer,Furniture,1983,932,South
9084,9085,Home Office,Furniture,3467,801,North
9085,9086,Home Office,Furniture,909,892,West
9086,9087,Corporate,Furniture,3033,890,South
9087,9088,Corporate,Technology,3368,31,East
9088,9089,Consumer,Technology,4968,87,West
9089,9090,Home Office,Furniture,3084,822,East
9090,9091,Consumer,Technology,672,913,North
9091,9092,Corporate,Office Supplies,1306,484,East
9092,9093,Home Office,Office Supplies,3180,716,South
9093,9094,Consumer,Furniture,2560,841,West
9094,9095,Consumer,Office Supplies,1841,362,East
9095,9096,Consumer,Office Supplies,4105,380,North
9096,9097,Consumer,Technology,2713,952,South
9097,9098,Consumer,Technology,1815,30,West
9098,9099,Home Office,Technology,1669,516,North
9099,9100,Consumer,Technology,776,169,West
9100,9101,Home Office,Office Supplies,1933,753,East
9101,9102,Consumer,Furniture,2613,370,North
9102,9103,Corporate,Technology,900,822,North
9103,9104,Corporate,Office Supplies,1241,565,East
9104,9105,Consumer,Technology,3152,306,North
9105,9106,Corporate,Office Supplies,2131,361,North
9106,9107,Home Office,Technology,1608,189,North
9107,9108,Consumer,Furniture,1210,481,East
9108,9109,Home Office,Technology,4429,404,East
9109,9110,Consumer,Furniture,1012,622,West
9110,9111,Corporate,Technology,1155,636,East
9111,9112,Home Office,Technology,4289,222,North
9112,9113,Corporate,Technology,1850,539,East
9113,9114,Corporate,Office Supplies,3271,404,North
9114,9115,Consumer,Office Supplies,4253,36,North
9115,9116,Home Office,Furniture,3112,948,North
9116,9117,Corporate,Furniture,3528,879,East
9117,9118,Consumer,Office Supplies,3662,458,North
9118,9119,Consumer,Furniture,456,447,West
9119,9120,Consumer,Furniture,4491,294,South
9120,9121,Corporate,Office Supplies,4720,670,South
9121,9122,Consumer,Office Supplies,1717,806,West
9122,9123,Home Office,Office Supplies,1723,658,South
9123,9124,Home Office,Office Supplies,1765,198,West
9124,9125,Corporate,Technology,3299,711,East
9125,9126,Home Office,Office Supplies,4596,208,South
9126,9127,Consumer,Furniture,1695,111,West
9127,9128,Corporate,Technology,2089,488,West
9128,9129,Consumer,Technology,2886,612,North
9129,9130,Corporate,Furniture,628,233,East
9130,9131,Corporate,Technology,2704,526,West
9131,9132,Consumer,Furniture,3295,874,South
9132,9133,Home Office,Technology,2507,536,North
9133,9134,Home Office,Technology,163,450,North
9134,9135,Corporate,Furniture,4060,526,North
9135,9136,Consumer,Furniture,2912,925,East
9136,9137,Consumer,Furniture,2921,239,West
9137,9138,Corporate,Furniture,4127,878,East
9138,9139,Home Office,Office Supplies,201,858,West
9139,9140,Consumer,Office Supplies,3448,123,North
9140,9141,Home Office,Furniture,3398,525,South
9141,9142,Home Office,Office Supplies,3194,193,South
9142,9143,Corporate,Furniture,2991,734,East
9143,9144,Corporate,Furniture,3235,768,North
9144,9145,Home Office,Technology,1280,43,West
9145,9146,Consumer,Furniture,2986,305,East
9146,9147,Consumer,Furniture,2828,462,North
9147,9148,Corporate,Furniture,2792,717,East
9148,9149,Home Office,Furniture,498,514,South
9149,9150,Consumer,Technology,504,415,North
9150,9151,Consumer,Furniture,2973,136,East
9151,9152,Corporate,Technology,3368,151,West
9152,9153,Home Office,Furniture,2794,973,South
9153,9154,Consumer,Technology,2182,657,West
9154,9155,Corporate,Office Supplies,2567,137,East
9155,9156,Consumer,Technology,4572,844,North
9156,9157,Consumer,Technology,4415,695,South
9157,9158,Consumer,Furniture,2021,934,West
9158,9159,Corporate,Technology,4059,739,West
9159,9160,Home Office,Technology,1640,635,North
9160,9161,Corporate,Furniture,2489,896,East
9161,9162,Home Office,Office Supplies,4948,359,West
9162,9163,Consumer,Office Supplies,2563,533,East
9163,9164,Home Office,Office Supplies,3468,472,East
9164,9165,Consumer,Technology,3085,253,East
9165,9166,Consumer,Furniture,779,573,North
9166,9167,Corporate,Office Supplies,847,195,East
9167,9168,Consumer,Office Supplies,2953,242,South
9168,9169,Corporate,Office Supplies,1421,523,North
9169,9170,Home Office,Office Supplies,3848,10,West
9170,9171,Home Office,Furniture,4250,248,North
9171,9172,Consumer,Office Supplies,4889,64,West
9172,9173,Corporate,Technology,633,504,South
9173,9174,Consumer,Technology,1918,741,East
9174,9175,Corporate,Furniture,4300,625,East
9175,9176,Corporate,Office Supplies,2441,876,East
9176,9177,Corporate,Office Supplies,2522,427,East
9177,9178,Home Office,Technology,4645,457,North
9178,9179,Corporate,Furniture,1568,845,South
9179,9180,Home Office,Technology,4585,347,West
9180,9181,Corporate,Furniture,1335,917,North
9181,9182,Home Office,Furniture,2814,827,East
9182,9183,Home Office,Furniture,1808,286,East
9183,9184,Home Office,Technology,1245,19,East
9184,9185,Consumer,Furniture,1575,350,West
9185,9186,Corporate,Technology,4023,113,West
9186,9187,Consumer,Technology,3021,354,North
9187,9188,Corporate,Office Supplies,1955,379,South
9188,9189,Corporate,Technology,3324,986,West
9189,9190,Consumer,Technology,4064,892,North
9190,9191,Home Office,Office Supplies,3479,207,West
9191,9192,Corporate,Office Supplies,1704,23,North
9192,9193,Home Office,Office Supplies,3379,689,East
9193,9194,Consumer,Furniture,651,881,West
9194,9195,Home Office,Furniture,2104,347,East
9195,9196,Corporate,Office Supplies,1936,551,South
9196,9197,Corporate,Furniture,1224,466,East
9197,9198,Corporate,Office Supplies,1482,535,South
9198,9199,Consumer,Furniture,1870,759,West
9199,9200,Corporate,Technology,3963,445,South
9200,9201,Consumer,Furniture,3500,375,East
9201,9202,Home Office,Furniture,134,410,West
9202,9203,Corporate,Technology,2304,583,North
9203,9204,Corporate,Office Supplies,3444,491,West
9204,9205,Corporate,Furniture,3114,119,North
9205,9206,Home Office,Furniture,4591,415,East
9206,9207,Corporate,Technology,4402,318,West
9207,9208,Consumer,Technology,1880,169,North
9208,9209,Home Office,Technology,1728,853,East
9209,9210,Home Office,Technology,1429,64,South
9210,9211,Home Office,Office Supplies,1659,770,North
9211,9212,Home Office,Furniture,904,985,South
9212,9213,Home Office,Furniture,2609,265,West
9213,9214,Consumer,Furniture,4447,543,North
9214,9215,Home Office,Furniture,1390,431,East
9215,9216,Corporate,Office Supplies,4404,955,East
9216,9217,Home Office,Furniture,2686,624,South
9217,9218,Home Office,Office Supplies,2650,971,East
9218,9219,Home Office,Office Supplies,1055,822,West
9219,9220,Home Office,Technology,4709,896,West
9220,9221,Home Office,Technology,679,273,South
9221,9222,Consumer,Furniture,2037,757,North
9222,9223,Consumer,Office Supplies,2097,842,East
9223,9224,Home Office,Technology,1765,242,West
9224,9225,Consumer,Office Supplies,2230,689,North
9225,9226,Corporate,Technology,3840,242,West
9226,9227,Home Office,Office Supplies,2600,526,West
9227,9228,Corporate,Furniture,1742,54,North
9228,9229,Corporate,Furniture,4812,567,North
9229,9230,Home Office,Office Supplies,1597,685,East
9230,9231,Corporate,Technology,4702,922,South
9231,9232,Corporate,Technology,3304,690,South
9232,9233,Corporate,Furniture,721,935,West
9233,9234,Home Office,Furniture,3244,445,South
9234,9235,Home Office,Furniture,2051,344,West
9235,9236,Corporate,Technology,1559,413,North
9236,9237,Home Office,Technology,392,173,West
9237,9238,Home Office,Furniture,754,265,East
9238,9239,Corporate,Office Supplies,3084,75,West
9239,9240,Home Office,Technology,3943,950,West
9240,9241,Consumer,Furniture,2904,781,East
9241,9242,Home Office,Office Supplies,2814,955,East
9242,9243,Consumer,Technology,1721,97,South
9243,9244,Corporate,Office Supplies,4114,249,North
9244,9245,Home Office,Office Supplies,3353,320,North
9245,9246,Corporate,Technology,2946,580,East
9246,9247,Corporate,Furniture,4980,691,North
9247,9248,Corporate,Office Supplies,4962,267,West
9248,9249,Corporate,Furniture,3605,567,North
9249,9250,Corporate,Technology,618,523,East
9250,9251,Home Office,Office Supplies,2785,443,North
9251,9252,Consumer,Office Supplies,127,138,East
9252,9253,Home Office,Office Supplies,365,790,South
9253,9254,Home Office,Office Supplies,1406,335,East
9254,9255,Home Office,Office Supplies,4153,799,West
9255,9256,Home Office,Technology,3554,26,West
9256,9257,Consumer,Office Supplies,910,708,West
9257,9258,Home Office,Technology,4776,351,East
9258,9259,Corporate,Furniture,3490,847,East
9259,9260,Home Office,Technology,710,637,West
9260,9261,Home Office,Office Supplies,4388,780,North
9261,9262,Consumer,Furniture,2374,887,East
9262,9263,Consumer,Technology,4646,258,North
9263,9264,Corporate,Technology,302,719,South
9264,9265,Home Office,Technology,501,858,South
9265,9266,Home Office,Office Supplies,2127,748,South
9266,9267,Home Office,Office Supplies,3950,186,South
9267,9268,Corporate,Technology,989,764,West
9268,9269,Consumer,Technology,278,955,East
9269,9270,Corporate,Furniture,2079,366,South
9270,9271,Home Office,Office Supplies,2610,504,West
9271,9272,Consumer,Office Supplies,2982,44,South
9272,9273,Consumer,Furniture,4084,416,East
9273,9274,Corporate,Technology,2144,977,South
9274,9275,Consumer,Technology,3083,656,South
9275,9276,Consumer,Furniture,450,827,North
9276,9277,Home Office,Technology,4382,19,North
9277,9278,Home Office,Technology,3518,995,North
9278,9279,Consumer,Furniture,3930,704,North
9279,9280,Consumer,Furniture,2067,723,South
9280,9281,Corporate,Furniture,4504,540,South
9281,9282,Corporate,Technology,2324,544,North
9282,9283,Consumer,Furniture,4622,104,East
9283,9284,Home Office,Technology,2887,585,West
9284,9285,Consumer,Office Supplies,4726,938,South
9285,9286,Consumer,Office Supplies,4443,459,North
9286,9287,Home Office,Furniture,4411,229,West
9287,9288,Home Office,Technology,4908,105,North
9288,9289,Corporate,Technology,537,874,North
9289,9290,Corporate,Technology,2458,786,East
9290,9291,Corporate,Furniture,3954,390,East
9291,9292,Corporate,Technology,482,678,South
9292,9293,Home Office,Technology,4316,216,North
9293,9294,Consumer,Technology,506,795,West
9294,9295,Corporate,Office Supplies,4440,859,South
9295,9296,Corporate,Technology,165,255,East
9296,9297,Home Office,Office Supplies,3089,720,South
9297,9298,Home Office,Technology,327,983,South
9298,9299,Consumer,Technology,2284,806,North
9299,9300,Consumer,Technology,2341,519,West
9300,9301,Home Office,Office Supplies,4901,893,East
9301,9302,Corporate,Technology,4853,92,South
9302,9303,Corporate,Furniture,1612,326,South
9303,9304,Corporate,Technology,1029,654,North
9304,9305,Consumer,Office Supplies,4136,114,South
9305,9306,Corporate,Office Supplies,2703,379,West
9306,9307,Corporate,Furniture,1280,758,North
9307,9308,Home Office,Furniture,1139,590,East
9308,9309,Corporate,Furniture,1201,705,South
9309,9310,Home Office,Office Supplies,2199,639,South
9310,9311,Corporate,Technology,613,189,North
9311,9312,Consumer,Technology,4939,792,South
9312,9313,Corporate,Furniture,3232,611,East
9313,9314,Corporate,Furniture,1932,609,West
9314,9315,Home Office,Technology,4738,92,West
9315,9316,Home Office,Furniture,2557,541,North
9316,9317,Home Office,Technology,2302,628,South
9317,9318,Corporate,Technology,2780,850,North
9318,9319,Corporate,Technology,2198,510,North
9319,9320,Consumer,Technology,3266,357,North
9320,9321,Corporate,Office Supplies,2027,281,North
9321,9322,Consumer,Technology,4550,340,North
9322,9323,Home Office,Furniture,3216,619,South
9323,9324,Home Office,Furniture,2987,930,West
9324,9325,Home Office,Furniture,4443,753,West
9325,9326,Consumer,Furniture,4728,896,West
9326,9327,Corporate,Office Supplies,3630,578,South
9327,9328,Home Office,Technology,889,670,South
9328,9329,Corporate,Technology,1400,398,North
9329,9330,Corporate,Furniture,2047,980,West
9330,9331,Home Office,Furniture,2342,756,North
9331,9332,Consumer,Furniture,1194,146,West
9332,9333,Corporate,Technology,1458,788,East
9333,9334,Home Office,Office Supplies,3756,750,South
9334,9335,Corporate,Office Supplies,407,370,East
9335,9336,Corporate,Office Supplies,1550,842,West
9336,9337,Corporate,Office Supplies,2223,968,North
9337,9338,Corporate,Furniture,4982,291,South
9338,9339,Corporate,Technology,2942,211,South
9339,9340,Consumer,Furniture,1764,753,North
9340,9341,Consumer,Office Supplies,4048,540,East
9341,9342,Home Office,Furniture,1494,25,East
9342,9343,Consumer,Office Supplies,4172,577,East
9343,9344,Consumer,Technology,3734,878,East
9344,9345,Consumer,Office Supplies,314,123,South
9345,9346,Corporate,Furniture,3172,77,West
9346,9347,Corporate,Technology,4154,599,North
9347,9348,Home Office,Office Supplies,4572,39,West
9348,9349,Home Office,Office Supplies,2559,528,West
9349,9350,Home Office,Technology,3806,917,East
9350,9351,Corporate,Furniture,3371,673,West
9351,9352,Consumer,Technology,1306,884,East
9352,9353,Consumer,Furniture,509,31,East
9353,9354,Corporate,Office Supplies,3569,440,West
9354,9355,Home Office,Office Supplies,315,39,North
9355,9356,Home Office,Technology,4947,965,West
9356,9357,Home Office,Office Supplies,448,688,West
9357,9358,Corporate,Technology,3751,669,South
9358,9359,Home Office,Office Supplies,2978,419,East
9359,9360,Home Office,Office Supplies,3765,58,South
9360,9361,Corporate,Furniture,4849,334,North
9361,9362,Consumer,Technology,3169,497,West
9362,9363,Corporate,Technology,4094,307,South
9363,9364,Corporate,Office Supplies,3212,783,South
9364,9365,Corporate,Furniture,102,190,West
9365,9366,Corporate,Furniture,1217,811,West
9366,9367,Consumer,Technology,1182,131,East
9367,9368,Home Office,Technology,4602,133,East
9368,9369,Corporate,Office Supplies,1617,462,South
9369,9370,Consumer,Technology,4946,275,West
9370,9371,Home Office,Office Supplies,1995,37,East
9371,9372,Home Office,Furniture,3679,268,East
9372,9373,Home Office,Technology,2733,86,North
9373,9374,Corporate,Furniture,2479,441,South
9374,9375,Corporate,Furniture,1112,888,South
9375,9376,Home Office,Office Supplies,4364,715,South
9376,9377,Home Office,Furniture,2923,903,West
9377,9378,Home Office,Office Supplies,948,44,North
9378,9379,Home Office,Office Supplies,1804,445,East
9379,9380,Home Office,Furniture,4193,123,North
9380,9381,Home Office,Furniture,305,71,East
9381,9382,Consumer,Office Supplies,1992,61,East
9382,9383,Home Office,Office Supplies,620,125,North
9383,9384,Corporate,Furniture,3676,56,South
9384,9385,Corporate,Office Supplies,2451,447,West
9385,9386,Corporate,Office Supplies,2234,421,North
9386,9387,Home Office,Technology,4938,110,South
9387,9388,Corporate,Technology,2575,288,South
9388,9389,Consumer,Technology,4645,116,West
9389,9390,Home Office,Technology,885,992,West
9390,9391,Corporate,Technology,4197,44,South
9391,9392,Consumer,Office Supplies,2890,368,West
9392,9393,Consumer,Office Supplies,2257,896,South
9393,9394,Corporate,Technology,778,809,East
9394,9395,Consumer,Furniture,3628,11,West
9395,9396,Corporate,Technology,3659,760,East
9396,9397,Consumer,Furniture,470,501,West
9397,9398,Home Office,Office Supplies,3037,889,South
9398,9399,Home Office,Furniture,821,899,South
9399,9400,Home Office,Office Supplies,4500,281,South
9400,9401,Home Office,Furniture,1023,153,South
9401,9402,Home Office,Office Supplies,935,444,South
9402,9403,Corporate,Office Supplies,2593,460,South
9403,9404,Home Office,Technology,3079,613,West
9404,9405,Home Office,Office Supplies,2425,742,West
9405,9406,Home Office,Technology,4024,575,East
9406,9407,Home Office,Technology,2524,925,North
9407,9408,Consumer,Technology,4621,237,West
9408,9409,Home Office,Furniture,3226,554,West
9409,9410,Home Office,Furniture,2476,223,North
9410,9411,Corporate,Office Supplies,553,657,North
9411,9412,Consumer,Technology,3559,257,East
9412,9413,Corporate,Technology,4959,417,East
9413,9414,Home Office,Office Supplies,3601,62,South
9414,9415,Corporate,Technology,3647,585,East
9415,9416,Corporate,Office Supplies,1248,323,East
9416,9417,Home Office,Technology,622,383,North
9417,9418,Consumer,Furniture,4677,46,West
9418,9419,Consumer,Office Supplies,221,733,South
9419,9420,Corporate,Office Supplies,3718,533,East
9420,9421,Home Office,Furniture,4776,989,North
9421,9422,Corporate,Office Supplies,3822,93,South
9422,9423,Corporate,Furniture,3183,909,South
9423,9424,Corporate,Technology,2272,103,North
9424,9425,Home Office,Furniture,2806,424,East
9425,9426,Home Office,Furniture,4913,351,East
9426,9427,Consumer,Office Supplies,3407,728,East
9427,9428,Home Office,Technology,3742,559,East
9428,9429,Corporate,Furniture,2917,430,South
9429,9430,Corporate,Technology,4601,357,West
9430,9431,Consumer,Furniture,1584,724,South
9431,9432,Home Office,Office Supplies,376,791,South
9432,9433,Corporate,Furniture,1348,596,North
9433,9434,Consumer,Furniture,1224,137,South
9434,9435,Consumer,Technology,3001,850,East
9435,9436,Corporate,Furniture,1757,161,North
9436,9437,Corporate,Office Supplies,1853,531,North
9437,9438,Home Office,Office Supplies,4702,47,North
9438,9439,Consumer,Furniture,3758,436,North
9439,9440,Corporate,Furniture,3502,114,North
9440,9441,Consumer,Technology,4432,174,East
9441,9442,Home Office,Technology,851,947,West
9442,9443,Corporate,Office Supplies,264,553,West
9443,9444,Home Office,Technology,1792,221,North
9444,9445,Consumer,Furniture,2056,535,West
9445,9446,Home Office,Office Supplies,3960,751,South
9446,9447,Home Office,Technology,2875,141,West
9447,9448,Consumer,Office Supplies,3389,161,South
9448,9449,Home Office,Furniture,1868,105,East
9449,9450,Consumer,Technology,2523,512,North
9450,9451,Corporate,Furniture,4626,531,South
9451,9452,Consumer,Furniture,3796,383,East
9452,9453,Consumer,Office Supplies,882,884,East
9453,9454,Corporate,Office Supplies,3878,25,North
9454,9455,Consumer,Office Supplies,1054,688,West
9455,9456,Corporate,Technology,2092,617,East
9456,9457,Corporate,Technology,1759,27,West
9457,9458,Consumer,Office Supplies,240,418,West
9458,9459,Home Office,Technology,819,16,West
9459,9460,Home Office,Technology,1750,705,South
9460,9461,Corporate,Office Supplies,3673,903,West
9461,9462,Home Office,Furniture,3574,254,West
9462,9463,Home Office,Technology,1115,952,East
9463,9464,Consumer,Technology,4483,892,North
9464,9465,Corporate,Furniture,442,987,South
9465,9466,Corporate,Furniture,3283,888,West
9466,9467,Consumer,Furniture,2801,603,North
9467,9468,Home Office,Office Supplies,1075,652,West
9468,9469,Corporate,Furniture,2683,138,West
9469,9470,Home Office,Office Supplies,3220,810,East
9470,9471,Corporate,Furniture,1923,464,North
9471,9472,Corporate,Furniture,4526,595,East
9472,9473,Corporate,Office Supplies,4560,885,East
9473,9474,Corporate,Office Supplies,110,580,West
9474,9475,Home Office,Furniture,4704,81,West
9475,9476,Home Office,Furniture,2727,169,West
9476,9477,Home Office,Furniture,1568,96,North
9477,9478,Home Office,Technology,1213,410,North
9478,9479,Consumer,Furniture,721,471,North
9479,9480,Corporate,Office Supplies,1000,538,North
9480,9481,Corporate,Technology,3847,98,West
9481,9482,Corporate,Office Supplies,4164,670,West
9482,9483,Consumer,Technology,1571,832,East
9483,9484,Home Office,Technology,3203,15,West
9484,9485,Corporate,Office Supplies,426,605,North
9485,9486,Home Office,Technology,173,954,South
9486,9487,Home Office,Office Supplies,350,93,West
9487,9488,Consumer,Furniture,2597,259,North
9488,9489,Consumer,Technology,2502,675,East
9489,9490,Home Office,Office Supplies,4728,425,West
9490,9491,Corporate,Technology,395,81,South
9491,9492,Corporate,Office Supplies,397,630,North
9492,9493,Consumer,Furniture,401,121,West
9493,9494,Consumer,Furniture,4707,181,North
9494,9495,Consumer,Technology,684,708,South
9495,9496,Consumer,Technology,3724,806,South
9496,9497,Consumer,Office Supplies,1734,282,East
9497,9498,Consumer,Office Supplies,152,539,South
9498,9499,Consumer,Technology,2376,689,West
9499,9500,Corporate,Office Supplies,2787,328,South
9500,9501,Consumer,Office Supplies,2944,91,West
9501,9502,Consumer,Office Supplies,4986,84,West
9502,9503,Corporate,Technology,4690,438,North
9503,9504,Corporate,Furniture,2818,469,West
9504,9505,Home Office,Furniture,4035,856,West
9505,9506,Consumer,Office Supplies,762,355,East
9506,9507,Consumer,Technology,107,258,North
9507,9508,Consumer,Office Supplies,3783,652,West
9508,9509,Consumer,Furniture,3187,396,East
9509,9510,Home Office,Office Supplies,4861,943,North
9510,9511,Corporate,Furniture,768,876,South
9511,9512,Corporate,Technology,3264,722,West
9512,9513,Consumer,Office Supplies,1385,372,South
9513,9514,Consumer,Technology,3720,305,North
9514,9515,Consumer,Office Supplies,260,77,North
9515,9516,Home Office,Office Supplies,2498,447,East
9516,9517,Home Office,Office Supplies,3345,541,West
9517,9518,Corporate,Office Supplies,117,792,West
9518,9519,Consumer,Office Supplies,2633,614,East
9519,9520,Consumer,Technology,4546,142,South
9520,9521,Consumer,Technology,2675,304,North
9521,9522,Consumer,Furniture,2417,305,East
9522,9523,Home Office,Office Supplies,3018,656,North
9523,9524,Corporate,Furniture,1153,977,South
9524,9525,Corporate,Technology,415,873,South
9525,9526,Home Office,Furniture,4932,877,South
9526,9527,Consumer,Technology,2311,42,West
9527,9528,Corporate,Office Supplies,419,383,North
9528,9529,Corporate,Furniture,4627,814,North
9529,9530,Home Office,Furniture,2815,41,East
9530,9531,Consumer,Furniture,733,564,North
9531,9532,Corporate,Furniture,1805,968,West
9532,9533,Consumer,Office Supplies,4920,813,East
9533,9534,Corporate,Technology,772,875,South
9534,9535,Home Office,Technology,2379,314,North
9535,9536,Consumer,Office Supplies,3647,802,West
9536,9537,Home Office,Technology,570,117,West
9537,9538,Corporate,Furniture,3331,105,North
9538,9539,Home Office,Office Supplies,2707,75,West
9539,9540,Home Office,Technology,3432,530,South
9540,9541,Home Office,Office Supplies,2720,239,North
9541,9542,Corporate,Office Supplies,4797,742,North
9542,9543,Consumer,Technology,1482,367,North
9543,9544,Home Office,Technology,4475,411,East
9544,9545,Consumer,Office Supplies,1285,799,South
9545,9546,Corporate,Office Supplies,2010,108,West
9546,9547,Consumer,Technology,1015,280,North
9547,9548,Home Office,Office Supplies,1717,784,North
9548,9549,Home Office,Technology,1783,918,West
9549,9550,Home Office,Office Supplies,2525,371,South
9550,9551,Home Office,Office Supplies,525,173,West
9551,9552,Home Office,Office Supplies,1887,537,West
9552,9553,Home Office,Technology,2684,178,North
9553,9554,Corporate,Furniture,4748,30,East
9554,9555,Corporate,Technology,268,549,East
9555,9556,Corporate,Office Supplies,614,851,East
9556,9557,Consumer,Furniture,3535,604,East
9557,9558,Consumer,Furniture,4625,794,East
9558,9559,Corporate,Office Supplies,2716,842,North
9559,9560,Consumer,Technology,2477,406,East
9560,9561,Consumer,Furniture,790,45,West
9561,9562,Home Office,Furniture,3304,504,North
9562,9563,Home Office,Technology,2604,323,West
9563,9564,Consumer,Technology,452,499,East
9564,9565,Consumer,Furniture,1217,285,South
9565,9566,Corporate,Technology,1505,242,East
9566,9567,Consumer,Furniture,4039,625,North
9567,9568,Home Office,Office Supplies,4274,445,West
9568,9569,Consumer,Technology,777,15,South
9569,9570,Corporate,Furniture,650,544,South
9570,9571,Home Office,Technology,919,691,South
9571,9572,Home Office,Technology,313,673,West
9572,9573,Home Office,Furniture,1766,253,North
9573,9574,Home Office,Office Supplies,4864,250,South
9574,9575,Consumer,Furniture,993,782,West
9575,9576,Corporate,Technology,4354,937,West
9576,9577,Consumer,Furniture,4176,567,East
9577,9578,Consumer,Technology,4005,282,West
9578,9579,Home Office,Furniture,2886,84,North
9579,9580,Corporate,Office Supplies,2348,292,North
9580,9581,Home Office,Office Supplies,121,717,South
9581,9582,Consumer,Office Supplies,3413,544,West
9582,9583,Consumer,Office Supplies,1361,96,West
9583,9584,Home Office,Furniture,1272,890,East
9584,9585,Consumer,Office Supplies,4980,642,East
9585,9586,Consumer,Furniture,2154,939,West
9586,9587,Home Office,Technology,1992,158,West
9587,9588,Consumer,Technology,2915,159,West
9588,9589,Corporate,Technology,4774,586,East
9589,9590,Home Office,Office Supplies,4684,169,East
9590,9591,Corporate,Office Supplies,1887,455,North
9591,9592,Consumer,Office Supplies,2090,805,South
9592,9593,Consumer,Technology,4417,91,South
9593,9594,Home Office,Technology,2560,16,South
9594,9595,Consumer,Technology,2731,191,South
9595,9596,Home Office,Technology,2368,879,East
9596,9597,Home Office,Furniture,2276,975,East
9597,9598,Home Office,Furniture,976,535,West
9598,9599,Home Office,Office Supplies,3592,487,North
9599,9600,Home Office,Office Supplies,4358,192,North
9600,9601,Corporate,Technology,1054,323,South
9601,9602,Home Office,Furniture,4219,565,West
9602,9603,Corporate,Furniture,4388,183,West
9603,9604,Consumer,Office Supplies,977,23,East
9604,9605,Home Office,Furniture,4585,309,West
9605,9606,Consumer,Office Supplies,2644,946,North
9606,9607,Home Office,Technology,2276,82,North
9607,9608,Corporate,Technology,2700,744,West
9608,9609,Corporate,Office Supplies,3207,523,East
9609,9610,Corporate,Technology,3628,731,North
9610,9611,Consumer,Technology,2508,782,East
9611,9612,Home Office,Furniture,4960,611,East
9612,9613,Consumer,Furniture,2073,352,North
9613,9614,Corporate,Furniture,4048,405,East
9614,9615,Consumer,Furniture,1338,855,South
9615,9616,Corporate,Furniture,2434,773,South
9616,9617,Corporate,Office Supplies,867,904,South
9617,9618,Corporate,Office Supplies,2516,342,West
9618,9619,Home Office,Furniture,3645,364,North
9619,9620,Home Office,Technology,2409,568,South
9620,9621,Corporate,Technology,4983,856,East
9621,9622,Consumer,Office Supplies,4306,172,South
9622,9623,Consumer,Office Supplies,4336,125,East
9623,9624,Home Office,Office Supplies,844,412,North
9624,9625,Corporate,Technology,2682,88,South
9625,9626,Consumer,Office Supplies,4274,456,North
9626,9627,Corporate,Technology,1617,892,South
9627,9628,Consumer,Office Supplies,2656,17,East
9628,9629,Home Office,Technology,4261,32,East
9629,9630,Corporate,Office Supplies,4083,790,West
9630,9631,Corporate,Office Supplies,1494,800,West
9631,9632,Consumer,Technology,386,552,West
9632,9633,Consumer,Office Supplies,3347,423,South
9633,9634,Consumer,Furniture,4318,691,North
9634,9635,Corporate,Technology,2702,651,South
9635,9636,Home Office,Office Supplies,103,916,East
9636,9637,Home Office,Technology,511,418,North
9637,9638,Consumer,Office Supplies,4445,678,East
9638,9639,Home Office,Furniture,3827,31,West
9639,9640,Consumer,Office Supplies,2017,647,East
9640,9641,Home Office,Office Supplies,1456,412,South
9641,9642,Corporate,Furniture,257,978,East
9642,9643,Consumer,Technology,1700,690,East
9643,9644,Home Office,Office Supplies,2984,687,East
9644,9645,Corporate,Office Supplies,3589,166,North
9645,9646,Home Office,Furniture,2482,339,East
9646,9647,Corporate,Technology,252,31,East
9647,9648,Corporate,Technology,1729,481,West
9648,9649,Home Office,Furniture,2896,273,West
9649,9650,Home Office,Furniture,2981,312,South
9650,9651,Corporate,Office Supplies,3902,911,West
9651,9652,Corporate,Furniture,2905,784,East
9652,9653,Corporate,Furniture,4180,733,West
9653,9654,Consumer,Furniture,3570,474,North
9654,9655,Corporate,Technology,1155,173,South
9655,9656,Consumer,Furniture,2679,145,West
9656,9657,Corporate,Office Supplies,4248,261,South
9657,9658,Consumer,Office Supplies,2865,214,South
9658,9659,Corporate,Office Supplies,1428,865,South
9659,9660,Corporate,Furniture,4144,311,North
9660,9661,Corporate,Technology,2492,251,East
9661,9662,Home Office,Furniture,3253,841,North
9662,9663,Home Office,Furniture,100,936,South
9663,9664,Corporate,Office Supplies,266,800,West
9664,9665,Consumer,Furniture,3354,70,West
9665,9666,Consumer,Technology,1985,474,North
9666,9667,Corporate,Office Supplies,4468,827,West
9667,9668,Home Office,Technology,999,311,South
9668,9669,Consumer,Technology,2348,481,South
9669,9670,Home Office,Technology,3363,820,East
9670,9671,Consumer,Furniture,3512,403,South
9671,9672,Corporate,Furniture,3677,616,West
9672,9673,Home Office,Furniture,2287,669,East
9673,9674,Consumer,Furniture,1319,921,West
9674,9675,Corporate,Office Supplies,3232,983,North
9675,9676,Corporate,Furniture,459,268,East
9676,9677,Corporate,Office Supplies,2139,551,South
9677,9678,Home Office,Technology,4037,539,East
9678,9679,Home Office,Office Supplies,3254,196,South
9679,9680,Corporate,Furniture,433,975,South
9680,9681,Home Office,Office Supplies,830,221,West
9681,9682,Consumer,Furniture,1597,44,South
9682,9683,Corporate,Furniture,1517,156,South
9683,9684,Corporate,Office Supplies,3863,291,South
9684,9685,Home Office,Office Supplies,1843,556,West
9685,9686,Corporate,Technology,4216,597,South
9686,9687,Consumer,Technology,2073,593,North
9687,9688,Home Office,Technology,978,258,West
9688,9689,Home Office,Technology,4372,66,North
9689,9690,Corporate,Technology,2984,878,East
9690,9691,Corporate,Office Supplies,3107,314,West
9691,9692,Corporate,Technology,2695,531,North
9692,9693,Home Office,Office Supplies,2397,734,West
9693,9694,Corporate,Technology,760,370,South
9694,9695,Consumer,Furniture,3244,246,West
9695,9696,Corporate,Technology,3262,243,East
9696,9697,Corporate,Furniture,4321,934,North
9697,9698,Home Office,Office Supplies,4085,232,West
9698,9699,Corporate,Technology,1369,625,South
9699,9700,Home Office,Office Supplies,4806,336,North
9700,9701,Corporate,Technology,1394,107,North
9701,9702,Consumer,Office Supplies,1109,235,North
9702,9703,Consumer,Technology,2191,743,East
9703,9704,Home Office,Technology,1857,845,South
9704,9705,Home Office,Furniture,2064,498,South
9705,9706,Corporate,Office Supplies,4743,487,North
9706,9707,Corporate,Office Supplies,1291,994,West
9707,9708,Consumer,Office Supplies,1153,343,North
9708,9709,Corporate,Office Supplies,2941,801,South
9709,9710,Consumer,Office Supplies,2504,564,East
9710,9711,Home Office,Furniture,3662,872,East
9711,9712,Corporate,Technology,3804,521,North
9712,9713,Home Office,Furniture,1922,391,East
9713,9714,Corporate,Office Supplies,1371,432,East
9714,9715,Consumer,Office Supplies,1819,357,West
9715,9716,Home Office,Technology,352,162,East
9716,9717,Home Office,Furniture,2868,860,West
9717,9718,Corporate,Technology,1659,461,North
9718,9719,Home Office,Technology,836,299,South
9719,9720,Consumer,Furniture,2028,745,South
9720,9721,Home Office,Technology,2290,994,West
9721,9722,Home Office,Furniture,1102,128,South
9722,9723,Corporate,Furniture,3085,223,North
9723,9724,Home Office,Office Supplies,2022,574,South
9724,9725,Corporate,Technology,3852,741,East
9725,9726,Corporate,Office Supplies,4237,448,North
9726,9727,Home Office,Technology,3802,764,North
9727,9728,Consumer,Technology,3292,574,South
9728,9729,Corporate,Office Supplies,3934,923,South
9729,9730,Home Office,Office Supplies,4538,638,West
9730,9731,Corporate,Office Supplies,4527,912,East
9731,9732,Consumer,Furniture,3627,456,South
9732,9733,Consumer,Technology,440,852,South
9733,9734,Corporate,Furniture,2488,51,West
9734,9735,Consumer,Technology,3587,404,South
9735,9736,Home Office,Technology,1800,256,East
9736,9737,Home Office,Furniture,1333,914,East
9737,9738,Corporate,Furniture,2670,300,North
9738,9739,Consumer,Technology,2398,257,North
9739,9740,Home Office,Office Supplies,237,622,East
9740,9741,Home Office,Office Supplies,2898,608,West
9741,9742,Home Office,Office Supplies,3030,874,North
9742,9743,Corporate,Office Supplies,4020,458,East
9743,9744,Corporate,Technology,4282,93,East
9744,9745,Home Office,Office Supplies,1933,782,North
9745,9746,Home Office,Office Supplies,2239,230,East
9746,9747,Consumer,Office Supplies,307,675,East
9747,9748,Consumer,Technology,2333,60,East
9748,9749,Consumer,Furniture,1950,559,East
9749,9750,Corporate,Office Supplies,1787,780,North
9750,9751,Home Office,Technology,2303,990,West
9751,9752,Corporate,Technology,2308,196,East
9752,9753,Home Office,Office Supplies,950,534,South
9753,9754,Consumer,Furniture,2303,232,West
9754,9755,Consumer,Furniture,3790,474,South
9755,9756,Consumer,Furniture,3455,428,South
9756,9757,Consumer,Technology,2709,96,East
9757,9758,Home Office,Office Supplies,323,268,North
9758,9759,Consumer,Office Supplies,3874,190,South
9759,9760,Home Office,Technology,1511,320,South
9760,9761,Home Office,Office Supplies,4492,182,South
9761,9762,Corporate,Office Supplies,422,331,East
9762,9763,Consumer,Furniture,1611,716,East
9763,9764,Consumer,Office Supplies,2186,349,North
9764,9765,Corporate,Office Supplies,4700,505,East
9765,9766,Home Office,Technology,2387,254,West
9766,9767,Consumer,Technology,786,949,North
9767,9768,Home Office,Furniture,2117,514,East
9768,9769,Corporate,Technology,1568,338,East
9769,9770,Home Office,Furniture,4023,889,South
9770,9771,Consumer,Furniture,4935,205,East
9771,9772,Home Office,Office Supplies,1096,71,South
9772,9773,Home Office,Furniture,2634,34,East
9773,9774,Consumer,Office Supplies,2912,573,East
9774,9775,Consumer,Furniture,722,571,East
9775,9776,Home Office,Technology,3924,387,East
9776,9777,Home Office,Technology,2883,906,East
9777,9778,Corporate,Technology,4493,304,North
9778,9779,Consumer,Furniture,1175,61,East
9779,9780,Home Office,Furniture,403,853,East
9780,9781,Consumer,Office Supplies,763,49,South
9781,9782,Corporate,Office Supplies,3046,753,West
9782,9783,Home Office,Office Supplies,4094,581,West
9783,9784,Home Office,Office Supplies,2092,737,North
9784,9785,Home Office,Furniture,3595,466,East
9785,9786,Consumer,Furniture,2794,887,West
9786,9787,Corporate,Office Supplies,4404,861,South
9787,9788,Consumer,Furniture,3298,718,South
9788,9789,Home Office,Furniture,618,797,North
9789,9790,Corporate,Furniture,4533,862,South
9790,9791,Home Office,Furniture,1969,11,West
9791,9792,Home Office,Office Supplies,3910,478,West
9792,9793,Consumer,Office Supplies,1012,115,West
9793,9794,Home Office,Furniture,4034,225,East
9794,9795,Corporate,Technology,3288,786,South
9795,9796,Home Office,Office Supplies,1415,688,South
9796,9797,Home Office,Office Supplies,3328,768,East
9797,9798,Consumer,Technology,671,423,West
9798,9799,Corporate,Office Supplies,3355,959,South
9799,9800,Consumer,Technology,2571,219,West
9800,9801,Home Office,Technology,197,67,East
9801,9802,Consumer,Furniture,4133,949,West
9802,9803,Consumer,Office Supplies,1739,52,North
9803,9804,Consumer,Technology,4942,147,East
9804,9805,Consumer,Furniture,4127,630,West
9805,9806,Home Office,Office Supplies,360,498,East
9806,9807,Home Office,Furniture,1035,569,South
9807,9808,Corporate,Furniture,1897,647,North
9808,9809,Consumer,Technology,431,478,East
9809,9810,Consumer,Office Supplies,4310,735,West
9810,9811,Corporate,Furniture,367,922,South
9811,9812,Consumer,Technology,2159,649,West
9812,9813,Corporate,Technology,172,398,West
9813,9814,Home Office,Furniture,3021,207,East
9814,9815,Corporate,Furniture,2553,211,East
9815,9816,Consumer,Technology,3988,201,West
9816,9817,Corporate,Furniture,277,116,East
9817,9818,Home Office,Furniture,2099,715,West
9818,9819,Consumer,Office Supplies,871,336,East
9819,9820,Home Office,Technology,1045,759,North
9820,9821,Home Office,Furniture,4595,653,East
9821,9822,Corporate,Technology,369,366,West
9822,9823,Home Office,Office Supplies,1955,604,South
9823,9824,Consumer,Technology,1755,510,East
9824,9825,Home Office,Technology,3852,293,North
9825,9826,Home Office,Technology,2633,477,North
9826,9827,Corporate,Office Supplies,4254,517,North
9827,9828,Home Office,Office Supplies,2789,743,North
9828,9829,Corporate,Technology,4461,115,West
9829,9830,Corporate,Technology,2222,303,North
9830,9831,Consumer,Office Supplies,3261,75,South
9831,9832,Consumer,Furniture,604,204,East
9832,9833,Consumer,Office Supplies,2504,197,North
9833,9834,Consumer,Technology,2301,56,East
9834,9835,Corporate,Furniture,3389,371,West
9835,9836,Home Office,Furniture,4681,880,East
9836,9837,Consumer,Furniture,1253,546,West
9837,9838,Consumer,Office Supplies,4261,587,West
9838,9839,Consumer,Office Supplies,2527,496,East
9839,9840,Home Office,Office Supplies,1436,856,North
9840,9841,Consumer,Office Supplies,506,588,South
9841,9842,Home Office,Technology,3578,718,East
9842,9843,Corporate,Furniture,4144,255,South
9843,9844,Corporate,Technology,376,817,East
9844,9845,Corporate,Office Supplies,3580,621,South
9845,9846,Home Office,Office Supplies,2461,187,East
9846,9847,Consumer,Technology,2696,124,South
9847,9848,Consumer,Furniture,2068,689,South
9848,9849,Consumer,Furniture,560,640,East
9849,9850,Consumer,Office Supplies,2546,174,East
9850,9851,Consumer,Office Supplies,3839,228,West
9851,9852,Home Office,Office Supplies,1682,206,South
9852,9853,Corporate,Office Supplies,3617,410,East
9853,9854,Consumer,Furniture,4902,839,North
9854,9855,Corporate,Technology,4298,758,North
9855,9856,Home Office,Furniture,2475,690,West
9856,9857,Home Office,Technology,2839,85,North
9857,9858,Consumer,Office Supplies,1071,435,East
9858,9859,Home Office,Office Supplies,1425,296,South
9859,9860,Corporate,Technology,252,554,East
9860,9861,Consumer,Office Supplies,3708,308,North
9861,9862,Consumer,Furniture,4060,870,North
9862,9863,Corporate,Office Supplies,3206,751,East
9863,9864,Consumer,Office Supplies,3186,716,West
9864,9865,Consumer,Office Supplies,829,303,East
9865,9866,Corporate,Office Supplies,4067,818,West
9866,9867,Consumer,Furniture,4269,895,North
9867,9868,Consumer,Technology,4102,456,South
9868,9869,Corporate,Office Supplies,2432,945,South
9869,9870,Home Office,Office Supplies,1673,423,East
9870,9871,Corporate,Furniture,3368,440,West
9871,9872,Consumer,Furniture,4475,799,North
9872,9873,Corporate,Furniture,4982,239,South
9873,9874,Consumer,Office Supplies,785,105,East
9874,9875,Consumer,Technology,3988,904,East
9875,9876,Corporate,Furniture,1679,448,North
9876,9877,Consumer,Furniture,1068,180,North
9877,9878,Home Office,Furniture,3837,326,East
9878,9879,Consumer,Technology,2133,851,East
9879,9880,Corporate,Office Supplies,867,553,East
9880,9881,Home Office,Office Supplies,745,500,West
9881,9882,Home Office,Office Supplies,4221,397,North
9882,9883,Consumer,Furniture,1179,998,East
9883,9884,Corporate,Office Supplies,736,566,North
9884,9885,Consumer,Furniture,4425,81,East
9885,9886,Consumer,Technology,2200,541,East
9886,9887,Corporate,Technology,200,248,East
9887,9888,Corporate,Office Supplies,4017,720,North
9888,9889,Consumer,Furniture,4999,586,East
9889,9890,Home Office,Furniture,968,709,East
9890,9891,Consumer,Office Supplies,4197,98,North
9891,9892,Home Office,Technology,121,931,East
9892,9893,Consumer,Technology,2725,722,South
9893,9894,Corporate,Technology,2003,544,South
9894,9895,Home Office,Technology,2676,817,East
9895,9896,Corporate,Technology,4209,651,West
9896,9897,Corporate,Office Supplies,4714,163,North
9897,9898,Corporate,Office Supplies,3393,599,East
9898,9899,Corporate,Office Supplies,2035,199,North
9899,9900,Corporate,Technology,715,821,West
9900,9901,Consumer,Technology,2550,424,West
9901,9902,Home Office,Office Supplies,3684,163,North
9902,9903,Consumer,Office Supplies,386,634,West
9903,9904,Consumer,Technology,3418,348,West
9904,9905,Consumer,Furniture,2023,638,North
9905,9906,Corporate,Office Supplies,2873,526,West
9906,9907,Consumer,Technology,2190,898,South
9907,9908,Home Office,Technology,2901,847,East
9908,9909,Consumer,Office Supplies,1092,44,South
9909,9910,Corporate,Furniture,1684,793,South
9910,9911,Home Office,Technology,2003,680,East
9911,9912,Home Office,Office Supplies,975,731,South
9912,9913,Home Office,Technology,4929,535,East
9913,9914,Home Office,Technology,1985,546,East
9914,9915,Consumer,Technology,243,856,North
9915,9916,Corporate,Technology,2356,227,East
9916,9917,Home Office,Furniture,1222,263,East
9917,9918,Home Office,Office Supplies,799,212,West
9918,9919,Corporate,Office Supplies,4309,110,West
9919,9920,Consumer,Office Supplies,370,370,South
9920,9921,Home Office,Office Supplies,162,750,East
9921,9922,Consumer,Office Supplies,1107,720,East
9922,9923,Consumer,Furniture,2943,923,North
9923,9924,Consumer,Technology,2372,187,East
9924,9925,Consumer,Technology,2082,285,North
9925,9926,Home Office,Office Supplies,2528,321,East
9926,9927,Home Office,Technology,3824,651,West
9927,9928,Consumer,Technology,4513,419,West
9928,9929,Consumer,Technology,2855,800,West
9929,9930,Corporate,Office Supplies,3834,297,South
9930,9931,Corporate,Office Supplies,1392,662,East
9931,9932,Corporate,Furniture,4609,534,West
9932,9933,Home Office,Office Supplies,4420,410,North
9933,9934,Corporate,Furniture,1277,226,West
9934,9935,Home Office,Office Supplies,4816,707,East
9935,9936,Home Office,Technology,2720,479,West
9936,9937,Home Office,Furniture,2636,36,East
9937,9938,Home Office,Furniture,2068,922,East
9938,9939,Corporate,Furniture,1295,739,West
9939,9940,Consumer,Office Supplies,2931,431,North
9940,9941,Consumer,Furniture,607,23,South
9941,9942,Consumer,Office Supplies,504,510,East
9942,9943,Corporate,Furniture,1394,663,South
9943,9944,Consumer,Office Supplies,3725,917,West
9944,9945,Corporate,Furniture,2919,334,East
9945,9946,Corporate,Technology,4859,333,East
9946,9947,Corporate,Technology,3737,576,West
9947,9948,Consumer,Furniture,1973,712,South
9948,9949,Consumer,Office Supplies,1506,294,North
9949,9950,Consumer,Office Supplies,3683,98,West
9950,9951,Home Office,Office Supplies,1677,54,West
9951,9952,Corporate,Technology,4476,653,North
9952,9953,Home Office,Technology,3527,507,North
9953,9954,Corporate,Technology,736,921,North
9954,9955,Consumer,Office Supplies,907,507,North
9955,9956,Corporate,Office Supplies,2495,587,West
9956,9957,Corporate,Office Supplies,4624,800,North
9957,9958,Home Office,Furniture,1515,845,South
9958,9959,Corporate,Furniture,2549,669,North
9959,9960,Consumer,Furniture,4860,154,East
9960,9961,Corporate,Technology,4945,957,East
9961,9962,Corporate,Technology,3596,527,North
9962,9963,Corporate,Office Supplies,3688,91,West
9963,9964,Home Office,Furniture,4129,989,West
9964,9965,Corporate,Office Supplies,4832,644,South
9965,9966,Corporate,Furniture,614,176,West
9966,9967,Home Office,Furniture,3394,758,South
9967,9968,Home Office,Office Supplies,3008,114,South
9968,9969,Home Office,Office Supplies,2598,811,South
9969,9970,Home Office,Furniture,1466,497,North
9970,9971,Consumer,Furniture,440,759,West
9971,9972,Consumer,Technology,4072,319,East
9972,9973,Corporate,Office Supplies,1660,993,South
9973,9974,Consumer,Office Supplies,2568,91,East
9974,9975,Corporate,Office Supplies,2528,103,South
9975,9976,Consumer,Office Supplies,3788,330,West
9976,9977,Home Office,Furniture,2795,352,North
9977,9978,Home Office,Technology,2127,806,South
9978,9979,Consumer,Office Supplies,3852,818,South
9979,9980,Consumer,Furniture,415,370,East
9980,9981,Corporate,Furniture,4089,840,North
9981,9982,Corporate,Furniture,1201,937,West
9982,9983,Corporate,Furniture,630,75,South
9983,9984,Home Office,Furniture,2502,633,West
9984,9985,Home Office,Office Supplies,1959,877,North
9985,9986,Home Office,Office Supplies,4857,438,East
9986,9987,Home Office,Technology,1319,410,North
9987,9988,Corporate,Office Supplies,4322,180,North
9988,9989,Home Office,Furniture,4544,768,North
9989,9990,Home Office,Technology,1866,587,North
9990,9991,Home Office,Furniture,1167,77,West
9991,9992,Home Office,Furniture,827,501,West
9992,9993,Consumer,Office Supplies,343,43,East
9993,9994,Corporate,Furniture,1885,10,South
9994,9995,Corporate,Office Supplies,811,160,South
9995,9996,Home Office,Furniture,2993,911,North
9996,9997,Consumer,Technology,3250,793,North
9997,9998,Corporate,Furniture,4281,267,West
9998,9999,Corporate,Office Supplies,1608,759,South
9999,10000,Home Office,Furniture,370,637,East
